"kappa","beta","tau","psi"
0.471839391831091,0.470813428577613,1.07639131944824,0.565821018375315
0.771252680385457,0.781418203788119,0.482199349747456,0.760331456385322
0.440561098524984,0.3563088931833,1.16698954847688,0.487262801455451
0.330043969937422,0.351522942816246,1.22601953501452,0.158318809182272
0.412243080689434,0.290093364015966,1.14259945113974,0.45082478272034
0.590111103099092,0.410415803507968,0.82633601615223,0.683058751587651
0.818520161147043,0.724487302192767,0.404700040642094,0.923522666135645
0.440273837382,0.258401605448656,1.15415534731832,0.284109551643407
0.43059444584571,0.458739523942254,1.13881110830858,0.417551816726664
0.467775158683247,0.399793728728068,1.219859336298,0.606885231450179
0.592177108349446,0.353126984339232,0.788729472452171,1.15796599775311
0.835231658519084,0.696543646973644,0.310753092033008,0.565196423492938
0.5729951032049,0.637682955794903,0.858279842558151,0.57605420155013
0.416260211721845,0.463216718389663,1.1651446174032,0.462004661581748
0.264784845730954,0.26258987046906,1.44837385391002,0.104962981205944
0.482187594969507,0.418784245892819,1.09672667385459,0.31862399420829
0.521492244262472,0.442971809588629,0.990511054376684,0.478365326966675
0.413624554174422,0.665733829509323,1.14577762114318,0.479373906548497
0.434354029068319,0.400918903551457,1.142604861282,0.337882082762315
0.240534654025846,0.38890179439955,1.65563445422366,0.380614158986763
0.540657925199941,0.551694215099684,0.972886514426524,0.474801951670198
0.203188673122559,0.0420025910297024,1.47250733206951,0.314410799558991
0.595806491964743,0.629410429790109,0.823746369375855,0.805440937395596
0.701327448938743,0.78408381587116,0.599137137428882,0.3560054300367
0.392448638676863,0.499599851500261,1.25277090704831,0.515173477029838
0.421655377955027,0.487289755194659,1.15321917635768,0.295809877612096
0.365951458157815,0.156644482171577,1.37588533579754,0.238587829428015
0.592024847902174,0.525673248925408,0.772704938073283,0.360329370759256
0.485243057252537,0.324400843056892,1.07172395480022,0.341389449050453
0.354054747681261,0.172144333628681,1.32677154826269,0.496285103263701
0.380108592337055,0.158387419328699,1.2497010778485,0.305639263625172
0.738304429545745,0.691619668779166,0.530718616881228,1.33434360718002
0.754274180637106,0.796521179053802,0.458032927292434,0.805616912193729
0.591115544397935,0.700117018766224,0.844755285273867,0.433937566768098
0.710187478669256,0.732751321875018,0.571510292064226,0.941851995607454
0.827934163540132,0.709413553389131,0.356864544817767,1.32257598957657
0.40719479578276,0.311897631192188,1.1346291608718,0.428940937149094
0.493902911751023,0.42499285513569,0.912999147201154,0.371306344147332
0.516353774636346,0.43599610172372,0.970194328079491,0.511115887612036
0.298693561136829,0.291715470817505,1.46993829585721,0.0919501458376875
0.832745420716301,0.701054522906728,0.320794283066135,1.43055555420734
0.280563891396898,0.0569525742218736,1.34678439530501,0.126539479250022
0.630130967341445,0.638647663893432,0.721244613684181,0.539904057300559
0.440708245653656,0.378658532641106,0.975404819580025,0.292534308191457
0.779055874697672,0.77369844103534,0.414049290816563,1.46778193221634
0.468596345432429,0.29621772258792,1.1372038207746,0.64629084091106
0.429136007988453,0.321658242214622,1.16113735975149,0.567540518898679
0.527832660261713,0.514884967022899,0.957555364989247,0.233556179539705
0.402362432058323,0.373050687723875,1.21679008832926,0.538882429550797
0.38728908446527,0.285787807850258,1.27688954797438,0.350834658235849
0.430923598289979,0.411159872615465,1.07441624642852,0.541156538590531
0.749486659989113,0.800409830479179,0.4970184665816,0.49143832537142
0.570527166579226,0.503670232721337,0.865817232176281,0.443382035341454
0.728990263662073,0.815504783423522,0.522506771659524,0.961929564767999
0.37550974790481,0.283116124944343,1.24148662116524,0.379937893709569
0.518577493043815,0.415452720007204,1.00232165948278,0.249870755835614
0.364162504664303,0.397897998331693,1.34161711515832,0.440860072479872
0.715601997860478,0.599006999992876,0.540925000069371,1.29963277551429
0.384167803921607,0.375927948490305,1.21318942627443,0.528438529702463
0.758043131338272,0.7933515990823,0.461653705406577,1.26819650732934
0.521170134243934,0.370698520885548,0.965321009364229,0.414957108859775
0.421314596947882,0.399019942860309,1.11339071547227,0.293142306257753
0.332762861018078,0.223500292322458,1.36516718635701,0.382180444427957
0.389318637520921,0.287552828248307,1.34838444835381,0.393360021897452
0.453937422530515,0.336158040517794,1.02550552048769,0.38717247739507
0.681076414411485,0.672793161483975,0.617436061699365,0.73650862204368
0.811999702738164,0.734042973717415,0.392168620088191,1.01068071451472
0.796980819278274,0.752950135776435,0.364216410214776,1.11342921289706
0.797362900118964,0.753253476143539,0.38541576397373,0.904801120890279
0.489161363998163,0.462845134320746,0.980810181123527,0.28303131609888
0.642970412487453,0.606578147047906,0.704062346574742,0.698635613031299
0.574375877831708,0.527415173141734,0.921901848616521,0.672536948504954
0.642363917184513,0.458294806889795,0.707404171809033,0.896025719069437
0.566253503805742,0.382720616732465,0.956844770604532,0.744292434035811
0.790137640508746,0.722152856258627,0.422243067296403,1.20488991563264
0.817406375814118,0.726167875669637,0.386002921528955,0.410217311354387
0.560409493440357,0.593957899690742,0.915227434657177,0.424455191759789
0.38832892746417,0.424433614693859,1.22456548721673,0.25614980695746
0.800163200537939,0.749795832726531,0.416859563677858,1.00293711903923
0.540530058961402,0.60222610661412,0.831640593279862,0.405625882287919
0.696049961272348,0.70567319147083,0.593310475596377,0.625877887992968
0.424154740199551,0.354863145226206,1.24612914220817,0.487587379460454
0.816155760190195,0.678473543350235,0.379454510967437,1.06936484919577
0.650115063360599,0.577159571061059,0.708866881631426,0.819202085257735
0.482414336965913,0.564693384424426,0.988588616395106,0.321081322601094
0.600702208602692,0.329996752378387,0.738700914085019,0.543988112624437
0.532992105900529,0.424560893388409,0.903193267188377,0.405590249463983
0.798238007095466,0.752183256716451,0.390207694277368,0.666110494784913
0.45421179439931,0.442072364674414,1.14397207893905,0.46037106360041
0.447270345681749,0.327831859362555,1.01260072671104,0.367992133944717
0.511762837777829,0.389365136898437,0.996003810933228,0.589270867031235
0.408599326714233,0.273292776739891,1.26204903679183,0.40047679442962
0.720054703800589,0.821393676983292,0.561010373583619,0.842908305088925
0.484270681023177,0.498446571645988,1.02526988612592,0.615114012708762
0.58332973316705,0.545463454390541,0.811673679790587,0.853574796840489
0.75979844204777,0.791841483351479,0.521717783872244,0.939632226654693
0.78130917110972,0.770556431078146,0.434319986176096,1.32639789360321
0.593553580802616,0.545495605883078,0.743796947131212,0.560940985014611
0.792355175342905,0.759204208038557,0.435638842130585,0.922118973236964
0.471904107146211,0.542004015311569,1.170260498564,0.633980139682605
0.503511970429095,0.559879990911681,0.972123561899833,0.635338166064478
0.396191762800734,0.296387776090911,1.10979953997225,0.492989510146097
0.381564890726442,0.182715792323474,1.22697525679874,0.257359147344475
0.435923864135722,0.339323133070114,1.13604933763066,0.875070945835416
0.290264690751147,0.362516133624859,1.50605832622607,0.338309142976041
0.411549920479223,0.325293900636032,1.20514576285855,0.422554126638298
0.81993858095972,0.722316972361442,0.364084189299446,1.63069496630653
0.421601788036669,0.428844503467112,1.03880318868614,0.33688747830975
0.557566964137774,0.629926754555267,0.942382366386542,0.569404665974051
0.625511331182631,0.459190355684662,0.719767221466984,0.565343391496154
0.436748131593588,0.491115059715205,1.1332627592337,0.546195343987953
0.33841629672847,0.158311485480257,1.40255745093564,0.603371498650054
0.44802599432879,0.537808453990245,1.1867441121931,0.300202622557418
0.472125393919462,0.409560019713074,1.07475269797997,0.343441393895585
0.704140150922715,0.643735468022703,0.622489122458608,1.06410628293653
0.744374726325075,0.705303983199404,0.506138041876352,0.760374922950112
0.677177782043078,0.565240719367727,0.690839546427814,0.902286801584758
0.564375620837377,0.445452297184177,0.873862504600221,0.473321676448131
0.463103583568392,0.331548027562465,1.15647488099368,0.393898824261399
0.359888518056488,0.298287582892669,1.22133270754822,0.495573006068497
0.549238332278911,0.505999747507067,0.937584268859864,0.351211080139016
0.368141400239855,0.360946127778916,1.27761808871501,0.259693266833946
0.359544649015199,0.398485104603203,1.28347252337354,0.319479299397195
0.460220085646879,0.44732438662089,0.9683651663495,0.478300745229088
0.398236362565222,0.309080945189063,1.24444720221512,0.375178314444271
0.214895286647424,0.0275140143386972,1.5560775418648,0.147488251818051
0.498281600518093,0.52789659740474,0.962295890206298,0.512226711011381
0.595817197981518,0.596020082754666,0.869801389943772,0.603617510605605
0.562013678603702,0.621113288245519,0.783995515299374,0.40431845814345
0.483282953788528,0.414044311732548,1.19258294265608,0.419898359749705
0.776842047104727,0.775943454619048,0.386509574414613,1.01195716944691
0.568586601853829,0.518162562118246,0.860238315903466,0.732872662885236
0.513326747482235,0.543485000952211,1.01325371174199,0.602038225689837
0.663498078514131,0.636021620081643,0.645410685409897,0.793965201135769
0.112312006895269,0.00261435729866544,1.43805454882966,0.191850017116032
0.351532353236644,0.283823404027771,1.16724176417404,0.321339419687597
0.428717938182774,0.360706910837945,1.15513232899443,0.428057041917827
0.79630284912661,0.754537558401698,0.397209444203111,0.814497800059094
0.396834686471735,0.222492526185161,1.11464949940023,0.365574394471323
0.363264715173703,0.340902007238481,1.50524221332937,0.348164896369849
0.34088782369046,0.299028748413766,1.42236407647599,0.103908176754019
0.412325959276873,0.362844311649959,1.15184111981733,0.454977568499921
0.373038582001765,0.347292204575624,1.17492569732869,0.278163536311128
0.566392061320071,0.491406211745028,0.807377981822028,0.713704912095723
0.483927280354858,0.440340636321615,1.14052071041576,0.474551227698565
0.584874485496909,0.416585259545984,0.859309815021398,0.709836238289873
0.489849417639071,0.428169095307256,1.10702676372322,0.719007613496476
0.714368662506698,0.745130084014369,0.547269642637166,1.05561038970507
0.297784527857659,0.39959459650122,1.25275240230194,0.437236094365427
0.537185582302076,0.477596774226343,0.870091105272096,0.57651506277833
0.363637208590074,0.389285158534626,1.22563473625552,0.0775860846707979
0.350021832992285,0.30202044198962,1.36235423804817,0.359908543349184
0.526641104241413,0.452833814829471,0.835005092118148,0.340327755273827
0.45468712738901,0.46958544760488,1.19750706825373,0.384830033912383
0.527730198679793,0.291797554427031,0.930371508600808,0.598484879995247
0.798632705248179,0.75169751343373,0.41803850390478,0.953723849797896
0.587941355313896,0.564596060128139,0.859554332815212,0.536706866619091
0.38266601180712,0.191476855201162,1.31245205889806,0.447046039788201
0.781304937662229,0.771371152757094,0.46800743340283,1.03347618992356
0.401861777829729,0.416923194983711,1.23575356700378,0.482489275228178
0.361310578636079,0.184344832627701,1.33358351180787,0.356823143754176
0.49344875744444,0.389313213747958,0.985748718013119,0.51011693325799
0.554738323393478,0.50981317578982,0.931487427460845,0.683053149020191
0.409982310831405,0.397845244275272,1.18475551985054,0.471737874386855
0.796280107747908,0.754564959527232,0.442072166187039,0.670075952917403
0.496390522529804,0.364562970875015,1.0323994288139,0.505810193134232
0.426988179156181,0.396784434413764,1.13227135798739,0.386467649180431
0.431513888866874,0.469608892654422,1.16539652782291,0.272692921491841
0.594240552390813,0.593043002607431,0.789607885047478,0.847727244470523
0.475348539406493,0.347710836964204,1.03566198321158,0.730735855587281
0.465553168377956,0.346656465610857,1.08920264284573,0.490397196232382
0.625668346253839,0.425199027554195,0.682032273125505,0.747285646150114
0.370038746290383,0.339662925303909,1.2775614225231,0.218096938654134
0.754184003821901,0.796595824611129,0.536862135652968,1.05022401156192
0.792011580036438,0.759602000876974,0.396009951610622,1.13359141238382
0.511685607844335,0.455795892955792,1.02155370838965,0.443073733985688
0.396313642269439,0.501929896355375,1.28585194196609,0.208060047057854
0.391353944625066,0.434980527245963,1.29398151372711,0.49660893288579
0.424254724393653,0.624145350601443,1.18603526774908,0.34599374187163
0.375469604916674,0.457919292703952,1.31526101204549,0.199371964839036
0.385433134914457,0.329804686097798,1.12957389802723,0.43904546670979
0.614899598946912,0.53931771300424,0.818723452638865,0.706347205117839
0.692820772745607,0.662166508232946,0.590398474782943,0.713916378918023
0.788879593050534,0.763168323126774,0.444197336221677,0.706609593617316
0.42102705573126,0.376787713202276,1.13015518721258,0.449178515256396
0.741538731139997,0.614012835833667,0.537599439228807,0.522863130364229
0.765947312182105,0.786372886950555,0.457338951996168,1.03443355976483
0.280337403129275,0.0859663431899298,1.60340826582797,0.149180782525686
0.772643479668474,0.780081081786916,0.475175127492889,0.670423987339016
0.493259845901237,0.442235954116542,1.03374991436148,0.773527717250364
0.460484799504168,0.46653868847998,0.964653178486547,0.354087378062345
0.812418779081354,0.733448797512173,0.417930960206744,0.764883311161186
0.416684077552453,0.336035426413762,1.10713362080544,0.404242903330719
0.590351990635011,0.495662380048287,0.707052464163971,0.52189240516799
0.537324611586681,0.407447221965014,0.913321216727891,0.44025955486827
0.582215617110825,0.60470098232138,0.96675306200555,0.774640912342224
0.496455868467451,0.423301052068017,1.09772620674096,0.479436460031128
0.451856486999262,0.428539280432492,1.08642044276746,0.291251869510815
0.458905749170712,0.313560137943038,1.07028442814033,0.330932799394808
0.226401796292207,0.0873974434876682,1.46674219422997,0.261697604773771
0.457973219979015,0.443555133999666,1.10248247056268,0.702479590911635
0.393990565945647,0.266725216824437,1.25686356622873,0.275054633807329
0.794041993442073,0.75723206475133,0.420566249391287,0.94243158705064
0.440807963562791,0.490614548228826,1.1016083117813,0.408157878472026
0.428123609652945,0.405535573766084,1.19636540860604,0.315339548026121
0.557988924097709,0.5824751446834,0.846893221428789,0.318469562240696
0.359224143404102,0.430783748408619,1.25463912721477,0.00160608566932385
0.696750008619499,0.578272664474219,0.672608480881951,0.903185528264461
0.50912401152423,0.527448218101652,0.955244673573849,0.306077116021462
0.41783089929351,0.307967180260468,1.22488378788645,0.406429859944832
0.537117636951995,0.536620758402024,0.848000489103946,0.573071221206882
0.734751499662349,0.811497520489835,0.517234575658419,1.01236483498414
0.688805753554501,0.605946495814575,0.611807888511851,0.594030559359048
0.393644187508553,0.419511201465513,1.12539638798413,0.528469414018352
0.249384317791062,0.317439945222163,1.59881140310504,0.313571788865071
0.289170485111354,0.289195383810454,1.43587562007507,0.512593784455633
0.336386683361057,0.463429905422411,1.31528159357838,0.403866013890977
0.786675486865875,0.765615309439083,0.379717633378742,1.64187420528671
0.739376152572626,0.649271041472909,0.493100319332592,0.897796406330793
0.559845582292038,0.312824581663948,0.931366747870048,0.794007169675401
0.33329859982721,0.314349377412054,1.2987343275366,0.469209401601406
0.649754092416861,0.696673675928612,0.71520214328477,0.829424820983923
0.537767647006991,0.6067531474916,0.922615776574045,0.359660173088519
0.666076190571185,0.706690073285753,0.623769676013026,1.02165985247839
0.401987653516513,0.301366608501396,1.02020906310083,0.3342912074238
0.307430406938304,0.121181158559021,1.46132184136018,0.146530365281396
0.471106897604127,0.334702158447564,1.02076368762404,0.563222895514639
0.475288410360426,0.480712249792744,1.0368301011278,0.263014104986579
0.408615050125458,0.115402842302089,1.0916966174684,0.502431181702458
0.498412023861894,0.418357774690132,0.986121961087515,0.680611925795056
0.432297778242813,0.433130940369636,1.17514359903738,0.671606896588479
0.334251899714959,0.047069791863848,1.41804345360714,0.414539074866457
0.521422355753546,0.551169410073919,0.962898220223866,0.378682374232943
0.387949334089982,0.361834407235667,1.19717110251999,0.678710880234562
0.611194549344429,0.572978047549174,0.73484230173903,0.784101393105923
0.27268076319767,0.249500525203689,1.53900750507373,0.278778368381148
0.707479555442405,0.683166000675862,0.590891298006341,1.2935504115225
0.416189764815508,0.328543290771148,1.23417483718002,0.285509271267116
0.450791426818985,0.243823583139253,1.07864563772751,0.365268865181278
0.372350547191241,0.29775704285582,1.21889523735461,0.565631766557724
0.617414015648414,0.596781158273342,0.749868529329109,0.696087226050883
0.801374781894861,0.748269628212398,0.406387196243114,0.873221122106139
0.451179431783154,0.335218849550258,1.11191047120733,0.36598890864095
0.625381460402483,0.458566706950589,0.746240130878254,0.735369927361435
0.730959109937833,0.777507915355655,0.539696025464707,0.701628960935338
0.595115592997939,0.447347843674205,0.787095287212007,1.10952052759679
0.590184738361784,0.552883742682002,0.786845302345375,0.730297599165063
0.400980044692308,0.343245149895741,1.19564383079415,0.501423832981985
0.419562772882584,0.584992840681309,1.12256559724508,0.70264698821475
0.784215967567769,0.651922246111796,0.428547088410411,1.46854036981875
0.289309384050919,0.0794322748089585,1.20817404711344,0.200629920705407
0.490426570266989,0.48029561695984,1.07112334929879,0.614538706229783
0.451603185083241,0.304584730311703,1.1976986437782,0.489446224411082
0.657206200516113,0.623019815885711,0.774028399234618,0.683400287309227
0.783083997143679,0.769496029146736,0.483288854363884,0.914485765043009
0.531865802260323,0.550204541428543,0.869793339400319,0.231574337520165
0.571436187492394,0.611295379242143,0.824556775264635,0.592224772037986
0.437560860168086,0.455848000114165,1.07538363535862,0.450263528273662
0.566194899142384,0.528483507288617,0.87541869353067,0.559528523887312
0.329458917347386,0.477022140124104,1.53419799710918,0.36132505284754
0.460303574190687,0.420362551155203,1.01570867337313,0.276286869498442
0.823627019864293,0.716509864710976,0.388373302258828,1.00542221406564
0.769287818024694,0.783279757610061,0.408360562096292,1.0742984020962
0.362245746033066,0.176802126079793,1.20408003148957,0.214406182328514
0.410626950481346,0.434472250146818,1.09741261820373,0.360106044325587
0.253101515236724,0.172304612455683,1.58939997557625,0.20139666445161
0.795387015992378,0.75563623079688,0.426413458671883,1.24161986821559
0.823200854395897,0.717193203456072,0.349355111713708,0.559249316857155
0.413860389251375,0.418057875760681,1.11014842275789,0.196931352202077
0.760097410964952,0.791582074203061,0.446218815605189,1.14316901328237
0.440944551328284,0.39541885769424,1.16059911144248,0.231738574546325
0.408232418344872,0.502781340945387,1.14092789743109,0.404727457863792
0.449888428669099,0.334294677222666,1.10462403523245,0.302876895052143
0.79864847178992,0.751678070464742,0.410757117548563,1.19324740742717
0.374112945501715,0.437198503757173,1.21797620805366,0.379840167815959
0.647139212998516,0.575281126224018,0.792525327605332,0.854478443686169
0.327606017066455,0.439638604638005,1.38378681687724,0.264050188782127
0.548275076890512,0.459946888566197,0.829366958829019,0.626590950582558
0.467896311612009,0.53217467778484,1.10890408660057,0.297241349799833
0.386621679868788,0.301035055718415,1.05869098054647,0.475083811795747
0.809435426128098,0.737621746875103,0.392944151323862,1.5138043348087
0.59541189587318,0.4971946576498,0.834260670709503,0.771896949266448
0.495282660088028,0.381311318128226,1.05687810977567,0.524147761730504
0.344935628985781,0.510763007717391,1.37563517912986,0.41382993238098
0.273362471843659,0.277562637654684,1.35735890259604,0.246200173978653
0.637000740395417,0.68219075186255,0.615646744289373,0.513501655873523
0.426201496275456,0.534808501475021,1.22678120096307,0.512835546642284
0.644412442677912,0.647447971146643,0.699796312809869,0.604510017236365
0.825597605559502,0.713306688475204,0.313226700415135,1.15796750505494
0.350709040712074,0.161736740129505,1.45311316688638,0.323198301890235
0.525263597456795,0.450361181914325,0.995996972535643,0.552949702154894
0.374270100267841,0.352972642760074,1.14884009590824,0.301263210520254
0.459129049259365,0.503157497492789,1.09688628810201,0.482504785020034
0.578064988462919,0.507176349540877,0.905472534758576,0.787820521538972
0.532699206408028,0.610125542613887,0.924320969724921,0.36396180669025
0.49729954567205,0.257361682596147,1.05768175590601,0.548791857368022
0.502112980231659,0.499667137742188,0.967892366429655,0.626510064576301
0.442513996562108,0.533744866062321,1.05476351850449,0.354354286508421
0.424437673946943,0.365465751504528,1.22249438053669,0.424530407782694
0.817383736943813,0.726201822536385,0.391894500518577,1.80900841658792
0.47589088732935,0.436516684764262,1.15304004787543,0.556916490534459
0.44941858479621,0.523728939085542,1.13419771531981,0.546280277507157
0.491189401098187,0.386493818330966,1.07155512128722,0.731396716058863
0.600115988179291,0.565647587605112,0.790970575381362,0.708913349150149
0.501622378714883,0.521883614141207,1.05556380188188,0.245710542646502
0.723464967021073,0.696823987902422,0.535371823847202,0.570030972273433
0.541589283123106,0.501238076382246,0.914987790886281,0.690351422257356
0.305068101695938,0.223447972071469,1.35372733789631,0.210879895426529
0.721708287079956,0.647307192518366,0.57383751204113,0.524041562774119
0.792797222067756,0.758690493925954,0.411090311417572,1.93472087857701
0.689754430046718,0.607535276863638,0.592569038610768,0.281374501695828
0.387079158771189,0.424581867337501,1.23687425759974,0.277437425594214
0.382335400144917,0.373058886850252,1.2513884793064,0.240049639767324
0.369036362797268,0.215703718513107,1.25183185621022,0.431496982806345
0.762601352350274,0.7893838044361,0.465776146688763,0.324034851292266
0.478953633913983,0.347945690929905,0.93267299529397,0.721298069767385
0.412271625515984,0.545390303345898,1.20719408119017,0.528620916152138
0.822667156602211,0.718044333796413,0.35537501816917,1.70790047928803
0.649160849414914,0.567217190373886,0.699573266266662,0.746689776246313
0.725095657689168,0.81811855142155,0.619634387568615,0.636731825571866
0.53736280282303,0.533261009740978,0.947480979818436,0.667089789436727
0.556482113228174,0.682889008819631,0.876391344261129,0.38350992672258
0.688093910980303,0.672655031441211,0.624435990217433,0.752844984675497
0.354719659355081,0.312718089644587,1.37444712557368,0.426472797824372
0.555099497148314,0.344673113721113,0.761669660882086,0.39547183004014
0.268636735372036,0.178822721921598,1.30621479062554,0.442160716782013
0.538183711374848,0.31084209388676,0.877450948387789,0.57941777255702
0.703972401917891,0.658289902526199,0.570149153906142,0.867570556561276
0.478856681588644,0.481799898359193,1.12254270785806,0.315935691171837
0.339999990512167,0.239075197221843,1.25004001796996,0.374334618744451
0.388856248150634,0.430832759143822,1.30295847894285,0.407344303094661
0.530043480371857,0.431219940508313,0.847801561409171,0.673017860316993
0.660973105587225,0.637094529887317,0.683478219136155,0.48326936031588
0.614010916409387,0.576124595876949,0.792049599527938,0.356569113122152
0.797905129288966,0.726829092817452,0.384384444092387,1.82556275439773
0.334955059895709,0.385081873789742,1.32077925104712,0.432863685330635
0.477049277483344,0.450931664976909,1.08459979849954,0.501587482196267
0.549598097912542,0.639611541133797,0.951248817208711,0.688584192251112
0.807115508928428,0.740777499931569,0.399656665500298,1.29247440106674
0.567090877024023,0.618814042903051,0.752396055732247,0.732414026787196
0.303564228041717,0.112014540710345,1.43187194714623,0.421128407606767
0.736597586278322,0.810176378820765,0.518375950204263,0.339591419691394
0.74782756168134,0.801722978397753,0.504849221513956,0.874558464732041
0.424234492338068,0.262860041235268,1.25747186873366,0.541202398259086
0.362444223544212,0.187124751593164,1.16672707091409,0.363237600105041
0.349387453187726,0.411671434906485,1.3571777726504,0.293573814351881
0.406576213842099,0.325484255940195,1.05748118693338,0.349387037074592
0.820715889614396,0.72111304291016,0.339205536849562,0.799575128570157
0.798117310784573,0.752331414871111,0.368234025128939,1.46214850634361
0.342996572152728,0.311075723163572,1.22202637579593,0.525602717952056
0.490277278148539,0.350565797792173,1.012309325597,0.414642092627029
0.393881638060711,0.486854806548295,1.18799198940101,0.477627080838327
0.782507300412252,0.770107226151619,0.449339917348287,0.957292995402589
0.450083239953233,0.536847832013743,1.07453734913138,0.137435640762108
0.399186054210425,0.420427713885697,1.27973370453179,0.529616671455817
0.371041902090796,0.466960209690981,1.34722824572151,0.38652511136484
0.596466855445646,0.609295278775637,0.840963073251274,0.611434305130584
0.662886650243121,0.652048882595646,0.69445350049917,0.735467094605478
0.487658858627718,0.406409876838506,1.06566957405435,0.642030309636179
0.393130549267245,0.226592809128145,1.16397560650542,0.537789938309127
0.486687671045201,0.302604817875359,0.949627808566378,0.752734166532223
0.273675319984332,0.282067541876029,1.39744868435015,0.146175530247918
0.606001451265279,0.544000208336754,0.810849013296057,0.441558887293729
0.578995006892725,0.427156741449982,0.810013606738398,0.70141518412355
0.389460166971384,0.262818540902786,1.15269920475803,0.484505360595288
0.384282091457731,0.433588285122575,1.21665858727952,0.29782392276424
0.470570360659961,0.416386345891232,0.994268862680592,0.335417420591284
0.726970441310836,0.671938620132726,0.520394338861547,1.01588848222659
0.635356634558416,0.60892644811954,0.744601752231715,0.923604093902118
0.489111607461245,0.30554238862413,1.08512694575231,0.817935539180294
0.774110788108651,0.778652554580386,0.46713889019131,1.37738774870113
0.575819896889334,0.420503358045577,0.861085609314653,1.02024264100384
0.445810452669914,0.480417217092608,1.11281261103881,0.529413504369837
0.810748267915289,0.735801625437069,0.386452036916981,0.815135337154103
0.748168410892273,0.801454614263617,0.529350000304443,0.342362329637991
0.459558935661178,0.342408325134539,1.05602183971806,0.46758456945054
0.3837864345186,0.398832798430656,1.24351897514146,0.408534130654641
0.565699952133168,0.562463875768697,0.895526698701407,0.619489418432968
0.750358118002106,0.799713094614381,0.436374009732318,0.797917359654616
0.517968591106171,0.592043854903521,0.91778780253385,0.661887572201687
0.368377372386878,0.247520462008147,1.00806971367054,0.528410101519776
0.458961990869459,0.479024344861339,1.11994867890022,0.444312665888461
0.494798649507209,0.314663272385591,1.0578916279319,0.750393481131163
0.608881902112962,0.424017102950088,0.758769109900853,0.392119041642087
0.798711102527231,0.751600805470335,0.389292727712335,1.18730407939557
0.407113242738931,0.448516271735336,1.0339945046633,0.257273911632871
0.764037019239294,0.703343162906686,0.502129223058782,0.71690609780773
0.313959576951865,0.474692142108633,1.42559199909402,0.229850979345152
0.337269562954602,0.362889292130761,1.29364981311262,0.325668556350196
0.716516617829069,0.666857972204296,0.638404576648938,0.520949991283876
0.488785112090496,0.506403128317602,1.02958678424974,0.495061411475451
0.393330947376547,0.321805837447403,1.0580308277753,0.63708994925246
0.764422562261902,0.779834121526292,0.483404902238576,1.31039068050341
0.35037370963935,0.292208196574116,1.36161670459592,0.191601071087269
0.696934990033283,0.835018895762691,0.592795159494898,0.884116873790995
0.381811828606014,0.408114660876383,1.12633884827984,0.272075965338641
0.78781831777925,0.764352890990934,0.435821175281421,0.443677446084068
0.415283377977127,0.254559115035091,1.1144698815756,0.153695566577968
0.593374349787698,0.732033699361371,0.792106766613565,0.105002792781848
0.553317947680505,0.369140623144719,0.929992032929189,0.459188109489372
0.247531056390609,0.0407686958188046,1.41464161398566,0.27859581129091
0.510018201962669,0.458043226830151,0.976043741690363,0.408497519669678
0.417124615472894,0.253710024389437,1.15525901213272,0.540321807456464
0.565194689086955,0.575207975055932,0.868741011204263,0.452721338811353
0.350551457682756,0.191506695709854,1.17160517034031,0.261280063222584
0.76788133747088,0.784592934255222,0.451702917281667,0.562925452235684
0.273444548017631,0.191494119164012,1.2816438172969,0.422196059309471
0.590190626157632,0.644601930571125,0.742574585402371,0.320579614914932
0.316148774134156,0.346147359734109,1.31299435366242,0.429500725854078
0.313774513740709,0.447303775940649,1.29696616903006,0.323841426483009
0.704566756314528,0.8307570286395,0.558368830565542,0.713651655693078
0.750387087041958,0.609870480699356,0.517697181474979,0.479950357080561
0.385775006839362,0.355182831854471,1.28864403565102,0.404291363658984
0.504013783664664,0.366464816165375,1.08323389647637,0.529427257665438
0.54007738410052,0.602277347960793,0.856375910804831,0.165087414665989
0.220775772441747,0.00792288788802054,1.60364346031489,0.316853529625156
0.498934612042784,0.617248830767567,0.976075375740658,0.513849621310754
0.585837559786846,0.630051208523831,0.80099015937224,0.488701072063345
0.807015139312947,0.740912319121857,0.386355691095481,0.923947844282243
0.655574278621137,0.65168272123696,0.676452116788087,0.580664723288915
0.426238785355433,0.347425522915576,1.20604607318288,0.319762003310855
0.780170272193626,0.748560067382741,0.449771623091842,0.757880897050085
0.337111762083259,0.178985574236961,1.22501746367014,0.2778932199687
0.546323558649845,0.578371717558134,0.973589643137432,0.480947836035214
0.767615488404363,0.784839361037094,0.460586101982552,0.883339541508035
0.208408159528631,0.0659955767583528,1.67659151811836,0.187400043790975
0.765257977001067,0.787000216828551,0.438028614916008,1.19684164726019
0.52233281108965,0.50317063889816,0.943870365286851,0.288374420604319
0.628492372449566,0.597174546514547,0.788339185662021,0.600036159364346
0.382180045549643,0.364733418652762,1.28753678507454,0.134598117789284
0.385781786450361,0.353107200857437,1.20018238927599,0.533711320686392
0.222011043255396,0.0361534111498196,1.43461163623705,0.279255835220688
0.846085655227273,0.675143989510328,0.306289546097727,0.744445858604241
0.366766809202242,0.270225343461104,1.27279871350349,0.306028538160072
0.287189907736934,0.0314894684836604,1.35719041566888,0.194910466713342
0.320222190847456,0.0733936044508539,1.44520762225831,0.496002797370794
0.745777477205879,0.803321910858024,0.503869040177947,1.03554239116021
0.804577894043677,0.744143582143285,0.400224472998549,1.02227556446305
0.755464236768119,0.73891232680785,0.487604311884371,0.975254720577932
0.561509836186386,0.560270088970202,0.831377350590613,0.427719687073532
0.408286043517993,0.535296490727941,1.19171190835476,0.537541267526207
0.548983022406364,0.583648830965867,1.03824108242055,0.546668471473329
0.668971644425359,0.668827608422045,0.708400680929731,0.943109384559706
0.284760731031515,0.27527713694228,1.34321934712282,0.288981775855431
0.332199776323539,0.399856987508781,1.19001999859145,0.475734566826287
0.360941145398009,0.348685384487943,1.18992758726891,0.333057028354456
0.443889465393536,0.302583273560475,1.0666200053752,0.55155286644858
0.788860988711202,0.702187894443681,0.411721072013156,0.672265291047168
0.277156131496327,0.185869082141316,1.36039216052391,0.328852798087716
0.462633260362131,0.633484997049951,1.10160181625763,0.428808443715667
0.792087097286565,0.759514684526748,0.438280398919922,0.787345459568357
0.496439158615561,0.573746805190517,1.02726411642426,0.44233915853528
0.718850132485388,0.82215890605959,0.578044127610043,0.571530073504537
0.539424574095602,0.379060606273897,0.9948429199535,0.451375983424995
0.621545554529576,0.535009658238381,0.809135604415766,1.00351778492976
0.794512020346757,0.756676764819168,0.440977204335859,1.10871120314734
0.795970269563446,0.754937675538672,0.348890839046507,0.791860491552388
0.740361480487728,0.807424568226916,0.528104748687961,0.864945285104575
0.428272163855708,0.487388148478636,1.33555622523307,0.54182968367959
0.61399466294993,0.517351728624441,0.807523165108746,0.563070262645388
0.560576594439833,0.530672609862942,0.906969909076185,0.606812574914923
0.745103964604543,0.677259112912899,0.517948743923569,0.802731046361886
0.554068830544979,0.605890951122346,0.924861245449714,0.477862392049488
0.352911981350421,0.197224349707864,1.31100032578405,0.381595090656276
0.408141394903427,0.33951634890688,1.26894484932705,0.381926407671061
0.310204971253769,0.367439233434561,1.3547574364576,0.298688978488353
0.258794699879604,0.365125545808346,1.40829007022875,0.223427541025977
0.527533492865868,0.654061799729369,0.997849263067286,0.516729658101417
0.470456084328126,0.502993714464094,1.01778340592134,0.553764111716812
0.518792656476233,0.333753273540576,0.951828125490011,0.537150383556315
0.675652629670656,0.845844287409422,0.679832088210306,0.746688982921279
0.347486621523738,0.46368620156374,1.4459696467034,0.346287446563656
0.569552136386633,0.615030194065641,0.883279016134628,0.498954326037459
0.509828071639657,0.362507488430433,1.00289176542526,0.51438674560299
0.447954185596476,0.374129450478178,1.08973843763256,0.309814488060186
0.572715340915468,0.703701312142801,0.834059654533005,0.545929662161631
0.355846145561184,0.293257464178649,1.27671293949773,0.261846315646547
0.375224133433264,0.16978489386981,1.05961986969718,0.298032862256341
0.537945064089022,0.452054577252205,0.868663279512639,0.440938892004155
0.782956044830186,0.769631916443467,0.45535821794627,1.70041631798599
0.404576119602272,0.482597328492112,1.1539314802108,0.179450090427213
0.55391158849788,0.573716763096441,0.916265597225354,0.437797993008703
0.799096913038807,0.751123784326628,0.401002561574542,1.47894881319839
0.634954294257597,0.671058763044414,0.795069547106954,0.511895537881535
0.526321869567397,0.60436176775825,0.921777641821845,0.706576435932724
0.466827804217933,0.40247262028824,1.14098849897362,0.433000790114648
0.35872429482848,0.185828944012849,1.2812688589327,0.321106566274684
0.522189895549032,0.46864336205503,1.06456091271676,0.725353050108426
0.337084746479019,0.393012709976739,1.14551755808425,0.300139069592328
0.319963588523576,0.363291914433385,1.20910473960508,0.339142751239942
0.50004097923334,0.371653704094561,0.907925581712255,0.734666735047359
0.53622855230008,0.372259385038993,0.923832723818241,0.741997723711627
0.364415996950397,0.298641491727931,1.2889643581846,0.292164093610902
0.728029206888874,0.688403351481357,0.552100710015586,0.952410479503937
0.459816323817175,0.259783762593853,1.0630814747278,0.790797898020604
0.200353584282806,0.156689621837445,1.60728929559156,0.0796955514470432
0.642469570103801,0.491637278671827,0.722926529250115,1.00963587563205
0.380187186917892,0.133542681279828,1.28301252307996,0.468839988940588
0.432227041120121,0.507681598280877,1.22525404526278,0.444977426873744
0.496517471642633,0.425473160293593,1.05529937943704,0.563428714165075
0.543512627208997,0.566663557628992,0.970492154553671,0.650765755397727
0.807752854790733,0.739918114541709,0.33835497556831,1.12106883377733
0.284866367350809,0.244352665321826,1.49319902497151,0.121965594578997
0.608955929244862,0.406228978710661,0.873592454066978,0.777451259474658
0.39622939979578,0.438092053419427,1.14354151678679,0.338700749740838
0.66461542826775,0.585019683241558,0.755286055541028,0.583489358603658
0.567141306682954,0.616246666493587,0.869180256180628,0.430950259670329
0.575932425284536,0.596144334099217,0.953303907960363,0.551197598810193
0.38955185690674,0.423102853262394,1.05851708012371,0.359399394772593
0.521027706086476,0.484993691765593,0.969439922880972,0.49219089709328
0.303396979901199,0.150881116239058,1.32493894422792,0.284528583124068
0.732365028479631,0.813178376069606,0.495659967255724,0.667858542592199
0.46102582991233,0.396317723332449,0.891463277325006,0.314510855587252
0.636763094715104,0.589974906955888,0.73373854867549,1.08135825750385
0.319401871204818,0.206288266881624,1.51909502347085,0.384627062489249
0.546265611109109,0.387204720430466,0.923803215781855,0.564961081376032
0.443620343095412,0.502009709493192,1.28301148882198,0.421564112562217
0.365616466373437,0.203470828545906,1.30683007927072,0.339512216810856
0.293028837751075,0.26656921135403,1.54402501835165,0.47901333230316
0.771182568775427,0.781485179112393,0.430176770702198,1.61874186974382
0.754895229376002,0.796005602531897,0.455404663819388,0.891183545873195
0.458449154236977,0.492196525773955,1.20007667421086,0.474913203241913
0.515202089801437,0.310852094765686,0.901724112969328,0.235669822203936
0.465075418179503,0.358420499951952,1.10087478938658,0.43184939660706
0.753514565199873,0.691180893197037,0.495435723948256,0.856261155979462
0.597949899740643,0.526119440366606,0.778368994102115,0.421596841298371
0.360311603442836,0.474564243691844,1.28321492349367,0.366894505226828
0.579045767870383,0.555501902992491,0.840224647330716,0.490843465370374
0.344112276732756,0.0258251265196413,1.27242218313845,0.390718845162181
0.311233835699041,0.23422474442761,1.27008480697097,0.199487216975819
0.809592936649132,0.737404699594239,0.363296676873457,1.20486547346437
0.782282790682062,0.770344291309633,0.452851795381312,0.960440546908628
0.497858473802632,0.354717080552123,1.15693407635874,0.43389213820969
0.443327346565124,0.520578157931502,1.11334530686975,0.626416444030281
0.384211970757346,0.472338022579217,1.29192328535109,0.172056928383779
0.41038444370613,0.474060958181134,1.19927804150173,0.345982807276264
0.481347832902592,0.577770558856327,1.03626702986062,0.482627443409625
0.560275807863408,0.475766771054106,0.970911016237595,0.757432821137146
0.59281570352374,0.328680297570536,0.813554224359568,0.737741678185691
0.420324443242014,0.554395758612286,0.972695584239901,0.355175671735223
0.47495638996182,0.412366828492247,1.14039472100293,0.641257111329843
0.525317797270503,0.545454020828673,0.920883473295224,0.667465581149765
0.423314635968287,0.486898847836774,1.05879432836222,0.312214064932219
0.378633944857733,0.30421419917769,1.36949078553356,0.41865468473513
0.798525339817425,0.677918339267101,0.441229505799839,1.1368023766889
0.453180839252107,0.251595868531014,1.09691923646027,0.574443698082186
0.509665541143361,0.683422973522174,0.992436944725837,0.362308098085581
0.424406891347048,0.444942268706164,1.15924452082705,0.413498109911694
0.736022225762613,0.810590114472908,0.453513816139831,0.744089809327346
0.812312647422038,0.733599524351376,0.351726098731101,1.1005612332324
0.545508769009133,0.303724630588282,1.03260407681125,0.707514343725171
0.470938481582335,0.4878453690367,1.05918115987216,0.393833689423631
0.456630756365937,0.270984551278019,1.20301950540582,0.540863433185595
0.321072562583985,0,1.40130623082665,0.328385174595802
0.637021304955377,0.582182107554286,0.777500364785583,0.485700821300755
0.522215000967724,0.519718851969507,0.985192668004553,0.83163075226105
0.510992351621642,0.513574257786513,0.951608883744284,0.503790936046401
0.754762526548723,0.708600072855947,0.4610464500884,0.658533619967457
0.79779559722373,0.670892565379845,0.417754296135773,1.48645137092429
0.627591707297842,0.454410592861572,0.691189791255206,0.477296216118068
0.748002441207398,0.801585379479208,0.500971146879693,0.867701146510971
0.361300453897301,0.480026548873533,1.08578922837459,0.334356413907304
0.38430422849648,0.386639659933195,1.19075562208781,0.428587421451887
0.405680623311017,0.383059371928076,1.27659802112793,0.729331645511524
0.3246469221056,0.348997141375802,1.4114879327993,0.351963099429104
0.350504654100562,0.233230825274287,1.23793812928433,0.495272235575897
0.497225184325516,0.436842281284162,1.03068837213269,0.346241431188784
0.337681144851609,0.430543614168657,1.28224930356728,0.607059141439503
0.625784177425795,0.775615493991815,0.779117342599495,0.606564825392803
0.317445750852082,0.210820602382024,1.28183687989979,0.385783936939855
0.446542930000433,0.402290147829307,1.03939237745919,0.697502581973487
0.69529378067362,0.582462412371244,0.667306620324771,0.572662711997681
0.481137943796204,0.27845430955259,1.02112052660907,0.615054358052891
0.335575600516412,0.314686416058619,1.42585476129178,0.407172164737105
0.403433129093089,0.236233014286765,1.26949430128991,0.33651283473582
0.175357143400406,0.0841204059727265,1.75154142741754,0.474872984559516
0.341519518593099,0.358643247025941,1.1641934911274,0.277562952760227
0.705678871625785,0.770145732231951,0.601003744140147,0.808195788447295
0.598874178187398,0.596291599057624,0.772568332811071,0.375500964544229
0.366735528868685,0.319556222319967,1.31212398418409,0.502732134654091
0.826209618522931,0.712297081259372,0.346190439902322,1.20193672566318
0.808404453432917,0.739033600227792,0.388172577344909,0.707818612239441
0.673685433010406,0.701033710314822,0.593892511921061,0.663536116790336
0.329086483113808,0.150083018222427,1.23448087107059,0.32741141084457
0.303461546669501,0.195645544417828,1.39029075284768,0.332870737337578
0.546592992838062,0.475937240630922,0.826107567049051,0.612536269482904
0.649566375749459,0.685160872757289,0.651806541106006,0.993754440757506
0.225301216382697,0.0725281450455231,1.48742166454522,0.253041738282624
0.656052658218207,0.679089495737246,0.614977847105845,0.804418432426699
0.384196386501276,0.314616759295669,1.27101865826137,0.431284347011088
0.453597472125155,0.416856245348795,1.12996042764518,0.586294257344241
0.456849713669471,0.3782114714625,1.07978276922509,0.460709351570999
0.439312721742688,0.45366458276716,1.16847228788824,0.538054513832958
0.557092864509811,0.631077580232158,0.882271013896457,0.370275307992789
0.487355547848259,0.649799521595194,0.94839223648072,0.443515947367608
0.832007567023677,0.702367546477244,0.339344714612172,1.39874167934602
0.466541748911053,0.495506976652615,1.13733299132164,0.503006098039172
0.463261759760991,0.467299023047646,1.01658222701268,0.372211500567871
0.359659610864183,0.376910872277318,1.2550671627062,0.140870090835127
0.473952716400385,0.468148286571862,0.990020987734475,0.305627516212764
0.581071046257926,0.412814138715929,0.790937864665036,0.757464244742574
0.432302213576465,0.443953967312704,1.01390824655243,0.490062289145806
0.393477586799346,0.413125178100735,1.14268822647003,0.207593086208335
0.386200556105541,0.273902219806506,1.21164010224766,0.560922814374792
0.380870107669131,0.316847047294436,1.41285441429904,0.505453317950168
0.762007832499935,0.789909052364144,0.543098126235149,0.731993834431481
0.455364758013452,0.319820719965067,1.00648592719114,0.553725542730462
0.696058284788353,0.72699538755395,0.597549412106097,1.27201710798903
0.578041201850671,0.510456585823738,0.77302851820957,0.366047933207835
0.429612068346641,0.495536840291822,1.25371267377408,0.266468949823406
0.505541623495917,0.498065670132418,1.05517417545971,0.703307846271289
0.677779418060915,0.632216346794756,0.743040661951531,0.382799410777848
0.677371429411625,0.481485649928638,0.710428112435601,0.655345227868873
0.40438027852505,0.462676810639769,1.1578847385473,0.51609482080383
0.26815131706095,0.290379632542867,1.35245636607136,0.232498476527458
0.386887337199145,0.362890035586247,1.22867777625291,0.392637952729679
0.352509907817524,0.224969630599614,1.31310990694606,0.427097337206106
0.642011995412032,0.732112819153241,0.745331025552149,0.876329107934674
0.398691079361,0.375486370334471,1.17375501308733,0.215118280996139
0.483809263387899,0.400360625566748,1.09225959867121,0.447897902674589
0.651908799967663,0.607484678985691,0.708713683265839,0.718372198988463
0.529426837535065,0.694087290515818,0.927029130055923,0.680155734825097
0.349392070205002,0.358149524951011,1.34545719881606,0.583761616724554
0.356256220237963,0.269059781494902,1.30808736047646,0.312948887810889
0.517693655490623,0.365540900392363,0.969435752463847,0.417435099739881
0.423646217817164,0.454253695358765,1.07201803486007,0.601248342248051
0.770069573581162,0.782542916225795,0.441006557871331,1.02541640280219
0.550638589167411,0.690535687590297,0.914899832455152,0.5266021055916
0.59924702704874,0.710965032998232,0.78226980320086,0.713498745519228
0.360554016381639,0.528484732806229,1.13437717493897,0.528821857744262
0.498115226987533,0.428976101576268,1.02284116739941,0.527033104165078
0.551557422912868,0.498298623418887,0.961460885274811,0.478829488741866
0.525061972565758,0.320162527336396,0.890983739466637,0.681312636467694
0.661319405467065,0.594433968663605,0.639428962478181,0.713366609488042
0.686779561153912,0.520129177162494,0.669038857375243,0.87208586756283
0.606512340721392,0.51406230124525,0.77202278750463,0.566895117465139
0.661029389548786,0.620756514347449,0.719973576598379,0.87049402061699
0.668727177259927,0.650245976230784,0.653932552088904,0.47940277780709
0.356619143146025,0.324981797049095,1.22499715144997,0.312490722190611
0.410165856143279,0.299398614933542,1.28937743847079,0.525778874136909
0.472255372827056,0.488473792347581,1.10509724930015,0.334773884682242
0.270070166572044,0.200663564592823,1.51241461486273,0.177460183494347
0.43992925156951,0.468603210654236,1.09885880842062,0.278594979879183
0.361914510436489,0.379068486145642,1.28893268891829,0.463521410436638
0.280752873557433,0.228251866225414,1.40397039081589,0.475735596724439
0.670529946905896,0.848241138973201,0.632582501940679,0.798206547789533
0.721450019753776,0.820499000014997,0.58718335835904,0.921005889212368
0.451289245883525,0.314634997353929,1.10290861577411,0.288989939624956
0.779626769279708,0.766987663528783,0.436338996826179,0.503483000180007
0.702632045969606,0.595630575348409,0.612577985302612,1.22517796482003
0.808798059313135,0.738496378120524,0.370931764932519,1.30413528581635
0.358202263270696,0.361047954603072,1.35419322449883,0.252125260617643
0.657887006658431,0.50805005868138,0.74580632548462,1.17923904193908
0.442006716279762,0.337829874344991,1.13607432565441,0.465457147056663
0.337959741053207,0.216024451939738,1.2592005725168,0.558678217346602
0.487427372421961,0.385151083013454,0.91750500336469,0.574916287224638
0.394509549824322,0.289467311833554,1.17465147334081,0.299748896425035
0.337376851826775,0.160594316823666,1.33187252782818,0.413090450647691
0.608188444082422,0.59657658231428,0.784406734946991,0.626650785078212
0.433489502060542,0.389538041385103,1.09903036600255,0.328389477179966
0.709357946737839,0.827967083776071,0.567914572074262,0.700686476377878
0.777173446242158,0.77561022617467,0.434511779827792,0.684475455256193
0.777490527288971,0.775290465656109,0.44101377491326,1.1067973353265
0.563959633114746,0.616345400140075,0.863359926432803,0.696296529688453
0.446672150639921,0.354338533861898,1.13542874688688,0.369005027921142
0.761246547693708,0.79057894444242,0.449811504145054,1.24099051351107
0.303949582569878,0.161232283474268,1.64128688430023,0.2538824255375
0.400692200902369,0.287781698406021,1.23097821934653,0.334799162750008
0.287080752334617,0.0745897368228821,1.36310160153621,0.400337347416776
0.510894062207157,0.396823013257534,0.987993994341543,0.474026674437706
0.411471239321435,0.39237531055919,1.19824455674156,0.69439921463361
0.788515990097781,0.76357550614291,0.39547509851715,1.2903968348445
0.773751957674512,0.779003612645327,0.406341484016577,0.808081468610209
0.754362792587445,0.796447775454378,0.545314600455872,0.562328370266319
0.794487832477786,0.756705402882798,0.425410186770983,0.809257997704334
0.597504047401915,0.549183830169282,0.823506719015682,0.357056934272131
0.536810272836758,0.38992600133779,0.905072726876974,1.02802659060916
0.444356865586977,0.286843799937147,1.117953986439,0.711966811182089
0.328289099264692,0.212504145262708,1.43477448397062,0.327852285568717
0.71458162386138,0.824818567478233,0.57711595655229,0.555785394663317
0.325584374684043,0.276797650852391,1.31645930061675,0.114400277798705
0.368682310733214,0.197441078438606,1.2222310464205,0.478919458726211
0.360798958077528,0.324435496232268,1.30013491927031,0.367665034636875
0.429540518420889,0.35597324923776,1.07246382536873,0.488334646471624
0.686605108679569,0.670910866905095,0.641205947641602,0.537812739238583
0.448916679304933,0.28076988279604,1.00186947702363,0.459259911966537
0.398573408138393,0.632297397982623,1.39530969311893,0.557175357912421
0.39417135969016,0.315448168358588,1.17046093307861,0.397107467137946
0.489650490021061,0.410984618582402,1.13807940725303,0.420640730057027
0.541076048680818,0.627291951098401,0.792102739976908,0.57806377462831
0.487980970827572,0.555027937810231,1.11824955971258,0.335794164719587
0.357220856080311,0.275118218584402,1.30612722044481,0.476253896755614
0.470321636176109,0.391605095469386,0.990498540350676,0.564777881996366
0.490164767946389,0.274271138503083,1.06147695313562,0.65029942286412
0.42954036038101,0.393266115508089,1.1956834046414,0.424739617743937
0.469027329216009,0.3339838104028,1.07362674032523,0.747811923140127
0.329511235558927,0.331308906515716,1.28331549514021,0.143367443623171
0.50411099524733,0.503985096778425,0.904501544668869,0.418643349054854
0.827593885878982,0.70998708337627,0.324813119003998,1.09040718819723
0.627395145977632,0.750156978300434,0.691554609065515,0.181972991865938
0.586190065498544,0.601647943446678,0.784583635814761,1.10910015437381
0.480896021471811,0.529888473004144,1.09842401856565,0.393468531475188
0.468320251174132,0.47215158057748,0.971910580853687,0.616826856039715
0.448275948452208,0.411513970184206,0.913655029363143,0.296528681383017
0.27685196637924,0.423905983048347,1.60538863463809,0.33657004840752
0.618611360303729,0.692932026188818,0.74141951556955,0.228511234042192
0.76046490901695,0.791262316536586,0.462781795779252,1.63663433942686
0.202626964593189,0.289905337473736,1.60909878545095,0.240286693747347
0.415662014697865,0.31274354140634,1.22477241719328,0.405726437632723
0.516888847262916,0.504288347800879,1.08700009365844,0.419540676271765
0.408254736354645,0.233252998282292,1.13851788725366,0.554523460943725
0.716326244143298,0.823741185190012,0.572453639318824,0.854064514807019
0.479922122043236,0.344911220241928,1.01623217352752,0.787051760880001
0.600442922771057,0.570268785179471,0.859846830196685,0.389568572247877
0.371355228620722,0.41367348836393,1.40439241926131,0.434970120547608
0.795703558957126,0.755257606325569,0.40450695326489,0.398698519410337
0.490490257381766,0.555449562161535,1.00271517347268,0.299255131211733
0.500666991246969,0.589929674364545,1.01963800387369,0.555697996243464
0.412280824726763,0.345368865734696,1.24714008992981,0.553284370541355
0.576358075478889,0.54433640570843,0.865076809872109,0.748815652139789
0.426146254811851,0.390352840017044,1.15459373531856,0.233006254949509
0.411159990267358,0.385941411001759,1.28484890123663,0.168449029033087
0.691167863193954,0.703348062264759,0.607781645234299,0.896994008266621
0.504636075192745,0.432134608244526,1.03531060284716,0.129126129272816
0.491523205301255,0.276292695412522,1.00780100709291,0.646825702883417
0.682239767366957,0.644775990266124,0.669838570390455,0.35711133948619
0.743465368372336,0.654203483995619,0.534618172312052,1.19900838869955
0.451756415977964,0.302280515219736,1.10416257822038,0.490915547466098
0.33873069437339,0.344266075186874,1.34369922903327,0.358059672596754
0.658060293914175,0.602290818199196,0.724228297489776,0.934897431009457
0.535116658894176,0.55302680147097,0.845157914130388,0.61920549641173
0.624368434575128,0.560178264041931,0.799343971224128,0.529882366301256
0.393227920423425,0.466740885627743,1.24630985145028,0.289438899198291
0.656543665559791,0.604774584726994,0.724005952999961,0.748300955901895
0.573705679552005,0.500865607437566,0.81848509526015,0.819186990805626
0.373361813537004,0.448429590806941,1.41996213052515,0.350654812780873
0.804775827482741,0.743884175021514,0.377173101303344,1.51588738472973
0.529071595499899,0.428308617686789,0.809996855740174,0.786939260311958
0.477756434277753,0.276028303049602,0.97137303224338,0.714786145717627
0.766574721727104,0.77990947171482,0.493461038268902,0.517360418431024
0.62525978306564,0.660668720251442,0.718002255646233,0.536113508691424
0.489459165406173,0.572098050891989,0.999638954134713,0.596489911129862
0.646657884101306,0.754589335474169,0.672056704439315,0.919322158212346
0.614860110564776,0.438144377312354,0.831131881401214,0.673465261254873
0.780655559099892,0.772048018199965,0.440004948445616,0.831934388622317
0.745773429381095,0.66479283626518,0.540485689135792,1.27129666231081
0.385344323570363,0.386408772052537,1.17522165333347,0.368811774346534
0.709232227549016,0.541551706784494,0.610612322147066,0.702754400518753
0.54288315707917,0.561298848877086,0.900520180554035,0.491391963396081
0.717768004988758,0.822840780337437,0.558254886132237,1.13846439162721
0.522436474198581,0.489885338803314,0.960857813912454,0.432765862436629
0.422856199027835,0.400286401943556,1.21315626964349,0.464675738465138
0.403542517640544,0.512699027396228,1.13923379130656,0.303333835554258
0.464021846143914,0.30382364010353,1.09768325909726,0.384629619716581
0.517199690705118,0.491394700336168,0.989740634054509,0.489876303594593
0.399420993764016,0.474447422805709,1.16632443011028,0.282847251173507
0.485827944141058,0.367089824333167,0.905971162423456,0.677531067950139
0.452420587502515,0.580670739480171,1.10501525441992,0.462921895723959
0.540478206640423,0.513384225794996,0.970510027575427,0.379587163754457
0.454730362964581,0.464113356094897,1.17014864107801,0.348167549252649
0.380728895498191,0.376861150122746,1.16794530309041,0.0871606574713077
0.633230102640583,0.620769743982463,0.720336078413895,0.521728655468045
0.374828623193572,0.204941160394517,1.29910612100376,0.255109301823368
0.509050899194359,0.434650562292923,0.989753387224172,0.683213510162231
0.781168229884024,0.710707259012807,0.428472605887081,0.472405262722059
0.471022225987357,0.353545975217808,1.10767945878247,0.901351981266584
0.766234354205072,0.78611057313416,0.462388447382367,1.03887633728412
0.459331741209439,0.363489581894558,1.1970395249623,0.514345258455564
0.487172170828308,0.52880716958805,1.03693787058516,0.371009194969954
0.656091596749819,0.621586949067735,0.675436103983355,0.836415092847463
0.346336917606011,0.285239911514497,1.3269360572598,0.174707711802616
0.309993018967743,0.31455575408714,1.32481340358193,0.334164616208469
0.771167574156904,0.781499497652996,0.452630538317644,0.760320757931182
0.661487593584741,0.615285546103301,0.684472085771653,0.536042307315881
0.433528900006892,0.339750606698032,1.0604338991871,0.549057369458732
0.395052107914738,0.368856683660069,1.19658693054465,0.422619518491541
0.790145070200978,0.761740169516699,0.406698853950504,0.997479417350331
0.418299032643642,0.581930321345121,1.07381998573984,0.327395771433027
0.494174179859513,0.422397230734751,1.15834112812171,0.422729476221965
0.714936129747262,0.748531166234036,0.5102643277524,0.70581893508705
0.669733704935084,0.719401692275706,0.653266731638405,0.791937719809784
0.405596433402407,0.237491661216639,1.16978621906406,0.436345660535858
0.399644934641798,0.395814898508788,1.13707249378843,0.436968545111597
0.429011836649223,0.56164418521484,1.12370470547433,0.451239536124424
0.783547556204793,0.76900237704266,0.44978817820644,1.9510440977219
0.542164432483759,0.485376232862994,1.00449123513063,0.667741775425875
0.367467290010403,0.375738259570376,1.23343878447972,0.340090751752858
0.410024772726739,0.440425742010117,1.21770886909201,0.390613470066507
0.602085735218076,0.459201264938213,0.865861440165467,0.501853854617044
0.42528847187195,0.173274395292418,1.10344613400586,0.482058021697464
0.276027101343812,0.303408243379115,1.33934986251395,0.18913317552295
0.435685761306307,0.354999036446842,1.04849585549288,0.516004104839293
0.433732276069749,0.390998639626517,1.10761966800757,0.704520299997493
0.615784657292346,0.61718157020127,0.849115907383915,0.792309514856561
0.530030838467633,0.611668604901752,0.907040481757469,0.414324356172021
0.666444606569503,0.58206302148421,0.647097463255163,0.434202061861015
0.755011518366077,0.795908772255207,0.510066018761828,0.63417291522268
0.735358954779783,0.703401481790218,0.510227935184578,0.923647470592608
0.509487446515127,0.524887026839434,0.983968182290655,0.734555719015493
0.499590354943682,0.448227211989479,0.930761939804752,0.64252110444871
0.330402826773831,0.332004218958209,1.30035771040522,0.31143886659171
0.462554430088789,0.342747643041224,1.01899680055166,0.499749765445623
0.769322570263109,0.783247108063283,0.478424989274312,1.04079309468731
0.575541342964105,0.553059117192247,0.855708652584364,0.714529499320404
0.501948822725581,0.482808518248695,1.06184510994906,0.55038949701294
0.715783703994615,0.713077324875127,0.57639064829892,0.765784985474904
0.417180014422074,0.217950333390103,1.12600821213655,0.302418642755232
0.670147398671927,0.46320966379763,0.608248196848967,0.878823596901895
0.318816477208477,0.420982185806325,1.28743685807598,0.581741874081191
0.809920893307823,0.736951625719852,0.390042326932347,1.25754361885583
0.665067546151831,0.631900942268922,0.758287075512255,0.704069083438249
0.833231685399832,0.700182854759451,0.314525041335916,0.976610855328364
0.541974945803496,0.446555443993268,0.85559080123907,0.710829933725335
0.750988077835763,0.799206401181778,0.516450726568627,1.29427806697592
0.428918464663723,0.131382785116502,1.2735118237999,0.477339981378817
0.355602322637623,0.23812998096158,1.25013149408301,0.248155539943203
0.780414491880522,0.77229827037222,0.454542001807319,0.671447023917651
0.702285876026801,0.73198187969179,0.575779115764167,1.33924188101097
0.495104800332772,0.506941207504459,1.1430827320466,0.628363935643135
0.347800088582756,0.0382907565133738,1.21700503470458,0.24320865240974
0.253359213521553,0.180117589331719,1.62319706980414,0.318448713230278
0.761262509448393,0.721920277475595,0.491321755555207,0.75092982999996
0.242425439296979,0.28922964630458,1.51514912140604,0.160594839313912
0.635048214317153,0.706272481999801,0.697057910654237,0.534653853487446
0.373519060364537,0.37685519180264,1.29806850692468,0.539355015389221
0.201234676484271,0.201128941990914,1.61670101479584,0.175432307149812
0.652775298255281,0.667383787871985,0.698616099910374,0.230925798913277
0.53098695613634,0.560389176073581,1.01213014865778,0.686288072359979
0.258842867160727,0.0957086768074741,1.53864220777433,0.433369556961856
0.488790244545318,0.301626455924958,0.914043042752971,0.551138414553537
0.561550073049546,0.635787798344171,0.883038152878215,0.492526951687368
0.46768426819424,0.279107884513162,1.14128492899155,0.510148221918369
0.741799941403552,0.806351709322626,0.507104915083425,0.819687709066402
0.524845946802259,0.607898619276468,0.901842392969312,0.344961676038103
0.498340737087563,0.495719929629867,1.04646122243534,0.355877025983744
0.812243121889246,0.655580522006695,0.381521976321052,0.916267812217132
0.727426133246774,0.63201105559542,0.562047313245153,0.96427093020926
0.804266215986192,0.744550996896516,0.375025930170457,0.374368483897572
0.489077258910965,0.527853650663803,1.1138115755741,0.444310108801312
0.685284940483367,0.841126128260928,0.577187419153504,0.606924381738047
0.608151503070611,0.503675884197196,0.733540386251816,0.936382277665258
0.514125884112183,0.322097887399798,0.996041937570025,0.462798293400899
0.575550454068875,0.541596516222067,0.745333402655056,0.704609447230038
0.506419518037258,0.462511039044744,0.932867110909582,0.447484774429199
0.48316430698706,0.380927809493956,1.03677240018396,0.457344761164898
0.83672443143038,0.693769248896045,0.374227603161569,1.53498276263899
0.519205437773448,0.376866674844205,0.887546761870215,0.651802536044668
0.563085199937368,0.576107007399126,0.942862138535159,0.235672615438386
0.428677116955964,0.421194055556322,1.31061469370302,0.562741625689002
0.410534441340981,0.283177130602947,1.17539432396608,0.582406611881465
0.276749518412141,0.14853632136003,1.35537140249565,0.341393978239836
0.276122526433132,0.468789242359936,1.37971046461845,0.212668337980716
0.449726485256634,0.676799854328712,1.08954155919186,0.593618855472536
0.341314132763818,0.368806395051794,1.25940737815558,0.338978317698306
0.638551483989423,0.645735258768117,0.741692354853703,0.478047758614413
0.445818837252759,0.31543102003007,1.02634351340789,0.377967558340301
0.46187183332222,0.530819339455305,0.961096905686515,0.453965077703576
0.320722939777238,0.349174887046566,1.28790930618236,0.55974748889804
0.319829978279485,0.262814159910402,1.23382841940101,0.508925402015626
0.415241685050485,0.612167966864215,1.25956941040126,0.227626742605945
0.527789647180273,0.355594836012269,0.987864058098869,0.566507469229032
0.36749572153105,0.34008958988565,1.24223840291302,0.49671526405759
0.773779391594647,0.778976812269873,0.488184072938752,0.466322187712625
0.413429016364768,0.424927112246696,1.1520254118596,0.447719489786323
0.472655479776764,0.45982012358157,1.18652517050228,0.382968638919673
0.388421496615074,0.399878594168159,1.21581806472923,0.713191915754639
0.327835116295059,0.248157812481783,1.29862255531795,0.425090517278828
0.36922963881766,0.368219137386116,1.35615627654203,0.227253621660783
0.499577523510854,0.530738418421591,0.998843263072336,0.666047127571749
0.640624058074704,0.618685984958296,0.766908260068582,0.714106202068025
0.777800380599047,0.774977112315497,0.418179683712594,1.09731460837513
0.473497027330885,0.523305952897086,1.05089993344755,0.20843375122537
0.778271363065769,0.77449913240196,0.434588128391093,1.01329498710457
0.56002189347037,0.580973685243229,0.914274505368571,0.751089817303051
0.500117282839931,0.231163613098698,1.09874221231783,0.660851538118514
0.592287304813138,0.656799784108472,0.735513702117099,0.631562737869429
0.483995203889642,0.455679110823498,1.15481873369498,0.433807532179809
0.807378485138629,0.740423596834524,0.439562296913649,1.35319120811694
0.458680251356328,0.288928030877596,1.15842426209746,0.700684426041836
0.388900930691111,0.348160189753462,1.29186343251899,0.405337820482224
0.412535837378469,0.134268846264281,1.10325769740324,0.330329742319588
0.600962578625918,0.557017060168028,0.818824788659616,0.519015741191688
0.388794823381909,0.449156499598141,1.10872619038522,0.578908134717419
0.716654813687685,0.62535821558882,0.519655071696785,0.777931156351192
0.756076160803038,0.795017985267006,0.452722645549561,0.779537347437897
0.75332461391474,0.7973044623807,0.480523652094086,0.755904841509857
0.670413334836176,0.586147739737316,0.679607703567806,0.561627023403226
0.317398146430977,0.181250223706973,1.4102554294736,0.267316018243345
0.465666171458812,0.52811292810018,1.08897234256694,0.522969186930882
0.365131410517635,0.323299244643183,1.32687535201814,0.288133721869642
0.424081085337257,0.449083576311808,1.02513566809968,0.304305291991578
0.326594197835306,0.379942789471081,1.23367942956572,0.183110406854712
0.401934661766668,0.382897254439813,1.2236416820254,0.560156340277772
0.338797625029696,0.327231219148042,1.2602517266934,0.194482121618749
0.288402345232232,0.27991697113712,1.37196027839226,0.394468327521134
0.80688610899734,0.741085430258813,0.403221804413554,0.323458307724116
0.502595927694382,0.264040606046807,0.958995051405232,0.617917195041622
0.582003069250395,0.625671936180631,0.790850192978253,0.713843511378387
0.517540917809373,0.626285596734298,1.00447980912089,0.499154028007244
0.630271779477638,0.590506693024463,0.769034698686513,0.768038291570989
0.372985969397015,0.599009057590273,1.29917307140938,0.137213697903398
0.602099798270026,0.513498397136448,0.834794623229486,0.974015703545797
0.763408320328238,0.788665433757568,0.511984394809692,1.20091257387044
0.47631062264946,0.523516146550231,0.937403985457467,0.316947935865321
0.442179231645227,0.481479697488511,1.07659408292471,0.443349915203243
0.683174136450677,0.656377589382203,0.667868920361972,0.810173400903551
0.756158472488416,0.794948791084715,0.444279263126106,1.17955070762209
0.632017527320226,0.516738972005554,0.777178982299683,0.576303524713693
0.350867342147977,0.376283528495501,1.10742031429555,0.341129282065553
0.497276370582477,0.522962000090055,1.0557196217768,0.69192248271944
0.421018443253216,0.38227095640004,1.22165108473572,0.426683761359162
0.273893074942613,0.271203473924932,1.26487826344997,0.344332874589403
0.514700063148326,0.509021072116154,1.05310086296813,0.577627019203792
0.648200678592514,0.574087794286341,0.766218922025506,0.5381652244484
0.532599368274288,0.578236835625672,0.848799547213892,0.613804050712864
0.773988305670809,0.760862090074792,0.462871949986184,0.760582650986846
0.469218029503307,0.4530285563892,1.06156394099339,0.456654205910547
0.45698608864448,0.350677591719669,1.19137252151401,0.65639618039195
0.674002570859834,0.508929503767914,0.651994858280333,0.600426194309626
0.401900117510641,0.464256318234113,1.37323733019557,0.371486511852947
0.550585768213275,0.487912691537263,0.888941350474142,0.769088885277314
0.718472561000313,0.60670795591449,0.523641036539418,1.10255793681454
0.62680904373073,0.498251013971287,0.651591409646146,0.670384026877981
0.480898964271799,0.49856097072318,0.960336916097173,0.315491687139049
0.536666501070634,0.535922250711027,0.886820316950806,0.163831488564521
0.736743837169064,0.810070923079927,0.572845410320116,0.38655831794157
0.758900869368604,0.792616423505722,0.432049642091462,0.932670326732147
0.357028762839432,0.330806174575675,1.45954470835449,0.460608958579888
0.399289749255116,0.272833405526901,1.12813385089889,0.541451600481097
0.384638753901151,0.161756393601038,1.2294917697055,0.375985705857028
0.509092124314422,0.543652513558486,1.01814293417189,0.161767621236558
0.323021662710652,0.230998828677958,1.32416962773796,0.382497201076124
0.571792802133506,0.50706563782217,0.798178216823145,1.04673312088025
0.248470427604415,0.229620952067978,1.55266009656928,0.242051546511473
0.561639385851223,0.557247167199203,0.887241883037124,0.483326226036929
0.763830822905477,0.788287359870046,0.498789302023632,0.569738644692783
0.387139123452602,0.494499839574694,1.2490104664036,0.300992193586937
0.350090212690896,0.237065636947356,1.15293996268635,0.162189783252043
0.500565789323968,0.649568456700995,0.98288652661043,0.177523411905804
0.383029327119936,0.365892779017823,1.26602382074989,0.264415548235097
0.76135591926397,0.667012271327908,0.503061722191552,0.421240028030774
0.63217738122456,0.645093672550838,0.641482647144368,0.686240406623422
0.338966719601247,0.452141049799903,1.35115202513505,0.357537079602615
0.332969703181036,0.350083572594005,1.24734665505146,0.444008088158104
0.783573856580999,0.763199103679183,0.417269604511834,0.326204571087702
0.382592126279683,0.236573028249357,1.18418830179557,0.639388940788287
0.426078718072749,0.286961726208722,1.13636413821596,0.435218679399735
0.581008547913254,0.488039114227317,0.801949639294031,0.751526847334751
0.718828033023879,0.676521957045479,0.518481107103967,1.13083418015226
0.809705145424205,0.73724985832402,0.398096835772563,0.852132779161831
0.456220549226226,0.657141229398688,1.03861875097791,0.420782679042121
0.363340095648609,0.285123602523179,1.26440657004186,0.332458192402772
0.77102773391254,0.781632942476528,0.460234254835795,0.930950932331018
0.620086551427986,0.528978974203727,0.807695991664102,0.558821829366792
0.488239265451363,0.568721542624977,0.963133702420535,0.66730750044354
0.302070793393705,0.483664823306612,1.29814832428771,0.281801840931329
0.4452395856271,0.52505837770066,1.00855443332993,0.617708530892884
0.801199639545443,0.748491401697286,0.432191983628207,1.20804870985857
0.820235245236447,0.721858714374985,0.358450920998524,0.889282141873042
0.361712735460448,0.41458101831845,1.2765745290791,0.423968828113786
0.702781748206612,0.736393908715614,0.517159758120495,0.933891609233095
0.397358881624607,0.207215348494692,1.15827622951751,0.640758578427419
0.538628376632352,0.544972826643009,0.883065287125679,0.747852416344001
0.435604304546272,0.370974439970659,1.15813996707105,0.553043938454345
0.738454514861784,0.709093850006345,0.53669133550362,1.29656602480546
0.545634556725104,0.612101222687691,0.834214953852708,0.675515285427517
0.480298300898003,0.485937903333938,0.963526950135103,0.472689086416348
0.317144261338997,0.509850241195235,1.3097173067518,0.247192186529445
0.756921899304711,0.794304793986038,0.467196109536345,1.01300902743126
0.348308033378579,0.33443678099822,1.2564621116461,0.17638324756402
0.627713703163623,0.576345162248606,0.665647898743443,0.850639240001181
0.389391917010831,0.291499220882251,1.11863400803616,0.598723027747936
0.477521996486523,0.291513365241705,0.983303602612364,0.33733215717305
0.480435374307376,0.554974970691587,0.959116299028584,0.492371681515182
0.368514728330247,0.258909045417458,1.30970045344307,0.42317974735308
0.498821481954397,0.514368449247842,0.926177901348274,0.55231666366151
0.574504016494395,0.585235125584036,0.863756846516378,0.563207163900376
0.366912052689998,0.354310847158455,1.14842153642034,0.289980416027943
0.571524865573707,0.633559453410089,0.875803174767344,0.538631905098535
0.323542048652766,0.308022323318563,1.29203468707322,0.460805602995949
0.355248713793787,0.287557031346652,1.30626610585379,0.303432646992613
0.575967978229603,0.488652599779311,0.937110768112577,0.499819092312027
0.789042983548736,0.708693653298697,0.385207512040009,1.17740257887442
0.621069194138069,0.654391505410024,0.627509414507358,0.506597227753049
0.30454064751019,0.250977785803631,1.29633623304101,0.383191902110288
0.357737632958505,0.232565499930124,1.25241161573092,0.361291399575807
0.575548198419042,0.585665507880347,0.820889784257572,0.551089992777246
0.466574821919197,0.366829504194512,1.01457468870969,0.38480387737443
0.411897851708186,0.332708945088504,1.0491742325526,0.652397820755909
0.676772742837366,0.676592593147621,0.694292148385338,0.61177751076479
0.821631011327598,0.71968221397593,0.377072042053457,0.866059949252911
0.592565175330741,0.481491140279753,0.751309816690114,0.771886612424254
0.452586857424784,0.463475388747284,1.12767107370494,0.347042021319299
0.707419114778645,0.829107086192004,0.57228821149297,1.03839902148119
0.683570212893382,0.692955195120457,0.738547123106847,0.549043965534188
0.519179994242056,0.448553196424,0.838550090041855,0.496909160671586
0.313269921474697,0.287650105049394,1.43389240396083,0.204545091661132
0.40245710049854,0.40357073063736,1.1066494498767,0.55215208901332
0.406831850352864,0.526033754216855,1.20413134378369,0.456781613338088
0.799415905642831,0.750727991866753,0.414005570753196,1.07322577980554
