"","log_tau","logit_phi","logit_kappa","logit_psi"
"1",0.135624375605782,0.318149024936474,0.290184933651635,0.477336831314367
"2",0.15764323977911,0.197217945986122,0.252719664750792,0.635758476618224
"3",0.125687342563941,0.241833655334794,0.20926522100273,0.467114653576401
"4",0.11520392514908,0.307290719685177,0.239962499494624,0.414780848680525
"5",0.101526267575388,0.324410028294911,0.217569640084164,0.423899423289609
"6",0.103037476816065,0.372144547041272,0.234141673645918,0.365984898226212
"7",0.11163927491482,0.231548843088188,0.210693059849508,0.380918080877824
"8",0.129638671257515,0.372510402770256,0.314293207224471,0.509290855322
"9",0.102230690902568,0.351312044331171,0.22348034117651,0.433840097612262
"10",0.104173067753823,0.224792040872312,0.185222503590675,0.373725820765911
"11",0.132306506966475,0.218248506366553,0.229510534945925,0.47543715624983
"12",0.106975238046069,0.267928440066508,0.184989379001227,0.370775353078487
"13",0.0837206393840764,0.00726922854921476,0.0847800381803506,0.403910376650422
"14",0.114980350987235,0.254560980899102,0.206000097342783,0.454841913059009
"15",0.112644312730666,0.264199791615891,0.214278067859661,0.452107087819283
"16",0.108948522434239,0.273850608288375,0.225342540938524,0.428362905395451
"17",0.106530408448229,0.28471869115352,0.211980174325791,0.406689132371441
"18",0.0972454799422013,0.315086544268377,0.2129608320062,0.451321608244312
"19",0.11337116577256,0.350135055652248,0.256325201928526,0.409708760968744
"20",0.0959970234117506,0.443796547024659,0.248846354228743,0.411738621657123
"21",0.0138806600528166,0.0145235249910598,0.0142599335934725,0.0144613679410931
"22",0.120916418944688,0.190284474224728,0.197920043278741,0.500389672832406
"23",0.125968669483473,0.263070093294403,0.239342771786315,0.457993119344697
"24",0.120278893450318,0.506819268919358,0.313343656705511,0.441886217617347
"25",0.102839441921684,0.307792295717078,0.220102913279679,0.40132770670795
"26",0.149861486774478,0.252719884454142,0.286911460321224,0.670502679654499
"27",0.0864115228337547,0.297134916782363,0.172320837205404,0.362195751140748
"28",0.125208998810493,0.222674045402892,0.229143272598901,0.430944323808159
"29",0.118806752202345,0.259177209682539,0.230889483110917,0.410206417027963
"30",0.095701344801295,0.365354262456213,0.228023143052018,0.349007839520021
"31",0.099750224572604,0.24689105390021,0.188998287446004,0.419187536349862
"32",0.124578093897075,0.264849154372205,0.226851612164922,0.410157745909307
"33",0.114662079406393,0.265958001476184,0.229138020915129,0.420762584544363
"34",0.13985200267531,0.229383190311586,0.242925515045052,0.503030281233877
"35",0.0993428479167618,0.276879510537335,0.228371925930919,0.371477808893145
"36",0.108128541052166,0.45386919748511,0.274766063908878,0.3533172208768
"37",0.100269607206511,0.276411211867922,0.187255766400861,0.380675307266814
"38",0.119388756851946,0.210419486126354,0.203584035549303,0.573829370252036
"39",0.0140562164425791,0.0149277309047955,0.014656252470231,0.0148272260551743
"40",0.110751173998659,0.304193956375661,0.236911475257591,0.432466660214431
"41",0.120722018465357,0.253262283358452,0.226986573383777,0.46630690394949
"42",0.115082900058905,0.287436966809455,0.229807778246262,0.431936061625242
"43",0.104482564384738,0.27289666712514,0.206028972582379,0.484577989218795
"44",0.0081524200410102,0.00830970054952243,0.00825457496279756,0.008279739037083
"45",0.104027493045103,0.225905191501707,0.185914777437157,0.41380243146285
"46",0.116509917372293,0.292906802450255,0.236156021495964,0.447165372787065
"47",0.0180151573875028,0.0197440216786371,0.0192545417188244,0.0196765507709867
"48",0.11118329617265,0.273914099356438,0.225485869713104,0.459574549992966
"49",0.103629588169851,0.323411420759074,0.236000383077325,0.398974779427264
"50",0.144010341419521,0.302491786749748,0.258203869674824,0.565850555325875
"51",0.124854455158411,0.359640818345447,0.262420313573908,0.398013361240599
"52",0.121351401284512,0.272052757095584,0.240397712377321,0.407988956691092
"53",0.0930108049496251,0.309488880382737,0.203702997280092,0.327490043736223
"54",0.165298498517373,0.366341730674879,0.337028698641246,0.550506772070379
"55",0.124978606435103,0.214944433565725,0.208764509648122,0.506501748425926
"56",0.118365731306161,0.289292125558921,0.236130371264901,0.413558804439988
"57",0.127923880688607,0.334191068585669,0.270211180039404,0.466510822339236
"58",0.112636882367002,0.250711624753936,0.221159769084597,0.382996587098942
"59",0.116557384157593,0.262368779364748,0.200139473856356,0.453119301407592
"60",0.108476068025921,0.217477399821843,0.205204910599725,0.487225144364783
"61",0.113171554999686,0.30937274460068,0.236538512270767,0.39242649429689
"62",0.0970945249370256,0.295427200648989,0.199997595813672,0.381030588370409
"63",0.108647946429277,0.267808070288306,0.212459975260412,0.411303100142513
"64",0.114174645361759,0.259459485094888,0.224604849368203,0.447315586465236
"65",0.09748162469575,0.268990171043939,0.193754399255187,0.359571704405062
"66",0.15430649080774,0.266410483726888,0.275532474355303,0.548279703507193
"67",0.127033411660202,0.210834313233253,0.2057645202664,0.493011325007871
"68",0.101295032527938,0.249227497289363,0.177605929195539,0.448361317371115
"69",0.00767853570001596,0.00780637438391296,0.00775847137444388,0.00777666133291244
"70",0.108433469013113,0.387647910389674,0.245258394518374,0.483678993375547
"71",0.0972982480285067,0.310074646188287,0.238761025560003,0.353195882942763
"72",0.127176204592965,0.238687777789868,0.238587631781752,0.47833007561482
"73",0.158317818666286,0.22607861716275,0.256184936355777,0.595044319453199
"74",0.100826087091129,0.329710815291339,0.215432093345481,0.347460646205586
"75",0.113196304307124,0.227932241945392,0.198136471161498,0.420822932906904
"76",0.102989316506958,0.328832872688905,0.23522291471492,0.446459590583354
"77",0.00572660097864211,0.00581501295685183,0.00578032490536188,0.00578416749634306
"78",0.118630633312391,0.30435670579629,0.232924353310966,0.461070751810968
"79",0.0888181604485511,0.377316834224941,0.213771335110999,0.37758851255303
"80",0.129573059015897,0.244993189091526,0.221488786936814,0.473386907033581
"81",0.0966271220672746,0.280935295291952,0.1854769634056,0.348290238164013
"82",0.0944339284455362,0.436857597747802,0.225428616833203,0.344426058268179
"83",0.116106428484594,0.295108692992942,0.263407960775501,0.369486220562902
"84",0.109733283300722,0.350405447688332,0.238252400765435,0.412402696432819
"85",0.101797361397485,0.258918554122488,0.200745458773445,0.403084371712766
"86",0.149719875983786,0.218294848138696,0.237589845127665,0.728299301620849
"87",0.00837537496704234,0.00856389002161422,0.00849896755522698,0.00852793347545312
"88",0.105558936676969,0.384429771108821,0.285051600804376,0.375667585091881
"89",0.0971305089691934,0.308117635740616,0.194068363945494,0.358981781327132
"90",0.112469647048942,0.324213679890132,0.258690218474505,0.393645638577879
"91",0.0961992240454638,0.31126067945515,0.213485751522918,0.346657835029255
"92",0.0998071244913625,0.306302353494989,0.221896465714747,0.392212737256579
"93",0.138565150211315,0.228024454295013,0.226012649974153,0.5319039837603
"94",0.0909372357914339,0.305729775847425,0.230614519199131,0.354300762937506
"95",0.106370676212393,0.27307222672041,0.200566347547739,0.359835249889011
"96",0.163137483692826,0.410569407470024,0.345550777487718,0.549470475050732
"97",0.123621922580418,0.226400220457013,0.21955400807422,0.48951815146689
"98",0.102090230713341,0.347234951437572,0.229736948035826,0.384892043325934
"99",0.126978027687977,0.323241208011356,0.273120620535028,0.458605240656332
"100",0.0946647286119087,0.471202781104535,0.201491529198024,0.318765953376176
"101",0.101171515189612,0.294512372593843,0.238374590003567,0.386994952784485
"102",0.123766215311233,0.394943348217059,0.282897073801413,0.397318011714871
"103",0.10748711747253,0.283793350529725,0.229783984691585,0.382330935672449
"104",0.111310046614139,0.290496513869753,0.220661346413161,0.429812271372613
"105",0.140862803416133,0.359570907739281,0.300029717205601,0.4853352141053
"106",0.103327522878048,0.346402375759403,0.216787728564291,0.343963143832576
"107",0.121216122373236,0.334340435186274,0.260108253212611,0.490865790781235
"108",0.112495733162649,0.376733061717028,0.245773982948609,0.366178975009082
"109",0.149857009649929,0.377456467200943,0.319298462399986,0.518482515155414
"110",0.0147385198571581,0.015536164560961,0.015239126379556,0.0154349117098126
"111",0.0126699427713785,0.0132329977894429,0.013004540932561,0.0131393476863372
"112",0.0968476977888028,0.383448864278685,0.255423574837306,0.395396439782128
"113",0.153480799371414,0.25535859642797,0.268443445412008,0.591596478014486
"114",0.00900290645786359,0.0092231856102403,0.00913138925983069,0.0091717130077845
"115",0.177062880150878,0.262539726626023,0.301389961843743,0.903171826250707
"116",0.114263062656885,0.378992754795017,0.25721976023243,0.384476755084029
"117",0.0878564590560166,0.393262919511752,0.210587905210313,0.401184146249567
"118",0.126325269058066,0.267741027750585,0.238730080789267,0.49486410857266
"119",0.137949764441727,0.328471342783367,0.286469569654312,0.469629050837502
"120",0.0964253957912703,0.316136850287326,0.234525240841086,0.33989548757056
"121",0.123136878843645,0.27536828520935,0.247646034215611,0.423444781847959
"122",0.134934159558947,0.310892064068431,0.264325825875706,0.443640572799483
"123",0.117128381693793,0.248816324495875,0.232851719639352,0.42840028346948
"124",0.134948637203624,0.197188585523541,0.207035003170907,0.599081694813683
"125",0.111205896477327,0.225581414386487,0.207881107338096,0.39868200724234
"126",0.128582678413677,0.261535163343979,0.236402974953836,0.585787393452907
"127",0.100942311696811,0.290710920593368,0.233016770680931,0.360886145656589
"128",0.112833314262916,0.277583022649218,0.235462807593336,0.447098166819105
"129",0.137684079827617,0.217399054135128,0.239371494839456,0.711818791353339
"130",0.111838185145576,0.239425629340644,0.20827254406077,0.42263246434046
"131",0.13054381977513,0.268241103292579,0.250609590516039,0.483162061023446
"132",0.101224091897111,0.262818540892972,0.193380659108243,0.371807684915636
"133",0.127527094223549,0.261759371221803,0.256848410064567,0.441270579445918
"134",0.131527745628305,0.271734293221647,0.241937033417001,0.441765943681527
"135",0.0923077185415035,0.335741119736304,0.190891872091372,0.322239025987592
"136",0.106096240864194,0.38570134000788,0.261008792726008,0.377256331148655
"137",0.107030471621095,0.331982723716303,0.218019088365155,0.396310530403431
"138",0.124845004998273,0.283416168379385,0.254053895409245,0.46516136348883
"139",0.111610456931388,0.296240245278826,0.228169839253071,0.404705719286887
"140",0.135502566231173,0.229889453148438,0.245781940607267,0.483540132221471
"141",0.0984538226733052,0.327622883187008,0.208430024480638,0.3974224468564
"142",0.119693410044677,0.235694054194462,0.212597282823153,0.487587634998515
"143",0.127306495250407,0.286067005019647,0.271705599260638,0.434400777627916
"144",0.179851707219512,0.213358506438435,0.29340809032476,0.882539963086116
"145",0.140435961035851,0.307890552846478,0.282305058465117,0.517829367955708
"146",0.100514254169266,0.404422586067669,0.244084233782625,0.438757024773727
"147",0.119315565005922,0.215157320826024,0.210051823841125,0.475064074667154
"148",0.0998031686048126,0.405761385625397,0.259340053924585,0.389032441461227
"149",0.101809397863009,0.339682867512447,0.20684842352257,0.427761666152361
"150",0.119054688105436,0.249415335263868,0.24999888023479,0.495142587754138
"151",0.106149249662129,0.232721813803731,0.190996370090847,0.387843725040069
"152",0.127587848515583,0.267075874969314,0.249691806387467,0.455475290451708
"153",0.13145892145649,0.266132632669218,0.224523267272022,0.488297216566299
"154",0.0990171542773613,0.28024149777412,0.215524124930496,0.378963222974579
"155",0.132458117777091,0.242966790596025,0.233854175520445,0.470403991231365
"156",0.127974887048889,0.279318576916157,0.231172766815558,0.515022898054014
"157",0.119481514199236,0.227963461004793,0.207691596789712,0.40834415292172
"158",0.0834624039942915,0.00816860356807075,0.0846229647301922,0.357996907624641
"159",0.0915996647664652,0.244359364254695,0.157834221922812,0.333128954997372
"160",0.152003556652158,0.311368191846162,0.29495755117687,0.555349775232055
"161",0.0897229121325284,0.457185327294541,0.224184920050029,0.366197932013997
"162",0.117911662726081,0.264401856463659,0.223856515706811,0.470757406394531
"163",0.102345710980369,0.279960074235569,0.200034344333563,0.353746834427096
"164",0.137013120362035,0.199263101850371,0.22509131867626,0.526682745631146
"165",0.142321733970618,0.372749565580922,0.279602392226787,0.452556097745894
"166",0.123266262242837,0.296836919313658,0.264698499775854,0.42588163462617
"167",0.142114186557705,0.237035107469051,0.244974736512697,0.528474725716273
"168",0.118243685355495,0.214864517394351,0.193482904272415,0.462968854242781
"169",0.101572592953701,0.271550158866138,0.212610195282893,0.38437129549958
"170",0.120751948339527,0.339947575273616,0.256392483627588,0.431920686135528
"171",0.123635869759251,0.239118396250039,0.22043558775885,0.400538875354206
"172",0.11254077959441,0.282967253376448,0.235982049315622,0.394824941344711
"173",0.0894220117626231,0.545431138219007,0.241640495948042,0.368209192029461
"174",0.1179626758411,0.298270624599284,0.248223214140616,0.423186158043818
"175",0.126886749829317,0.209077691098695,0.236442938939895,0.460694883799284
"176",0.160131440494305,0.297783124407606,0.287881459464837,0.550210607648778
"177",0.00867298449099573,0.00885969065141518,0.00876524707264779,0.00880326583739053
"178",0.103795465176869,0.300263387593902,0.217070092080716,0.363102483896711
"179",0.0981626168393718,0.264022774208573,0.20128175951076,0.356251839697726
"180",0.128556034774708,0.30181242090377,0.256737408173671,0.497758301779173
"181",0.137379136934598,0.276869869862156,0.251397813747961,0.531483342674856
"182",0.165377229261229,0.194676051866511,0.250321996349304,1.08679313633982
"183",0.158417258118307,0.259779069575798,0.273452353511458,0.549462769531881
"184",0.137639606214431,0.393151614598689,0.323823765319623,0.453517875935871
"185",0.120743279150611,0.266096710282653,0.222035748161496,0.42175214268117
"186",0.113145774351083,0.351505177359037,0.241048646103379,0.399488966317115
"187",0.129679253353384,0.246410146633667,0.245250332575211,0.509464270570188
"188",0.0947052660851155,0.627691320473209,0.283308323024696,0.50754658364858
"189",0.0974944784525603,0.373658035404515,0.239604880331736,0.390419804786436
"190",0.113948365602957,0.264857925032043,0.224721402547208,0.478469151534129
"191",0.122939708837701,0.389180271429448,0.282565327506901,0.452431577675661
"192",0.12102064829242,0.204580348942936,0.204078258683652,0.510800138112696
"193",0.101534751934341,0.445896415478159,0.260016299635538,0.375872090945581
"194",0.133035536809449,0.249555426268637,0.252307753818511,0.528943562780939
"195",0.121679233206555,0.372625368947789,0.276730187770287,0.418502943905518
"196",0.112543843316147,0.336429713576031,0.245842489799556,0.443004846458188
"197",0.0974954812249482,0.00926550595248033,0.0986473676121366,0.00920892190352411
"198",0.113816053585375,0.26967224608035,0.228492546663182,0.375509778291564
"199",0.118556766048417,0.240417297589749,0.236087770933827,0.469188869372901
"200",0.139990319805575,0.296807598385122,0.266517653905238,0.487516762761321
"201",0.122305860947818,0.305317140171835,0.251784634656714,0.496486189537405
"202",0.0947359905461929,0.397567502079277,0.257443703383916,0.434264877202797
"203",0.126409423360176,0.383790915587954,0.279726004998137,0.426593408222256
"204",0.0262844952089334,0.0329874848424167,0.0314013165645648,0.0328897027440144
"205",0.111583771465663,0.404866920867417,0.234827262387012,0.437312577357774
"206",0.117318693853268,0.221500584227376,0.226375418956912,0.408786114194064
"207",0.121203222009339,0.245170137428144,0.226984324997214,0.438404705698077
"208",0.115003419375442,0.441591921043563,0.267035860035724,0.374240196064066
"209",0.118056746824492,0.287202873836401,0.243428534900041,0.36245515552928
"210",0.137672185880412,0.214442252504795,0.238300560029367,0.463024341891116
"211",0.118805886575448,0.288802111701424,0.239742083464687,0.439109929454595
"212",0.111141220897675,0.272532863597634,0.212272234443243,0.44693972710167
"213",0.13033124260426,0.273153983260558,0.233454338475669,0.509111908088848
"214",0.0952592065945094,0.301028514718641,0.209777040371512,0.38580476015498
"215",0.108365041892036,0.283781444052322,0.229753367494117,0.383476518294143
"216",0.116421020197436,0.322197337956925,0.254861447451071,0.407064315264364
"217",0.0910847460049545,0.40920355808884,0.240196412504812,0.363079755321439
"218",0.147434423997773,0.272816298386572,0.265988813307047,0.647382885064467
"219",0.124487390112432,0.302860386313629,0.258106209862779,0.453515549978434
"220",0.132256047100088,0.237937192558204,0.240188827353083,0.454863482925945
"221",0.110305736572928,0.28950171967458,0.193889284247936,0.426519753552297
"222",0.135565708342811,0.222205831498008,0.237911543773076,0.518577814154528
"223",0.162928303497762,0.58520507598146,0.350458981783638,0.551367972648068
"224",0.115833064445375,0.485101131378692,0.309378506867578,0.489135435656044
"225",0.00914632161993932,0.00939162606667955,0.0093120166777691,0.00934275853042454
"226",0.0161172133768109,0.0171406357789059,0.0167885947393027,0.017088996263175
"227",0.106099341992231,0.307967727542796,0.233940413102606,0.44624542410138
"228",0.111002217670918,0.29894936633947,0.227854074903137,0.384972072493206
"229",0.114361572933693,0.326478274001043,0.248369469609497,0.431106127579659
"230",0.112186994230773,0.347720342905199,0.252830958501014,0.391623200194201
"231",0.138027367168785,0.241699948306516,0.25274162777457,0.503382793944826
"232",0.115040350859788,0.251110403466832,0.203577203241581,0.448436641637578
"233",0.124590883976527,0.410917961057237,0.268031247204917,0.426801257245216
"234",0.111612934181198,0.251538319877253,0.207865843238197,0.423306648143532
"235",0.158244168342272,0.220914534038859,0.268754673549885,0.559289475001525
"236",0.10882869472001,0.291769073514884,0.222297584266296,0.446513662659433
"237",0.119370871162412,0.245442073597713,0.209904994519084,0.431545168041307
"238",0.118811763424025,0.3072335263759,0.235168874138012,0.434639270549392
"239",0.100114502289351,0.32301698589369,0.227801092135159,0.417345097297218
"240",0.104075501001229,0.238359065289697,0.203089288749907,0.354491857117084
"241",0.126173659302598,0.292367992889078,0.264882499355099,0.490047938594294
"242",0.0486838599670016,0.0740987330838099,0.0654344302632598,0.0765634957382606
"243",0.00691157974518506,0.00702665066223645,0.00698572378092008,0.00699606490393692
"244",0.107624008021158,0.279492189090257,0.215362646338962,0.42097021405839
"245",0.129388141247378,0.34445409734336,0.25470554128669,0.530031407331021
"246",0.0194383789044305,0.0206050582265911,0.0199958706221594,0.0205532107056337
"247",0.130669194871913,0.29711834217134,0.254773767939964,0.456728780468721
"248",0.110853445882866,0.230634193676832,0.205290223342477,0.378603266163672
"249",0.126548924607521,0.234510277763584,0.245508943676783,0.498513426462807
"250",0.110533238298216,0.254136710717502,0.214659096060701,0.448056585846762
"251",0.0982804646521923,0.36045368484927,0.236525121952574,0.390490193639316
"252",0.109544760042924,0.254912875318347,0.21592317999,0.438916317421969
"253",0.110507028562063,0.301968232105975,0.238440000013343,0.3768213914793
"254",0.135993447733295,0.211084298965988,0.229523463516299,0.496714309875486
"255",0.0074244327153495,0.0075408149505127,0.00748945881708838,0.00751174825731749
"256",0.00873830032804692,0.00893029858737984,0.00885687555772677,0.00888535201542013
"257",0.10106436402276,0.310172861074447,0.200159908465268,0.404023916976648
"258",0.162911414341551,0.64561651907773,0.454512322728415,0.503339100046857
"259",0.14646758640512,0.262211237943874,0.273361210392179,0.55847017745429
"260",0.0989417498445069,0.304513162155189,0.226780972294789,0.353072323298684
"261",0.0946072489271501,0.35914579222763,0.244083890997533,0.366235096161344
"262",0.136196021145462,0.234091327770845,0.223549063167254,0.613402706288667
"263",0.101474138382113,0.273362944218814,0.191883739855024,0.364810591003901
"264",0.115480994820306,0.329441541505362,0.26512107427638,0.421026601268826
"265",0.127104116171138,0.275212041981478,0.243895022582025,0.508428391811115
"266",0.121660469412335,0.221764578023409,0.22837091006283,0.470847669893181
"267",0.115675504884817,0.294754857046474,0.236540088119892,0.453420724321984
"268",0.126941880656872,0.221770926375904,0.210740373883694,0.69780771067494
"269",0.0885039621406667,0.372782856346427,0.208707100362802,0.32093280645649
"270",0.10820291169348,0.278061915652121,0.244130955731485,0.403240001925172
"271",0.105829312836479,0.275800655484687,0.207489153226328,0.388032918348322
"272",0.108435461326961,0.268955478655484,0.228488432339559,0.39668886698794
"273",0.177503770003098,0.305727810696133,0.343561489886793,0.624236459372881
"274",0.11650235675151,0.27699548638017,0.240935123896668,0.492500848926545
"275",0.0909349364802163,0.281428118203629,0.21912870350792,0.332880581968569
"276",0.151132974719228,0.29996714500538,0.294383357693569,0.539166943856664
"277",0.0885776270517437,0.289260355610752,0.205245989297271,0.333971096008849
"278",0.114726566773671,0.294266852665198,0.229491070092547,0.413736154319935
"279",0.112688694110305,0.274314934444678,0.205224770497893,0.454084488367415
"280",0.107016460875177,0.264420432340101,0.209686563640357,0.409848615472507
"281",0.116325975422919,0.293152792269537,0.212476034662188,0.449962450371473
"282",0.125048994881196,0.270728453009089,0.240806153504434,0.464210275525282
"283",0.015673313070307,0.0165136451707085,0.016168745918118,0.016437372050119
"284",0.11760112981081,0.239956133187284,0.219663572689542,0.533804402054667
"285",0.122847977918776,0.308453857989605,0.256608021021877,0.451203645890242
"286",0.115050651929836,0.223647526688619,0.203422487106842,0.506928770385742
"287",0.218026368506092,0.333112171110692,0.360651584718141,0.849682669216244
"288",0.124571340414252,0.317466815239365,0.233675161821759,0.395912975157818
"289",0.1008746925205,0.239191787193207,0.182554410960827,0.384350930196382
"290",0.124920029341073,0.259293486515973,0.234176858746808,0.487578470919817
"291",0.0117457210186315,0.0121870155589322,0.0120305787300477,0.0121322032419885
"292",0.131547038324481,0.258168458170974,0.255166397852055,0.465654298384853
"293",0.128684606247398,0.277910096741362,0.237030826419849,0.433698685552038
"294",0.0966423084661901,0.262735875356063,0.183066309906753,0.468337936891405
"295",0.115353658596841,0.240437380024262,0.199721160701709,0.395883475010668
"296",0.115989876504821,0.281313094690777,0.216861342773042,0.437575288662836
"297",0.113445142653274,0.288511111619833,0.220619353820373,0.454101475063142
"298",0.106540328825636,0.368041633689641,0.282423471314414,0.39474429529691
"299",0.127268714085791,0.337679848730877,0.268387395034412,0.471719189620341
"300",0.105660610990848,0.303439488344931,0.208075174628627,0.384148271011491
"301",0.165356742490756,0.285667454622549,0.31967334523794,0.561899666095278
"302",0.117921385991426,0.28658616081582,0.228262142082579,0.481648985224383
"303",0.0944101645047344,0.353081352275548,0.22786034757272,0.383387355410301
"304",0.129695716744062,0.211500926486563,0.227834088114386,0.523291967418867
"305",0.105469302136182,0.283283667191836,0.236066949608389,0.453857426095707
"306",0.0813919038836255,0.366200889790081,0.178711863252599,0.323263476243545
"307",0.11123517949173,0.366422487157261,0.252584304185447,0.419485946096903
"308",0.101184761022243,0.372996878198088,0.241702233262379,0.345015379360437
"309",0.111976517155152,0.292107199339834,0.226657309413361,0.427953194819365
"310",0.125643859189747,0.234753807674547,0.206787318264984,0.442300089394041
"311",0.099768675448766,0.346898170243345,0.243026303592482,0.383024298669796
"312",0.0843138781670634,0.0181728597794707,0.088754352240199,0.01807105056148
"313",0.0988441242601873,0.279929692980031,0.194380255157664,0.358908455781178
"314",0.106411201166289,0.415934222724149,0.239200946076006,0.430217580800383
"315",0.0988699337768558,0.343561446479801,0.222403123575119,0.374401848588579
"316",0.091245148360264,0.310521692804689,0.199988389663417,0.355739787226828
"317",0.0069438098870527,0.00705902737871167,0.0070227928145686,0.0070321881755993
"318",0.113911484885611,0.335466926502098,0.272595780446152,0.402828882730842
"319",0.11646962777004,0.290514000555268,0.247507286483875,0.342624993820699
"320",0.126484271694574,0.288439909785656,0.249644458874269,0.470601462740954
"321",0.135739728402061,0.204900324285121,0.22675139781594,0.547055884141731
"322",0.13534424470493,0.291006710994193,0.272290055883008,0.496021724224996
"323",0.12226570091111,0.257530963357507,0.233752283351513,0.451593543153023
"324",0.122602947528071,0.236733051300355,0.218409434492644,0.466058988950853
"325",0.0993232967617645,0.294905941752552,0.209673047749258,0.396849037113913
"326",0.111778097488624,0.231861205038429,0.228843817384413,0.418478825944332
"327",0.117481353527764,0.274137246780047,0.225832304251246,0.603340292187969
"328",0.0904477129662939,0.346418721207152,0.212975415303311,0.339802787738943
"329",0.118431771977762,0.236212022665982,0.233723972284088,0.445723797106873
"330",0.117100882963985,0.252870773128675,0.211155090058967,0.491307220852568
"331",0.113411785182748,0.34058547026779,0.222390527543466,0.391036526662134
"332",0.116454434276887,0.243908405443796,0.21220382035854,0.484742412425773
"333",0.117616524907742,0.291341899369729,0.214203151253576,0.425054701296471
"334",0.0976700967074046,0.0336752769077087,0.109497202801681,0.033601079566481
"335",0.102240573276029,0.307094772696377,0.21029952793881,0.377262970866644
"336",0.121255955268518,0.25544362512539,0.222744739143651,0.453547172851063
"337",0.112384499630323,0.271282842159272,0.207398369362048,0.48415986442673
"338",0.121440540644344,0.247473545293727,0.230610670779895,0.474889425238136
"339",0.117739650387593,0.241768078472365,0.205844607568173,0.406725998480167
"340",0.131351918651809,0.294330978490528,0.262193549397251,0.455236363620274
"341",0.103407732394558,0.311251324028612,0.224378197420698,0.349086795632074
"342",0.117157724422711,0.273849455147184,0.240206992578279,0.43248545301399
"343",0.129329359816885,0.232737923751307,0.215163017368197,0.469368269260746
"344",0.00896231459030423,0.00920890516405961,0.00913040054898479,0.00916037517168047
"345",0.106881519204603,0.341319303581798,0.239250210647153,0.381599179976235
"346",0.108693466370855,0.254602311019589,0.218680070740949,0.524716622857857
"347",0.0946885356124391,0.234760963136913,0.184364809263309,0.409783566784761
"348",0.117511869775094,0.278342053472195,0.261612705255017,0.44546191075415
"349",0.119670246847858,0.251092259514039,0.23067233290645,0.437329273703947
"350",0.111362856508418,0.325273366534697,0.239261515855138,0.405991556265673
"351",0.0971686853158162,0.419421417968072,0.234639371788463,0.404493730516228
"352",0.0951133807449139,0.354179956939119,0.241586280639285,0.367503838818958
"353",0.102757770268956,0.302811277746956,0.234771545413415,0.407877858012557
"354",0.118258101315174,0.421072849127964,0.262916031542038,0.416720518175585
"355",0.123732498814532,0.262095938335603,0.225527427189398,0.521753878737533
"356",0.107246431384252,0.209920727877888,0.197030928030993,0.377903754560288
"357",0.127851265314132,0.218634557651539,0.230973942476669,0.46706548622981
"358",0.158087647069203,0.354729498352877,0.296198744813737,0.547107836377045
"359",0.105170507139462,0.293963249936976,0.220157840223168,0.46466098882755
"360",0.122995465650647,0.223557882519288,0.210975969423337,0.477497446539164
"361",0.150218610622843,0.377020830629237,0.344654643325096,0.466356426426075
"362",0.0926599541068812,0.411119456181504,0.251374424610638,0.373505364158842
"363",0.15025694653061,0.23099097421718,0.252215073260698,0.577471151091609
"364",0.116010605229944,0.284886778554107,0.224074705429569,0.465396916789267
"365",0.111225256169583,0.227132742431555,0.208207973796123,0.420901292591521
"366",0.107769819324163,0.377501109769804,0.241843177516145,0.371338056574259
"367",0.104535057781331,0.295727631917795,0.210751031478442,0.346424208258195
"368",0.123648613238551,0.224658648122245,0.223164626885257,0.460140038020028
"369",0.114154625486922,0.521437867546897,0.289352200330392,0.429905743166379
"370",0.0964276391527477,0.384494551921806,0.241711330406813,0.437316521223285
"371",0.103457383307637,0.353481484780574,0.25325552814581,0.460440204556345
"372",0.106109133245295,0.281965560072915,0.205636469264392,0.403457381202918
"373",0.126184252941152,0.282285119123112,0.255668636247053,0.490650116281255
"374",0.128005349754293,0.275607221916246,0.249906909865345,0.419454236871236
"375",0.0928286458210726,0.373652666223575,0.246704565485959,0.397451348536987
"376",0.135944823365098,0.352836034923448,0.264238957520408,0.56353665522252
"377",0.172970498871584,0.213875921294663,0.271566105027435,0.76416609675953
"378",0.117576291640259,0.276279752066564,0.227957843336924,0.492607821322825
"379",0.113196071890239,0.251472323106934,0.219157992927965,0.409710593016844
"380",0.118310819659388,0.229290734948606,0.213072086261383,0.425631020488
"381",0.146302700656435,0.365945561102658,0.300400714953525,0.473025565082838
"382",0.117016330026521,0.332392040406774,0.231087435660601,0.381209578169214
"383",0.115335696950187,0.362182215986889,0.248082549143075,0.466172736286817
"384",0.139202438248796,0.243611363135603,0.241519474296681,0.50127303006873
"385",0.113981879522905,0.299652706516207,0.209237625792735,0.398429941844953
"386",0.11576601691448,0.259322456673254,0.218154858354578,0.434330873401026
"387",0.113748711796224,0.291889041690594,0.204291754330443,0.434397855001991
"388",0.113121194162781,0.342990273124746,0.255049357557965,0.403956465065424
"389",0.119242415650052,0.287209205069881,0.228577482705525,0.411163473086898
"390",0.136101597330146,0.318302586217838,0.273170968784212,0.542743330761019
"391",0.117396968353481,0.283597602641089,0.245797324019735,0.466989439911727
"392",0.137577256877637,0.241688214856031,0.254627879117068,0.545031371346676
"393",0.137132854677235,0.294094776382692,0.266895846456255,0.484735091455544
"394",0.11327339827427,0.239255969542483,0.208145279811538,0.496747231132946
"395",0.135763473996159,0.250857831800908,0.234130636942575,0.554670059495756
"396",0.122187428799024,0.236703248170951,0.229800549628431,0.402111598626762
"397",0.131152692092203,0.299470160686679,0.277216003846639,0.461296114882487
"398",0.1041340031632,0.224914327069093,0.19677726459363,0.422554165552845
"399",0.0992717532704544,0.298928960216268,0.193021937174695,0.400353432791023
"400",0.124516244297493,0.256299536135458,0.248521785910469,0.449781141127507
"401",0.103683665891478,0.271170052423415,0.230703265380531,0.35820395700376
"402",0.102001894106362,0.414814288215577,0.237574582450819,0.399777883384121
"403",0.108524418421232,0.274534824314865,0.24060194827755,0.375913915354754
"404",0.146397730981952,0.280523756137028,0.263574201168616,0.54079857517504
"405",0.112024177908486,0.267925107619672,0.206205228665873,0.403564820484705
"406",0.119643769481891,0.303176179786268,0.243846309777368,0.429221053798311
"407",0.128389795833435,0.271002314531596,0.254973315997057,0.467650106605436
"408",0.115090388346929,0.267604607013502,0.215762049745313,0.419095729612899
"409",0.128453850083565,0.31979720475853,0.27444773197216,0.547040772229879
"410",0.123821010724927,0.251490754772069,0.230154717708345,0.400352850154793
"411",0.111964486416152,0.264371147984513,0.234615829910562,0.41623418618976
"412",0.117947970987052,0.247858351021347,0.213118281218317,0.465712271481934
"413",0.151419056008788,0.243606663001762,0.282644223489645,0.500335579548698
"414",0.0961348188287903,0.368403129013464,0.219714590383186,0.383502899422494
"415",0.104638349319589,0.3199829281527,0.216414138308193,0.377488875798966
"416",0.119713681408145,0.393971659148088,0.292299214492424,0.411950023295033
"417",0.125316901902832,0.261678441995435,0.223838009242441,0.462129189174694
"418",0.108588564488442,0.367789394136415,0.259375696536779,0.43528210460664
"419",0.0895471442000495,0.317212349098343,0.192361364821583,0.350348438782005
"420",0.11213278116718,0.284640288568238,0.240781173837932,0.395368337244409
"421",0.0208149352534245,0.0233932279661308,0.0226874681137388,0.0233244488893109
"422",0.0246703590748207,0.0281932655621742,0.0268833581297202,0.0280957561185196
"423",0.126190622154011,0.381925326876198,0.287331745816331,0.530993817719758
"424",0.121682377166824,0.287373445586026,0.250872927123671,0.473950929721827
"425",0.113449706923466,0.343671965644885,0.284214865745816,0.466633034899251
"426",0.111127289996457,0.248244778062518,0.208089029691084,0.392903462026093
"427",0.10193648237538,0.293790857083562,0.21804269819275,0.341896914604061
"428",0.108409717482682,0.27759959179765,0.193185108050481,0.448624406763263
"429",0.138723536814122,0.276549285902134,0.268308292326835,0.509479330320826
"430",0.11722769804975,0.223692299665568,0.204408251563973,0.483390070126979
"431",0.10291301598585,0.292993209007216,0.235644755712473,0.353348989228023
"432",0.127308547630463,0.241844452739502,0.237389276211944,0.424725849644943
"433",0.126726789584857,0.468716306108055,0.284549491106009,0.470025601225079
"434",0.132877570708376,0.241487319600067,0.220808289986053,0.539412520562962
"435",0.153059783794986,0.257756134777409,0.270790432328095,0.515509617516219
"436",0.113078050938105,0.293758287335082,0.235837135325521,0.427145813866692
"437",0.130626681083722,0.23950510777214,0.230129330730748,0.482663185510109
"438",0.119315435950268,0.258387656612998,0.224885723775951,0.438935417494969
"439",0.121774923553058,0.210255959621905,0.210127403271237,0.486946508700002
"440",0.167974598614594,0.287439614529928,0.309039978747822,0.553856808958758
"441",0.110538019683054,0.331377720356815,0.252121775013188,0.406237334105025
"442",0.0730574075018609,0.0251596449553207,0.082625620428097,0.347279448135655
"443",0.122935964945043,0.232280041284872,0.216944683726046,0.428846747577273
"444",0.120926436535165,0.234341808199487,0.220741423486791,0.425227287081343
"445",0.13998320372227,0.322107085469612,0.270858933561124,0.470936370349071
"446",0.0865424333490462,0.52784892526962,0.217023965879633,0.355140144023899
"447",0.100322113404071,0.258091006198277,0.210367663212133,0.362601629453244
"448",0.121336418323102,0.222155690774063,0.222972620635656,0.48284246546882
"449",0.114267628307174,0.377790301717916,0.239583804259384,0.430211675472466
"450",0.113804564701144,0.253108884971693,0.20356674106958,0.434163132834671
"451",0.140810816722868,0.267526755533406,0.262475621859378,0.518284298430708
"452",0.12804115007279,0.29892994452923,0.250577181515426,0.44238858357097
"453",0.105243208750748,0.285760744872418,0.234570053564754,0.429107364425433
"454",0.109843297518057,0.294103654163548,0.220769084695538,0.392676105610944
"455",0.10544715242141,0.284145035198172,0.212983767377505,0.3785500152149
"456",0.101597391198256,0.304665577387938,0.209391263595903,0.422015159785563
"457",0.0987512507747221,0.305950592612401,0.204081096017107,0.380546064461501
"458",0.146821818624177,0.203764624918744,0.242612887266237,0.629578935047603
"459",0.0903045592336168,0.464559270466805,0.181879849756085,0.357010664909904
"460",0.00988630896219375,0.010213488347275,0.0101220116792744,0.0101802650926492
"461",0.128351763166261,0.251426211357621,0.250787461844343,0.449747023819588
"462",0.104801423326471,0.275773611739414,0.202036092230337,0.438853380696042
"463",0.121257263385711,0.291440253713489,0.250359750479651,0.429953386335687
"464",0.104531418178329,0.243675050609492,0.20209311596818,0.405804459691208
"465",0.107243455376739,0.24465681282673,0.204205958338883,0.406086878482332
"466",0.126567790575859,0.261030232105913,0.240712038045217,0.469592402838974
"467",0.166182069628171,0.251195868128243,0.313225294873235,0.556682824204322
"468",0.0168967271515349,0.018500425118091,0.0181115342166824,0.0183917570784342
"469",0.129786233202046,0.274689731631784,0.231557011778232,0.493061216544417
"470",0.131703836369868,0.222931562770527,0.238296682366834,0.491168824294866
"471",0.126684183860082,0.301160798910138,0.283497187698088,0.474535340556707
"472",0.109645610995794,0.408993109018532,0.25895631065791,0.389884130225567
"473",0.104296322035694,0.348899330836927,0.214403304170877,0.358452440412492
"474",0.112424504970664,0.274166694030395,0.221573721136277,0.414341875669188
"475",0.1135360262202,0.391841689252486,0.252076671209463,0.41660781372527
"476",0.0988233758532801,0.393987985356069,0.236534634485158,0.40905742653728
"477",0.109169716082081,0.32796836227416,0.247225903740667,0.398730466399501
"478",0.113399015631507,0.249815437494509,0.227334852542326,0.479146630216713
"479",0.149851457434392,0.301927524576428,0.289314571364831,0.584405313028732
"480",0.111193352958799,0.286896075001145,0.230777198883227,0.472608113344047
"481",0.119940079872238,0.332686834675231,0.282207829707754,0.423538954682513
"482",0.0954153357780123,0.286845499763575,0.211299931056547,0.346957781024953
"483",0.122567250829803,0.267364254930819,0.254475586234093,0.406522327991807
"484",0.109313738421118,0.321581974486111,0.228468476455084,0.357320672761484
"485",0.100788674441796,0.239203955149596,0.199006807498301,0.437318231305949
"486",0.117821750783276,0.236328000375817,0.223233825003796,0.494973348654305
"487",0.120775873089055,0.281064709006722,0.25532831453485,0.457363114302145
"488",0.104941536813033,0.297174963498124,0.236941548899626,0.409243545432231
"489",0.105717399766561,0.284157848643638,0.213063028554874,0.349712657618655
"490",0.128442206272916,0.348605750027955,0.270486804241267,0.517176634764856
"491",0.0856391696112279,0.524932937656494,0.272283644386691,0.369899655328606
"492",0.141520505948912,0.336396331847992,0.262104987783205,0.459964297920581
"493",0.109164344769831,0.358597048797204,0.250518478076751,0.410329230981835
"494",0.121373631640147,0.377081803414913,0.262333269902143,0.575948963325539
"495",0.110774747779922,0.24226751795186,0.228782948072676,0.394284101138776
"496",0.0960452109815823,0.283465850016969,0.216286807897826,0.32261255385371
"497",0.114170847755902,0.276209408253468,0.222777913070487,0.42672446050537
"498",0.157626600065013,0.220915507140082,0.257676930775402,0.644081102585147
"499",0.0781294977030515,0.00970068806132075,0.0799710383933181,0.46916795801983
"500",0.118207805652087,0.260140867351658,0.237034172887618,0.458952765691714
"501",0.0772720725936981,0.482442746652581,0.190367999866543,0.501633479407253
"502",0.131631640905393,0.267019558767601,0.226656238476356,0.468729528800339
"503",0.105051688438723,0.326846906475703,0.277354982868633,0.475767336998107
"504",0.106559510624131,0.376550125618386,0.230801227313814,0.356623714712658
"505",0.109309120319546,0.245071872058691,0.22199118124742,0.373814862891149
"506",0.129311403629984,0.218865620220524,0.234423810884202,0.458662644666374
"507",0.00615127062827949,0.00622843245122584,0.00618634395480641,0.00619486286889934
"508",0.0988143474221081,0.361995102114151,0.220811839368428,0.395080569113961
"509",0.129358041333626,0.243613713767978,0.227311601786773,0.488283737468192
"510",0.107981588074731,0.258250848375728,0.210004382507625,0.382599309974859
"511",0.0985484770474542,0.515668317972256,0.253490110141017,0.420021430093622
"512",0.0993881999847756,0.25090599080846,0.199346709858758,0.362683645458549
"513",0.115046469341116,0.256975368115561,0.228358206160564,0.410794166498817
"514",0.109459882668321,0.252862086732223,0.190518737425745,0.450615967591354
"515",0.123377384666672,0.254381800307344,0.235069621158694,0.492763094762572
"516",0.132446374384359,0.312662559398153,0.270672893917458,0.486272690882486
"517",0.100483087756911,0.30580199236965,0.223881342538238,0.415041834882073
"518",0.11652310047532,0.366464456677959,0.286201179830222,0.426527648064625
"519",0.119858255885013,0.351886484272666,0.275563069868918,0.450338550551204
"520",0.0874062537324579,0.57456865290276,0.233071436867943,0.327798495133294
"521",0.117834297761366,0.192772278622237,0.192243530790681,0.465120790678773
"522",0.100012232937983,0.341632848099933,0.248485323483006,0.379866494308062
"523",0.10940132445538,0.345623213112339,0.230801579564149,0.396281301105508
"524",0.132487716110301,0.281082752841283,0.254676015594232,0.459510929323203
"525",0.130464010401328,0.247302806822076,0.222308962479795,0.550021676001733
"526",0.106521474947022,0.245047251762464,0.207501718683081,0.419677380905676
"527",0.105510771347281,0.306498762664382,0.222464777803571,0.435109874561299
"528",0.129268553502291,0.314011059496441,0.262113061678272,0.438374550297492
"529",0.121363679937146,0.281259061036799,0.231205722622779,0.424912197715433
"530",0.00791237124532911,0.00805148906138026,0.00799088394901176,0.00801058717476905
"531",0.114366953790028,0.278734144356355,0.235710840178844,0.425269337581107
"532",0.119047771658141,0.273856359582808,0.244899263428631,0.464602851568375
"533",0.127955717068277,0.259180435657697,0.233188084744139,0.533931317507672
"534",0.113047905183583,0.347400261637818,0.244894535004423,0.393581638866821
"535",0.0923764909655713,0.387142545457508,0.21398241899803,0.362966433109582
"536",0.0804090649673777,0.0185370320766244,0.0848550797622703,0.0184517645867812
"537",0.116142153794494,0.381264125557815,0.274923774069977,0.439807703770231
"538",0.128609368205561,0.290472673629772,0.234096097362813,0.447411379999578
"539",0.117105401066488,0.301820384512646,0.219390700089445,0.441503900239288
"540",0.105595707802922,0.407930091588494,0.258888014450546,0.409927382121296
"541",0.122876391589094,0.262554967224517,0.22079280547567,0.540113112860768
"542",0.111182117711588,0.342599587300687,0.247944328797393,0.409367807080217
"543",0.134340062161043,0.248251947677617,0.233242420501481,0.480324933037954
"544",0.100511150199058,0.331011573017548,0.217483616058606,0.478464049169603
"545",0.0965412108391233,0.225934593832708,0.172574117924419,0.381670913384558
"546",0.1156188759112,0.23518006422397,0.19666677578288,0.475863835580321
"547",0.106245942640098,0.282324710153685,0.223360439072311,0.423702502841576
"548",0.162917578671473,0.233832417171326,0.263615356085183,0.778555365346796
"549",0.109727550127531,0.267814458499636,0.210593397138751,0.386058310408956
"550",0.136051113008902,0.216931256881524,0.243234319489992,0.481210335245178
"551",0.113514155038314,0.236828889454747,0.189640975305976,0.426426619560989
"552",0.0876787776330569,0.368399195713887,0.202205137377219,0.34186001633158
"553",0.0134450036203971,0.0140435022480548,0.0138166476782909,0.0139927762278547
"554",0.090780004666942,0.424685856012457,0.232962353725445,0.30808887037403
"555",0.109214934692588,0.306274001004061,0.215390716983059,0.357410784516327
"556",0.102975813200546,0.279369908715127,0.200615178816531,0.393362208056278
"557",0.106000209754165,0.353220440385216,0.212055982400747,0.376641828098804
"558",0.134062400798528,0.225313196222807,0.232687781437082,0.48127374448867
"559",0.0935908336617296,0.325342085630257,0.21021857278442,0.363662612728593
"560",0.14183258577713,0.19555090181487,0.22871252142516,0.50361498593571
"561",0.126242599167561,0.272013288779716,0.260374996964064,0.496550451423468
"562",0.123152785734443,0.277774858401801,0.241292255638072,0.467143689496246
"563",0.108567090038939,0.439508632739593,0.277524681593536,0.381749952296668
"564",0.13043094116055,0.212725592504611,0.224850583056656,0.498256130986513
"565",0.131082849110232,0.272613307016709,0.250356376826629,0.46038591913434
"566",0.162404463653279,0.25860459608817,0.291202677818636,0.866157471157295
"567",0.0936654877101514,0.280923951911964,0.188447308501021,0.355003949214593
"568",0.135135236687904,0.245347304138691,0.25982657922992,0.537869701329911
"569",0.126061597944172,0.25463933497201,0.223485558951428,0.448173736186182
"570",0.120053216970985,0.288052735315939,0.227555962361601,0.48599213480366
"571",0.116813995564847,0.228817050699072,0.217538574131897,0.501949087512368
"572",0.116418304987514,0.353248588102132,0.243202343039212,0.404224154528607
"573",0.151669031403947,0.204379034996396,0.237163865808214,0.745255028728311
"574",0.11689463163503,0.21223744624543,0.19520330218171,0.470042918867357
"575",0.145364791753431,0.285015581543162,0.282583481746315,0.481863934894979
"576",0.127200802881424,0.295895678282797,0.240262267971826,0.429491715142747
"577",0.128065365256788,0.357071441608833,0.251536414637125,0.488567510799734
"578",0.10393443327774,0.321742078661061,0.244321191101124,0.382527517440953
"579",0.104404446558384,0.28489482535003,0.207785268562077,0.38549995303922
"580",0.130001208668697,0.206212086531715,0.215320909604388,0.580746816852486
"581",0.155806608286552,0.353932348613797,0.302091426607217,0.545669859945624
"582",0.115220887429632,0.49034737946203,0.310449901705433,0.42074427108276
"583",0.122801901384969,0.298789698226037,0.261478864905124,0.407058567704086
"584",0.111475174789944,0.240157964121423,0.212680829335784,0.363953169677217
"585",0.123979965369125,0.25267404822875,0.248464091312554,0.437653919772135
"586",0.0978227711356498,0.263041960389262,0.192040921056299,0.353451118517256
"587",0.109676736218758,0.232805311582377,0.199710747551385,0.413613646856059
"588",0.113426718218991,0.291064053991447,0.238190295192327,0.413723172093624
"589",0.108725159766124,0.33417949209957,0.235233273470705,0.404855189232888
"590",0.131384463009921,0.200514380251128,0.217788203384866,0.502805770409299
"591",0.126419394292808,0.339871893079767,0.276822023637838,0.499237800021179
"592",0.0973091460489781,0.384965574847706,0.262318267779968,0.419637461432789
"593",0.137314675606671,0.276315273769361,0.238878068102254,0.569972826311927
"594",0.115783334955843,0.206764391802875,0.189744990368778,0.497895958267935
"595",0.10492490311436,0.316885298846496,0.246169609560476,0.404165798965832
"596",0.140006550145561,0.302345974476655,0.273129653420572,0.492203072747717
"597",0.158163898108197,0.231903798268799,0.273595290571104,0.566759006388737
"598",0.123341914364846,0.38571847794236,0.295126368738314,0.441864779005593
"599",0.100687697953003,0.278291908242539,0.194389315396591,0.370459107025874
"600",0.159570390437155,0.203349627533017,0.248945404316887,0.582431401740071
"601",0.0140458200000272,0.0149322625295503,0.0146651814633451,0.0148672362860286
"602",0.0947048790256275,0.281484542118436,0.181652546218227,0.368040491897887
"603",0.132559957510913,0.237144263956871,0.238987220720472,0.521531389960856
"604",0.10132312386603,0.238073617405554,0.18814303693202,0.371420093935764
"605",0.122847661766374,0.289649461997554,0.228278317143312,0.523582074314613
"606",0.117879267980936,0.287485483183322,0.225723310378833,0.431978100401178
"607",0.107625995443121,0.300265899727879,0.232233507447183,0.401364344414273
"608",0.156605315014238,0.259504304717357,0.282755689665115,0.601118364426336
"609",0.113353426541639,0.288067374868013,0.241870401816005,0.384425773623582
"610",0.0950008342186103,0.279256040212666,0.204885773062407,0.363611990207108
"611",0.162627436944182,0.237331566170759,0.263606320984226,0.638625360652869
"612",0.116893103427174,0.272964790574251,0.246223868352198,0.469606946720582
"613",0.0898873312389206,0.468274796292976,0.277146939261616,1.08204966894559
"614",0.107790700193792,0.303893765764279,0.223345702017741,0.424602419068116
"615",0.128862506137747,0.218367866209195,0.213900017227843,0.498557797272701
"616",0.107505765399687,0.263871275431541,0.212420746173685,0.453391709356294
"617",0.111825034274869,0.337619107504703,0.251868137989615,0.427728753272415
"618",0.0959394817043853,0.312473031103087,0.210710106089788,0.341433074357121
"619",0.100449294526577,0.316297219159837,0.220988558763108,0.426072851335945
"620",0.137318798923695,0.282251696598292,0.272452434028037,0.470107347866104
"621",0.117856402001148,0.309518262873244,0.231786391958914,0.402406151925353
"622",0.112172577287482,0.252415384016446,0.190960899238944,0.537093686395157
"623",0.0987849654718307,0.281310286445119,0.220081650261743,0.373288274417773
"624",0.125949820863088,0.263865906315436,0.227880748541978,0.472995735932996
"625",0.0960717529893134,0.254903443992582,0.186156559628053,0.369308096634542
"626",0.135167475877046,0.358362410995836,0.265460295474724,0.478465345349864
"627",0.120549789861051,0.208350457428244,0.203541977319424,0.655544471142535
"628",0.11557094621804,0.267823461429382,0.225404879067003,0.452895178178785
"629",0.164124449388146,0.228499980867265,0.272480642534861,0.65978174094027
"630",0.0117010785331542,0.0121204533290725,0.0119769775268634,0.0120676800117451
"631",0.140799508493821,0.246144578125357,0.255651231546298,0.673485110258331
"632",0.127435457826393,0.255041754882759,0.247440739024039,0.461161533521335
"633",0.105742939784208,0.297982488985496,0.232800856734918,0.343726730195146
"634",0.128192845233104,0.311703767112707,0.26848649075247,0.492183109949842
"635",0.129398786891055,0.264809908038717,0.24092726508068,0.496171620832918
"636",0.0137042407147794,0.0144610671303961,0.0141640088609289,0.0143527075447892
"637",0.125116596290648,0.248157628868922,0.226501731417563,0.42562321700858
"638",0.147449757133181,0.295517298893304,0.263101160785076,0.57662354216276
"639",0.10015809208155,0.294839410390239,0.202095425036354,0.396454412785346
"640",0.101145113287601,0.397205488943744,0.244763487524281,0.373816295542859
"641",0.089240426854409,0.258376135286174,0.189512158090546,0.309527733731224
"642",0.13864376443184,0.329785259715762,0.289247961529788,0.462673478427154
"643",0.103591776144432,0.0857249688833593,0.157970460816388,0.586885324762529
"644",0.115727473966393,0.304546245819912,0.22888738810546,0.449529892223652
"645",0.137179785416953,0.406404666956552,0.33899424380848,0.459294570165346
"646",0.108410531070902,0.22158901681377,0.199920960753027,0.370891401162937
"647",0.129209912313022,0.284207894195267,0.251939726846153,0.469113870571327
"648",0.109029624299546,0.240614133079217,0.197764927789693,0.466292132127702
"649",0.14416414112434,0.261175983903971,0.268122975108472,0.613297556138856
"650",0.158459324597303,0.262731510380799,0.271100675691589,0.570894414379642
"651",0.112774919305816,0.278193068058724,0.228512435780064,0.421915441923957
"652",0.13633409344537,0.295342354874679,0.268485299191567,0.426230376827654
"653",0.12766814138292,0.350945614622849,0.26935535994219,0.445636401987158
"654",0.114824551657354,0.222015294567117,0.18564600479655,0.454735374913334
"655",0.0863844131810837,0.36745992292372,0.223141208398552,0.309024969636292
"656",0.0985119669742966,0.0110560087237096,0.0996632187226579,0.0110128502165244
"657",0.10063871866702,0.277060835087059,0.199908557413079,0.417951389541067
"658",0.127912177777404,0.241904172093353,0.244573125374665,0.432084957436416
"659",0.115393584938894,0.394101058813973,0.262484279160876,0.406449813095014
"660",0.122399393269792,0.30352697858769,0.224768906814657,0.489963625764392
"661",0.137537739458449,0.23493858904802,0.240938145726791,0.556998005005554
"662",0.115903287594718,0.245939470900548,0.227397752769565,0.396268818626823
"663",0.106792307302011,0.293823218401989,0.235362821862952,0.405500615709547
"664",0.116569197968948,0.285730177854918,0.245701181574739,0.403205688150778
"665",0.11357742938577,0.281230980575361,0.236202376855509,0.400875578445767
"666",0.0968751574018608,0.316995235455987,0.213620281882263,0.356185949655201
"667",0.0983991050390968,0.329102224461303,0.22670061494357,0.440404341768169
"668",0.130493410074035,0.292729509795553,0.260369903622961,0.439924536079978
"669",0.126866223917977,0.378039058016228,0.256284549628929,0.485003655728125
"670",0.110497411279164,0.261822697297497,0.202465907060001,0.411055243463656
"671",0.0990209908527761,0.31060344377145,0.196453427876792,0.363123884942404
"672",0.106411727171778,0.260764095871838,0.204122402128126,0.381390628134882
"673",0.110034817622911,0.277027672879508,0.218009522855695,0.399780590152592
"674",0.110337351952066,0.241325933833693,0.203223069796813,0.411436050405398
"675",0.10685894912844,0.332924812652694,0.260428226706263,0.385721556297482
"676",0.130995205122359,0.257992462832447,0.251414030979105,0.446194075781637
"677",0.13556192938597,0.276661942964128,0.272080003159221,0.506658847051861
"678",0.0133854277658,0.0140292498436224,0.0138203448851428,0.0139722783711205
"679",0.008640339845679,0.00880051730450132,0.00871884908118765,0.00875579181645508
"680",0.108643957972949,0.437857260340914,0.321060561141032,0.343349019217654
"681",0.00694871059932039,0.0070602055304926,0.00700990308447575,0.00702255330481621
"682",0.0889049643440676,0.0145801773040378,0.0917655194585783,0.0144962061709329
"683",0.0903807022887811,0.485579391112514,0.243896391656826,0.369660686702125
"684",0.107604355141178,0.278231636773178,0.220896550667285,0.351337885721147
"685",0.115806599236838,0.208454099233585,0.186651682914263,0.461412045121258
"686",0.142813454042806,0.264373258031346,0.266398138460007,0.484590314645695
"687",0.12060694492275,0.441378138604723,0.325656114096355,0.445733364875342
"688",0.108343632151979,0.267272222129645,0.223109119610835,0.394703734978275
"689",0.112805881850861,0.298901843379461,0.23646035020982,0.395914793077839
"690",0.0960483262761905,0.285382962613283,0.209141552979242,0.393457669699872
"691",0.116309575383939,0.323042769314712,0.267800598271364,0.415357511889674
"692",0.103263008520596,0.371707486897067,0.249099150097024,0.438478438891532
"693",0.00772881093920042,0.00788999248813084,0.00784621315673247,0.00786711637205795
"694",0.106027509031452,0.311758374360521,0.22610067193668,0.402158685176064
"695",0.162462315822806,0.346322007696374,0.344500941667519,0.523922369400788
"696",0.00634158547048004,0.00643087489252277,0.00639171783208398,0.00639930740395706
"697",0.110108988890507,0.437996580706007,0.277726761173494,0.375388057386944
"698",0.139384147614568,0.213389322809062,0.224367105351434,0.57009904790164
"699",0.112803988357414,0.271905683901241,0.246302203990079,0.380674193650331
"700",0.109011669265347,0.377817665055293,0.234238830516768,0.360758264866708
"701",0.158060274488286,0.243045749687609,0.27288452937702,0.615829838693037
"702",0.1634411871829,0.236150930854118,0.274675060851312,0.590448658983017
"703",0.09573218020219,0.3178078750808,0.210325094498908,0.346645986412697
"704",0.119930427420367,0.324545592174916,0.237881399416262,0.427543143649438
"705",0.105617509528366,0.327145037489311,0.243777738516308,0.417931884364535
"706",0.112319653843178,0.337069568881705,0.241646985511579,0.429612622135958
"707",0.113770502261533,0.247145108607278,0.21386720606703,0.437809487606577
"708",0.115544145358641,0.250034157371886,0.212337529376615,0.402612698287772
"709",0.141273661535795,0.216182515927999,0.222616237379461,0.502207397245562
"710",0.130822534112257,0.21091940254215,0.216602838800976,0.584145822260151
"711",0.110009904961534,0.276319577375992,0.215901267391123,0.382959009273086
"712",0.0962799691817122,0.396970261978054,0.225398317507768,0.452688550790818
"713",0.0972447443759377,0.503859004217899,0.228614016351364,0.409487212672557
"714",0.234449575766675,0.650703571579167,0.509120708769626,0.611225015537836
"715",0.105271755523511,0.398307074739292,0.246053950271739,0.383609183432947
"716",0.0945646945664263,0.307187203391876,0.194596967224542,0.339470938502344
"717",0.104039263823957,0.23246781785532,0.212390690881964,0.388913687307136
"718",0.0999516542524906,0.312472887611421,0.225279357958217,0.410413241587012
"719",0.123584550480224,0.278055578539569,0.246798678288272,0.499751831232709
"720",0.111107066340763,0.352404020873516,0.250703017661315,0.383674589987979
"721",0.120314288913548,0.240164226535529,0.210339051002765,0.514577542902495
"722",0.114135742226187,0.306918028875943,0.262628759268499,0.423401130883026
"723",0.128694042364643,0.285538721918649,0.25981367312989,0.481329556950663
"724",0.113476613561615,0.281741249949761,0.215495586334706,0.439882705880658
"725",0.117843741412101,0.239814551159496,0.218135126546469,0.446499303311654
"726",0.104762972869228,0.322990866902316,0.215116051199749,0.404068597340143
"727",0.118085223286169,0.301259728545012,0.230858822494533,0.448702361987909
"728",0.107714337981187,0.333952541724982,0.238748323433985,0.313466875709001
"729",0.125062248836943,0.241329074000203,0.238361488236504,0.470357345531344
"730",0.111532355912598,0.316598634139633,0.242218397204652,0.397317859606763
"731",0.143227388735528,0.334552128980184,0.305765840847509,0.520579942059848
"732",0.106091331616476,0.245171105742062,0.207720476238433,0.384100582821228
"733",0.131119938066544,0.200014241258123,0.214292173286977,0.548859646667184
"734",0.144043688558351,0.304690571686215,0.27187299992952,0.657540312650834
"735",0.117546929062665,0.258270420942875,0.215696314078525,0.453932295970162
"736",0.101614722230397,0.340727342528132,0.216419107132466,0.384727843955564
"737",0.107072834178709,0.239891207714643,0.19889416503485,0.422746900198689
"738",0.122567165710034,0.233911874185474,0.211054130463386,0.434570960120691
"739",0.143695297474192,0.264805533572866,0.246006367771302,0.553649911119418
"740",0.113687281320832,0.323932384095421,0.303346676909734,0.437384527969883
"741",0.13671446596185,0.21535283090221,0.232495873214092,0.56115298302439
"742",0.111383755011456,0.263007795486013,0.212021980458233,0.395060771033082
"743",0.120212189333565,0.213923879736661,0.217479824002666,0.470201284207144
"744",0.10208646001592,0.201097814394353,0.102729465649945,0.407242559081155
"745",0.00663449054446557,0.00672317118208902,0.00668030868635174,0.00669349634254443
"746",0.125058171650074,0.199888025612354,0.209405849632347,0.477693360896519
"747",0.135657848930816,0.232058669638636,0.242931536016415,0.532005165986274
"748",0.126872028202755,0.239456692292792,0.21572547346439,0.483834058555263
"749",0.121868254461029,0.254291658100866,0.221910646100459,0.442732535805233
"750",0.128769380087678,0.256508628326323,0.235064362303836,0.436683920951832
"751",0.118166585481995,0.248104710472567,0.22797090229507,0.416892557235538
"752",0.126074732664758,0.272198900961655,0.246798298509171,0.456265168018028
"753",0.107521810887336,0.238032850887837,0.186590034162495,0.474147957001182
"754",0.112943511002437,0.336111887138293,0.254268098665602,0.445809084544647
"755",0.142594420178004,0.261994342521429,0.266069996311785,0.560586034692851
"756",0.118535877912231,0.27081920627363,0.216803304184707,0.452963995702948
"757",0.111337122135641,0.33910899934385,0.234717659660015,0.428958391753401
"758",0.12867862969584,0.278888619852208,0.252918919640935,0.479240791751942
"759",0.134599345357042,0.295343497498307,0.260709941807023,0.487925771652065
"760",0.11428775942813,0.198614459818169,0.191816119099601,0.538025740994901
"761",0.162154769597632,0.201160494236696,0.250560490537028,0.614256956298781
"762",0.117695197324936,0.260083434113966,0.23730670680862,0.4535249956351
"763",0.134805645825125,0.256088583028876,0.255466465440962,0.49094931571615
"764",0.118778799380643,0.278295880307924,0.230341160949935,0.526768661928987
"765",0.126901741797973,0.258144383174683,0.24954686760891,0.464363812821968
"766",0.0954476116305926,0.416068788655114,0.259760770044729,0.343154742742022
"767",0.0920674776448243,0.267533500170574,0.189374633197783,0.348097263558616
"768",0.0936999525054374,0.268799471236319,0.182237973870135,0.344349532489037
"769",0.115470656758639,0.212910097790245,0.204607658913463,0.503172612192856
"770",0.0883069774261612,0.496376315222774,0.204137304703476,0.38361277308659
"771",0.149025483281267,0.26968440337869,0.277881905142417,0.516409245732034
"772",0.111187058345004,0.269942624538196,0.231535115363556,0.403119816263509
"773",0.106727696262606,0.286031969270055,0.228501577171999,0.405542716715358
"774",0.101653881390223,0.215916299949723,0.181789569880983,0.37020901898042
"775",0.12256012153225,0.297108309932387,0.246478756533982,0.472695594815837
"776",0.0991408040643381,0.0108571185669572,0.100843382491848,0.402845049469356
"777",0.130410799711219,0.242052744535839,0.244468016799144,0.432238471351448
"778",0.0129200432121107,0.013523746595091,0.0133168910610726,0.013451314694208
"779",0.125358136804213,0.305166037081557,0.240424611443353,0.414829371487259
"780",0.112700242651832,0.188663309290344,0.185246837875847,0.455747319082965
"781",0.122168879887183,0.262305883416517,0.217195394872713,0.446330561847149
"782",0.0995957029421229,0.416025827271736,0.227253892740649,0.470162079610762
"783",0.11578797017997,0.310792329043135,0.232730697461314,0.491068937201777
"784",0.115315881804221,0.255941503567634,0.223113047187122,0.450291749175699
"785",0.120181989754341,0.271732205637454,0.225725915138783,0.440215770697935
"786",0.00897254844312645,0.00918553313821861,0.00911472439457838,0.0091495928055685
"787",0.10738333807519,0.373945971413063,0.2383447172358,0.455670986265903
"788",0.125476325401686,0.273134129046204,0.261481825298823,0.434264825173216
"789",0.101711233287494,0.351172527462891,0.211951140467255,0.365974507697033
"790",0.127887610635627,0.33671634552424,0.285515917416678,0.447840891741182
"791",0.112305921873343,0.38780096394306,0.282952554020693,0.376663518277439
"792",0.102538864750909,0.244330301481663,0.183978715117827,0.359046325974164
"793",0.116065025676508,0.302761134004882,0.245570127742748,0.412436086084636
"794",0.132598505124981,0.207104510071023,0.215780907931867,0.483124711316014
"795",0.13054337441449,0.32715020918894,0.264793856161815,0.408903003216982
"796",0.135292464545801,0.196090907942728,0.229057142754756,0.437412758486547
"797",0.10965086558355,0.209484553063635,0.201986505336082,0.379126292664179
"798",0.149346347994563,0.243724520145797,0.264850592181152,0.577142717639257
"799",0.11561122214145,0.253910639404295,0.236584810218027,0.405483451828946
"800",0.125334064136129,0.257514257001082,0.239443842866918,0.578280472115642
"801",0.117282001644507,0.340587293513337,0.246117341619756,0.41409989116193
"802",0.109836506791585,0.250830430634152,0.207959123877407,0.401177774694407
"803",0.132901395642257,0.213207893347678,0.224671176746508,0.507459062998615
"804",0.106011845893692,0.246717468225693,0.195517214323386,0.389812994397605
"805",0.129719493274514,0.318075178768548,0.255420727674246,0.465422612759101
"806",0.12737398627322,0.294241552399479,0.255798418395405,0.460727292600335
"807",0.128338339494244,0.305731358706477,0.251871758163714,0.499710295716303
"808",0.11755428989528,0.267475966067018,0.224924620657947,0.411283508431878
"809",0.129282195226452,0.259252763945536,0.257903419017021,0.529555529560231
"810",0.104424324732463,0.382701576595031,0.247761703851627,0.365148057198537
"811",0.096103442540949,0.927442576598951,0.306546501830918,0.306211139331744
"812",0.11161726742407,0.258856117663364,0.219153464949015,0.423964065942443
"813",0.125855307108188,0.22791960426845,0.224040362155366,0.4408154013431
"814",0.122025599177949,0.299810008332981,0.226360456950828,0.445650645773088
"815",0.123933343514332,0.302669486982119,0.245807636537883,0.423988259710109
"816",0.122754976734568,0.249017874019141,0.222693270744771,0.459558113088007
"817",0.12153528402882,0.27568668340992,0.242147571149606,0.493366840400301
"818",0.120788872551183,0.273491761739111,0.221985020356742,0.468750455377255
"819",0.137369996668715,0.283952207558624,0.260899004776233,0.509406386184072
"820",0.122517647102667,0.375986413822633,0.306889279403385,0.453314714621094
"821",0.105147803851182,0.277360141285398,0.20734515240214,0.426776948542834
"822",0.127986290036942,0.307696708744622,0.250073730402239,0.522141845403733
"823",0.127503776803863,0.260048391666791,0.236156047983771,0.482255137971379
"824",0.125220964255372,0.315983083786708,0.276510533966738,0.430358725054799
"825",0.0974817592080956,0.264668312235165,0.203992241015705,0.401794889955712
"826",0.0841280700231937,0.4667320915996,0.241406752760934,0.335165238853349
"827",0.0990587302219893,0.326946130818292,0.231716918694955,0.379300795020125
"828",0.124944372482031,0.312378254391257,0.251948642333429,0.474823345390122
"829",0.125572092065465,0.342064246519855,0.281349496002179,0.397886553607896
"830",0.00901018152462298,0.00924383139129301,0.00914862715037409,0.00917540453838879
"831",0.1007606125109,0.336552004626513,0.211219902616464,0.423247207524165
"832",0.116318523814572,0.266234591241139,0.221023072746144,0.441918519030068
"833",0.115992858507118,0.24588441671385,0.22308388542138,0.434197699026471
"834",0.147243617132307,0.229178900859968,0.255889923573192,0.651892071288005
"835",0.0924080777762962,0.361584897062488,0.210914271939465,0.330488302116411
"836",0.110157976166244,0.330033309335478,0.263352038075192,0.411006094566671
"837",0.118440218256127,0.241883852817845,0.228378296296915,0.420174666982595
"838",0.103098205553928,0.392082809107296,0.269253717633962,0.434532229745149
"839",0.129053745800408,0.318559345474749,0.282938263624279,0.515115812884913
"840",0.144785006705319,0.265104931662843,0.25265920145738,0.538834286148966
"841",0.142128925715603,0.231942917591849,0.22878614715119,0.740167693808083
"842",0.110917368554956,0.323828864167718,0.233135936317843,0.411723701594298
"843",0.123993046044644,0.217118637869844,0.222697928042168,0.511326940305847
"844",0.115225290145985,0.289790900417881,0.219388452448202,0.413718070289202
"845",0.108530901998756,0.326231668628512,0.235093502406416,0.426709197485569
"846",0.111327661267624,0.416159346068841,0.247536513181701,0.390698807406042
"847",0.112419244512321,0.215299002025987,0.195312691538642,0.465640670864309
"848",0.107023674644889,0.287952125468496,0.204031838503728,0.39833018102873
"849",0.104647236286491,0.265341855777233,0.228314859278274,0.454309264782327
"850",0.102393771449038,0.240466507515829,0.198832222045263,0.360506335181293
"851",0.107535469849091,0.397187088926245,0.236942610850391,0.387019617754537
"852",0.0933785299671563,0.381732399123196,0.233218571713922,0.347025831193293
"853",0.139105507938528,0.292294450135356,0.244634063458421,0.504989655318141
"854",0.10196165483223,0.276831296794889,0.209006187645629,0.362969679908934
"855",0.0983493708041485,0.441024299224264,0.249167559432756,0.755058717993952
"856",0.121662273059771,0.320752323305661,0.250895738324835,0.462134732777034
"857",0.124024022396217,0.309828786816476,0.254589168433203,0.455865421004078
"858",0.161422984979857,0.390504038966763,0.295265847736477,0.521584804514054
"859",0.0903568151070599,0.202555652532741,0.144222201830721,0.345232767503549
"860",0.127970095887821,0.313912016013196,0.250348979794631,0.450015800283992
"861",0.119582734606041,0.426540612131621,0.263616313242467,0.534776072201236
"862",0.12203692165874,0.270339363847899,0.261930644082617,0.426222170288136
"863",0.112429288120099,0.244780886674499,0.227319883786167,0.455694838193395
"864",0.0100829776171605,0.0103880367950303,0.0102774309422935,0.0103252669888042
"865",0.120140685119985,0.311084342297055,0.273877721235282,0.42631935566873
"866",0.108510657755918,0.222670034451527,0.186871323728819,0.408451054228606
"867",0.115315772591728,0.442978344426332,0.27885445162802,0.410771665810791
"868",0.131084231987153,0.251256183107438,0.245758376783218,0.50066565428864
"869",0.0138571656996635,0.0145397257301842,0.0142833463583387,0.0144777514842818
"870",0.139664761195581,0.229148917143414,0.256398068270726,0.538587474049132
"871",0.110748657456083,0.247238208572709,0.208947761154984,0.369629132727712
"872",0.0942348279136972,0.392283322026274,0.219546153460034,0.358545538187717
"873",0.0979845016594025,0.293607369848397,0.203915326769193,0.366386924845155
"874",0.184966639314299,0.241792747457913,0.298805845006487,0.740058176525063
"875",0.128300097213617,0.239532387063608,0.232276120896244,0.545562037295304
"876",0.133434417034601,0.277865320737664,0.262836189405055,0.569186725662577
"877",0.125489343895371,0.291111190398564,0.238650039768216,0.412700228056859
"878",0.0922479753041829,0.41069234469798,0.217584774877095,0.338969346099726
"879",0.110837297941496,0.24788139612533,0.21991321623905,0.432690074589711
"880",0.128479806206998,0.265107544377548,0.260654631926528,0.422571354840959
"881",0.0879829257104728,0.316555417700869,0.212579206538898,0.31530741922063
"882",0.108030369346479,0.34097059377086,0.240130873150924,0.390896575376842
"883",0.108412936499068,0.434505024451236,0.302245947932949,0.386833339699098
"884",0.139268815057488,0.23998485398637,0.261598796841802,0.513372226639832
"885",0.153670943734643,0.219488530068121,0.25701427353166,0.604469408482995
"886",0.137172099731605,0.314437237619884,0.274181925947572,0.546042708093101
"887",0.149410922950255,0.210957793834408,0.255506204086796,0.535904376915489
"888",0.118960656506311,0.314588527202188,0.230747960917853,0.423987802705866
"889",0.147505683542629,0.30280192572618,0.298886543682384,0.545469649633335
"890",0.194526116483361,0.219258585509055,0.300675361095937,0.751110264116966
"891",0.0950770251667089,0.270879265064404,0.173351831842317,0.350156509915536
"892",0.122022120109703,0.268116282149675,0.223477877539665,0.507991198489457
"893",0.104734055622085,0.290486215549418,0.240677520898385,0.384823351314766
"894",0.00690087149463928,0.00700230109159399,0.00696575156643773,0.00698061450930386
"895",0.116365962691537,0.318882629473965,0.256002363530607,0.429390426767418
"896",0.115420544384584,0.273519094508213,0.210909325855516,0.420971627104886
"897",0.122242825657721,0.333010000555655,0.269137218804132,0.44893171257563
"898",0.108676303366204,0.373304662932405,0.261842491091003,0.387465928672174
"899",0.142057507670122,0.252618130970727,0.252663377260296,0.539953296957791
"900",0.0225236694708615,0.0248742547160592,0.0239946639486071,0.0248724665116129
"901",0.0783101310067248,0.475028853220737,0.223730410843031,0.301157221368175
"902",0.104908343099007,0.287813407898175,0.206227399307075,0.463801396034989
"903",0.113867544590729,0.219741143556046,0.203456094719745,0.444173098929853
"904",0.103173582502338,0.322831528075217,0.271486088813047,0.338418434517078
"905",0.0100950803424022,0.0103868081412942,0.0102876644016645,0.010341688457036
"906",0.125714536486781,0.242292959188897,0.227678810872401,0.459930020665103
"907",0.125050835333575,0.291988835124252,0.242002024521897,0.480107145207761
"908",0.117599865503731,0.259845422318398,0.229786561151457,0.435651614639635
"909",0.115713568671816,0.352609763410007,0.260450388244135,0.463991507849202
"910",0.108911591268085,0.253578678990632,0.206726786123282,0.394155080530777
"911",0.12218658458051,0.219167868609816,0.200570051473122,0.455997327096899
"912",0.0852343628211376,0.442649738288309,0.204614358057912,0.351700384630001
"913",0.133956231327255,0.515206882124306,0.310843636170642,0.433364166141392
"914",0.104343354141045,0.291019573779156,0.225685877007436,0.400636500896318
"915",0.148164293810158,0.20919793348972,0.250380853295509,0.630806460651824
"916",0.115176750220217,0.224806039580392,0.214542167434196,0.386284986244042
"917",0.134952564228373,0.207247824364005,0.237894077983089,0.466311316992397
"918",0.00792176544422195,0.00809604689268016,0.00803050756478153,0.00805454569197545
"919",0.089256047690426,0.408654986549504,0.249617078088292,0.343889267177538
"920",0.106441024897758,0.313562909573664,0.225124589222384,0.368387463120511
"921",0.115555284733217,0.437948018195747,0.267403252017153,0.410151899502321
"922",0.109782649446317,0.278366702009547,0.211467635839031,0.428971422178322
"923",0.0114306056380362,0.0118375270518038,0.0116796998816451,0.0117765908504593
"924",0.120361465460037,0.242901484397421,0.23398018495743,0.477851417641588
"925",0.127114154113924,0.324754546744077,0.240644469350014,0.422651272508368
"926",0.139328924254285,0.261434759580011,0.262366926954467,0.568876147747029
"927",0.123454546882802,0.322881427852315,0.28082047935747,0.457066157200365
"928",0.00570379634317103,0.00577746266016634,0.00574659520575471,0.00574890257144474
"929",0.0959992007663804,0.263947027142404,0.19210851624616,0.343441010483247
"930",0.124596698329297,0.245811928152891,0.20690660840493,0.609291982292696
"931",0.116022441033749,0.262581374285903,0.239215742362526,0.517641666719574
"932",0.138179689591245,0.22119963881971,0.232981648676383,0.538336583880985
"933",0.103508188341327,0.244205051131749,0.196339616632222,0.388436087852916
"934",0.140502691167026,0.354549039345388,0.279447436159581,0.45719132391239
"935",0.110171479801926,0.223412388392981,0.204394430206942,0.482578653642932
"936",0.12583129146408,0.284418237420876,0.265997378724786,0.485159743857475
"937",0.125163200882651,0.278122844143705,0.239213873138725,0.438173952479213
"938",0.129900730625221,0.301269269024259,0.255822040824454,0.525997520300894
"939",0.096020171534144,0.265686630526323,0.18924842126243,0.360273042464393
"940",0.109276612687998,0.271388647537346,0.195352502691016,0.477850524356015
"941",0.168281551247081,0.234105284718704,0.283811093275417,0.708511481694309
"942",0.106866392082193,0.30437825142824,0.239213721701661,0.36192370086536
"943",0.116894093911307,0.23048757704712,0.213930848065061,0.456497887468718
"944",0.0990618153011649,0.295098614943781,0.220106686283108,0.380574489133081
"945",0.124954033057687,0.259770348374854,0.221598284341687,0.445660219355179
"946",0.00394402727799069,0.00397752060782114,0.00395791398444517,0.00395725306827791
"947",0.110475974911025,0.243366004272783,0.217712178389624,0.416977588085246
"948",0.139046487947592,0.244749122504488,0.22701022143505,0.552615859170616
"949",0.115843692056401,0.265498636165288,0.21491587366896,0.446043267099119
"950",0.122563034568923,0.310274131167521,0.255405235585364,0.53042542045795
"951",0.107871601222024,0.295349547688911,0.223026355961515,0.392136073201739
"952",0.146255578186004,0.268159396861675,0.281791834738545,0.464210013627866
"953",0.122379995293198,0.349110776776138,0.269410197186804,0.414749944430309
"954",0.119155235102542,0.304848474261021,0.238073162589519,0.460851001903384
"955",0.103233371512671,0.245561208568273,0.208806964175444,0.369171992837047
"956",0.125202312005718,0.272717991674386,0.229102888865937,0.449501044905662
"957",0.0864860783251125,0.348187167604512,0.20828408637697,0.320016455252803
"958",0.109406701194452,0.258199413073211,0.212157272831615,0.387684940368522
"959",0.147230775111443,0.316460570320074,0.27526824929118,0.434517587949794
"960",0.136260200990653,0.286746726537526,0.237392738303427,0.557470085771336
"961",0.130392214175601,0.206455129992808,0.203001830313579,0.53189784180358
"962",0.115837505216253,0.25862896784833,0.227140670127743,0.487221047359134
"963",0.0330276118617433,0.0445015894704582,0.041705646629283,0.044446312506965
"964",0.0203931774531737,0.0225030570657301,0.0218189423285112,0.0224817965113143
"965",0.158573071297467,0.249205550052412,0.271473349535865,0.542194001956037
"966",0.125217003932255,0.343130942623841,0.254270580213543,0.411252944369164
"967",0.127480129766449,0.540164345731603,0.31357831651239,0.429207840836053
"968",0.154724438520244,0.214661952952512,0.256478806964694,0.697638211743084
"969",0.14281319845971,0.233031050044514,0.235275946754194,0.519053945717898
"970",0.140068807842023,0.273995095791468,0.267208616939541,0.458817658296206
"971",0.118105639248853,0.242172457715917,0.205655808833943,0.41744468389964
"972",0.118783228243319,0.321606797762747,0.250678498855725,0.438495912567593
"973",0.141327717459886,0.242644509338165,0.254203217397219,0.517757852441231
"974",0.138470162828903,0.31790494089877,0.281463521079264,0.454402392323582
"975",0.11036521590823,0.285746235466696,0.234750520932742,0.446921736831175
"976",0.108519707867361,0.291270770161355,0.236142263967302,0.396763938968283
"977",0.0986645786971539,0.371599492483161,0.228335494317998,0.342719451049309
"978",0.104118150824467,0.307876945407963,0.219895331529437,0.406730968140199
"979",0.108805685164185,0.327992489726401,0.229177526054427,0.363110313124204
"980",0.14497185348183,0.248008270523388,0.281565238719812,0.499851748309228
"981",0.105908515878632,0.331626556999583,0.218888888295582,0.386498429415847
"982",0.119470865229274,0.306078361012363,0.244520158215815,0.424463355409505
"983",0.116865994407686,0.215537315942893,0.203660768767735,0.442458395943344
"984",0.112542948212639,0.269558530490724,0.226887492385266,0.425887077733209
"985",0.126530342889591,0.237138190057064,0.225467250068609,0.488734453020606
"986",0.100433309679097,0.310793692446788,0.207413897825748,0.384288190285091
"987",0.100523462165796,0.251001626642904,0.185949986800553,0.519283443330734
"988",0.130982536826176,0.347613114521486,0.287108443272231,0.53700816985402
"989",0.00627884344146543,0.00634943048948153,0.00631600552099487,0.00632508118330835
"990",0.129732477335185,0.218597382732419,0.246590246796123,0.495579932618005
"991",0.139462501829504,0.304752903857048,0.278086486839346,0.532632852014806
"992",0.0902902968265292,0.363646078474486,0.218386204714011,0.314127553969561
"993",0.14426864872794,0.321214281522715,0.285981783737922,0.502889417201339
"994",0.122624701375335,0.221780482291471,0.204401529445983,0.592810920735771
"995",0.128605903041956,0.268151239376337,0.253704760697499,0.50162125429443
"996",0.123138950823235,0.304062720981285,0.249330574846309,0.403303352084558
"997",0.129049804859887,0.356126292141566,0.272257733420894,0.423709148399382
"998",0.104021630159893,0.308020025666855,0.212102167944845,0.400406535238392
"999",0.19517613261282,0.315741159422034,0.340600105141793,0.721625037164006
"1000",0.144532630785952,0.199720233842961,0.215715217720933,0.602963019838736
