"tau","beta","kappa"
0.711878370155051,0.66176466681604,0.630000847112759
1.1429731704267,0.421602857835327,0.423904652002673
1.18297043114048,0.0260839038844403,0.289080269747307
1.46901817042128,0.344977926547788,0.324899737857867
1.25247203027184,0.220050644216081,0.381189708363714
1.12904288141741,0.41047831297441,0.475351820902692
1.30041843666969,0.912643502432244,0.427632730339046
1.14570838532108,0.322418759472365,0.404517471246841
0.374894575633544,0.65188338606704,0.821478773507836
0.516669341817321,0.546994510475502,0.703744643453371
1.40031954274869,0.311556714997661,0.235633437364252
1.39893729188016,0.10814432152846,0.284796885541838
0.558367297018525,0.821980978236441,0.719131138320662
0.667801901616304,0.830189162795832,0.705554717100395
1.21362847204442,0.36100540132853,0.418760310323553
0.838457956870724,0.611025664717233,0.590596700746717
0.592526506964385,0.83696931890035,0.693309261405598
0.985388508421154,0.408568039672576,0.49101833242709
1.14461982820916,0.347725568645121,0.493531049464974
1.42094560436451,0.229386473608702,0.373480774089722
0.377086152458278,0.708289473684211,0.828597203428055
0.403496914225509,0.75563629727068,0.795386960331892
0.328031810230524,0.704906667643074,0.830562081492498
0.790490330271923,0.552221705487191,0.563747058348829
1.13209388548262,0.290350862784235,0.266778571578612
1.61996475202896,0.345360631330329,0.188394412811143
0.81528482143058,0.489625015244635,0.618312349517519
1.44523500239512,0.565728881342224,0.353651608946728
1.08068383659234,0.504203361141861,0.449753647356241
1.3488930493463,0.430510765296052,0.252276580184976
0.314162710368863,0.698245536878982,0.834302367948912
0.772645177946686,0.511670538428408,0.554927892887854
1.05710074637755,0.666404615659073,0.500424978082443
1.1127740418245,0.432121919122354,0.526075791386499
1.35003949554625,0.295997716220894,0.312607181493761
1.36021745011142,0.0796584673526253,0.303167289901935
1.40128222844183,0,0.2835980427189
1.46654580132929,0.0781569509501535,0.314698223677901
1.29464246505331,0.0264246384686972,0.325707049451399
1.23950899850243,0.678264833632733,0.363701746148651
1.23585528994133,0.447165404203854,0.470044901397373
1.04131087670943,0.444855283999177,0.508815624193668
0.245114527539623,0.571628817541111,0.883278796409704
1.18060052220654,0.401681013820565,0.43349303157076
0.834231933519406,0.449347035657987,0.626908795384881
0.745648053624427,0.393880249046962,0.604220778330984
0.378605533764141,0.727949037152305,0.816210905939737
0.974318623788428,0.554276959701397,0.508911983977607
0.459695388480884,0.559460282122726,0.769691689137834
0.960308545857244,0.289919926645875,0.432441757767586
0.349746877815678,0.764972884065828,0.787258590136449
1.85137683773067,0.168620635155345,0.179354238594561
0.942937549390047,0.348729352408071,0.521836942499976
0.699756757563015,0.703922973484557,0.665508242082689
1.09684759423155,0.373485443896958,0.495005711679764
0.209605193648782,0.500966563952276,0.899806312787389
1.33192097297916,0.351745656744632,0.370547744338769
0.407619322435847,0.782149679584986,0.770484615745581
1.32425052166751,0.309360155098127,0.375353527515324
0.915045527372557,0.371154772124612,0.590766758777926
1.10632852895872,0.274138302318092,0.421376292385605
1.55109944189117,0.12122427119678,0.269727193083255
1.55403484502447,0,0.190606851549755
1.26764300863856,0.300490659611468,0.43307557753195
1.2361689123817,0.329647669361852,0.374408445150963
1.19364052291077,0.183886918659781,0.365084828238952
1.28698203171071,0.357857668114843,0.322641035941733
1.01854121913385,0.507675646538562,0.453572307331624
0.493871563946628,0.793873534271754,0.757430469574348
1.76109008466498,0.943103421640659,0.121212532602304
0.322979064350626,0.712674875114332,0.825981107569706
0.597828622351489,0.578759073233384,0.72424879042828
0.345998119388759,0.676298818624044,0.845536553844304
1.15721940742483,0.362000429282775,0.399782465028616
0.347945291280655,0.738464631422189,0.808821268527112
1.71102631309286,0.217215961884516,0.139322780134378
1.41465330164307,0.180248712388181,0.292673349178464
1.04442276908369,0.358111081904693,0.427399797651483
1.58669934501985,0.144298568527068,0.137663399445735
0.52207132974364,0.812286186931348,0.733637076661409
1.0254701000541,0.524497964866987,0.474656711037858
1.20154339341232,0.200152464927383,0.356775485325311
0.804856672038825,0.867305566680016,0.623194441929389
1.47853047352634,0.428071619534526,0.307804085427742
0.792059623127235,0.57820352993322,0.565756785566209
0.94128006191254,0.532413752548756,0.555160651270066
0.729599229750237,0.539376010763555,0.637376128354753
1.0357070014337,0.298339740179034,0.51237900120824
0.30098801273021,0.672412203045508,0.847369161901516
1.32553386094927,0.583372107194642,0.356536960704235
1.17878456557089,0.133178362295786,0.386049705431831
0.581787618332324,0.746220191346879,0.706760273017981
0.979851481448917,0.545450338630439,0.571743233632466
1.46896874755618,0.327565582220741,0.321178952145943
0.624583713231861,0.832848667379125,0.700869869141829
1.00256516801528,0.550328017360542,0.519844268191915
0.808167298111448,0.349131310326459,0.53231059137069
1.49450781513356,0.15093256401699,0.237496012686957
1.25032040519755,0.231783127338159,0.396563511005042
1.4758813090213,0.0745438748555016,0.298535499514591
0.374667632792749,0.733630580106167,0.812290765133893
0.424659450486018,0.762633329166146,0.789355431306539
1.01018455103276,0.305358189068886,0.541658552162994
0.876462094202033,0.605360659474289,0.5591236950694
1.16417254771954,0.512583859910694,0.445632120133554
0.630851835902883,0.728277114297859,0.658629958927011
1.30944750396659,0.406875765210328,0.331914538792558
1.13901881462021,0.416457726431674,0.388938404173706
1.6013250638645,0.39477570527772,0.293948384539461
1.09723029836917,0.271535632695402,0.377987359201149
0.29817730293362,0.648531263215126,0.857739836386632
0.367544378960669,0.694186589609011,0.836501610782621
1.77152725219972,0,0.154805700286395
1.62305437694492,0.140519322721248,0.22118312046789
1.21921970718708,0.121595775049957,0.390390146406461
1.1253718290306,0.54982810191828,0.487535596980601
0.67705313092649,0.55019829750927,0.616183032354597
0.947113651693949,0.443817103584985,0.55659473235302
1.12247292497205,0.623969519476588,0.328664518557389
1.10292544719137,0.425265262785674,0.436132184462488
0.862893111865476,0.566447647733555,0.588314355026014
1.37884157871485,0.461090956452017,0.307810452452384
1.16938400940489,0.480843504920238,0.400930323050774
0.325390174410782,0.671778657135563,0.847663776024915
1.69205927556507,0.441993415658427,0.15057265282878
0.830978581119041,0.877253153910849,0.59265755827498
1.12552731149587,0.330380339956076,0.400038746537382
0.968267189866902,0.469148298117875,0.464453987905475
0.451582956778556,0.736398531607698,0.742834307073716
1.53459348339056,0.162839439926418,0.328111434592573
0.957519233819657,0.356115121771999,0.457188642959378
1.18122200052424,0.437283971057113,0.345220620551975
0.4346035015448,0.769905213270142,0.7826982492276
0.394281967152187,0.729635111719796,0.815064743362013
0.406450655395138,0.78250742414461,0.770107095364741
1.12477312512881,0.452289147841833,0.416611449621985
0.986705862607732,0.397517834707374,0.477380369381498
1.29474760758887,0.236093093106684,0.39610652631116
0.496207646484881,0.703822918616247,0.744749153042757
0.481985553228629,0.746465429966871,0.802788235176502
0.296805038613026,0.658361594958617,0.853646430664188
1.26970038054835,0.215555444933814,0.393068651745531
1.46899077122658,0.63868621826223,0.310979938449072
0.38368090301405,0.752398414271556,0.798062682624184
0.296677844961438,0.650799674598331,0.856815711891198
0.47149129037371,0.795542352598725,0.755450575532308
0.407696243351937,0.726266793428207,0.817340392763469
1.04844354252488,0.672729685354862,0.476824579578403
1.14678703308689,0.317796961949685,0.430026325503535
1.13268611110536,0.512024158739701,0.450152373249825
0.311148362377041,0.694679415073116,0.836237704012084
1.10846205709023,0.632059318669497,0.422676011932171
1.31946973669851,0.366491948488218,0.350654657136558
0.936295602268717,0.566752758410953,0.582010891844323
1.06185708226458,0.338275804583715,0.484535396958944
0.300006527285848,0.620879863442987,0.843746600371954
0.430591627635064,0.53047705760303,0.771448180660794
0.417994030069407,0.763632987811825,0.788464559681474
0.534112742728835,0.621658474190613,0.712223737753861
0.722600441827123,0.561663475256046,0.647855535171968
1.03015969189817,0.551944120548252,0.463458493803039
1.17892263590828,0.25551884927041,0.372913491538149
0.396450066338026,0.775003190631465,0.777774626492138
0.972378480528232,0.386512172745457,0.486057885555903
0.370193711709224,0.72554909284952,0.817818055261209
1.10924088810698,0.340166169496996,0.486462551802325
1.04811407358506,0.438782477022775,0.46305631476175
0.46371043531859,0.761489085480656,0.790365987649823
0.812731497200862,0.379020978089114,0.572246580420599
1.44259063731585,0.225352879464644,0.370597453178074
0.77514729947953,0.601432606128514,0.604516683939016
0.434863495377954,0.794878160737605,0.75624243532626
1.50244492125937,0.449195155939601,0.310805081991114
0.36906493830716,0.722542053250325,0.819792510592207
1.20821236976553,0.32732492122442,0.41800945579695
0.965236408741008,0.550174176009746,0.498317874874736
1.17547266785813,0.426965910346599,0.418082837693994
0.966890246035652,0.4785598612134,0.512656125990095
1.5613824141533,0,0.319955394532536
1.18016761263634,0.325733159319647,0.403955751193766
1.39631999859405,0.238150037560348,0.31953216442785
1.06281176376225,0.274576482486551,0.447603033387603
0.950706786973699,0.891659551176793,0.538491850983641
1.12154034251461,0.513456965876124,0.431267574789751
0.680278502368663,0.543425943442762,0.689086607692567
0.385408915847685,0.719778148457048,0.821569946366813
0.367572191847993,0.740459147574874,0.807352100708599
1.42668234221535,0.278248413989573,0.293721612764678
1.43623902076412,0.226960035548584,0.250397170791171
1.2299229080769,0.357351563072984,0.392330579013388
0.433020735565838,0.645992488993191,0.756729923839417
1.12314714976192,0.350361426136754,0.441775770496066
0.975429264101754,0.501512395085645,0.495119428518761
0.944337957625636,0.522525467024943,0.586542050076341
0.448073586111623,0.721871196071446,0.766141134597274
0.914445516756537,0.455450802278978,0.472029147369205
0.3244488034912,0.678223501283981,0.84461264200613
1.31176509493306,0.3243652855961,0.302252609078158
1.17255532509826,0.533898876751697,0.414892552346179
0.8636800398555,0.594935979966793,0.509272704627557
0.895685981210852,0.541794583812346,0.519481769736667
0.912352959916297,0.496309183439661,0.497602995640806
1.24990453902804,0.6526129503262,0.376295140205571
0.594942010325494,0.607761679586054,0.704889875830608
1.36445142021922,0.469127583129563,0.302427699274429
0.451742677086974,0.77243682030908,0.780280799082211
0.703183132695542,0.34143946387587,0.588300273597458
1.49632419645258,0,0.239672664404175
0.532444599681764,0.784015088013411,0.76850234796445
1.02270605004165,0.491493100014026,0.468447998938854
1.03004328883597,0.429891641283748,0.46463446526197
1.13319979935557,0.345032714935738,0.440118676207722
0.55335278087758,0.671657295277968,0.709373539455053
0.455735568779048,0.791106934543098,0.76064308362445
1.50325129522746,0.341864479692102,0.297546123725485
1.70407745303315,0.06059976984069,0.259096759550803
1.51020236671124,0,0.18631338000472
1.21016885413922,0.246274667608724,0.444876672413204
0.472529061318621,0.683583976907791,0.742631230218616
0.9515632292456,0.401527219158249,0.461785503820362
0.376965359012934,0.742681926387109,0.805687959271683
0.390392229723801,0.752556550450956,0.797933628507349
0.961047966623971,0.439991100407638,0.496306097157248
1.44133749608878,0.182975294168311,0.289281313565689
1.36977680873233,0.369646455513735,0.4166197577801
1.20453229443781,0.0882757969355314,0.360651648387574
1.32603424314772,0.599148222426138,0.364926128760673
1.0302280969811,0.914970286428125,0.411970264280198
1.01343358836129,0.47423688515051,0.496305373577886
0.516427355124349,0.814494722153259,0.730465889809839
1.04627711506571,0.457969711087871,0.449327834175943
0.836894295437444,0.375099478100875,0.598419244031937
0.669643718599503,0.582865175433592,0.69055281025901
1.66839374965595,0.0785121135077858,0.138226368979364
0.380258233468844,0.733339107282452,0.812495940104121
1.36437203279729,0.183278686543487,0.302468285890955
0.652437843026681,0.849487577936241,0.66780150558723
0.605651729937195,0.822009919774887,0.719085468489241
1.40489352202952,0.348971571594924,0.260582356826569
0.661389832861927,0.591605341254027,0.668642368305648
0.96290081894428,0.895524026960225,0.521421064143003
0.252584543927194,0.650018173616035,0.857135438955207
0.822905869136454,0.502771237085903,0.549832675527104
0.361963290342617,0.605852321499688,0.822567014537933
1.56078319450786,0.282008047669839,0.256769907377209
0.725847456615615,0.50173715667714,0.596751412991325
0.966116304989659,0.446545540236662,0.423558290578963
1.04760097065979,0.239952076545631,0.435559821842786
0.859798586647572,0.429200817515022,0.640552430331283
0.719577805232065,0.485461076393358,0.612296441146517
0.336507033930983,0.692725590927151,0.83727899713202
1.22839031642544,0.289079030920407,0.387030780226825
1.10009582538701,0.504982449480662,0.419780682812756
0.692628117379067,0.456206700039724,0.657792432124967
1.20252694013148,0.469788867733633,0.442241678974269
0.439199280546223,0.785518774341239,0.766879362767398
1.30653909483545,0.590574764788149,0.342787175636091
1.51375735114508,0.0298938549059251,0.30048181555218
0.729666539232343,0.506811059426652,0.64919877921522
1.56316313071268,0.123257117126281,0.238224595169258
1.25943784142474,0,0.271158656582906
1.23369482662731,0.317919482275308,0.34655994352367
0.893896648020445,0.371377940034159,0.46537281816959
1.09978924882431,0.495009700461601,0.482208451589309
0.248240957522287,0.608444952153902,0.872304034196354
0.453424311323498,0.787836696009523,0.76433247852209
0.235171226344687,0.598590348541877,0.875438969097094
0.899270980099188,0.366954168706356,0.576614416149158
0.262332721279508,0.676746386854089,0.845322687924818
0.721278556518622,0.664302774964655,0.655878551279284
1.39310342587177,0.185702581220207,0.299243749561483
1.28836247706577,0.189819401715892,0.438866516957416
0.580825752274318,0.558541859746679,0.709587123862841
0.878116782077177,0.345622726622505,0.572900397822385
0.955443609345544,0.902872342132713,0.485213572550892
0.356617536636913,0.728560740694712,0.815796726943743
1.14315598816605,0.574229051657168,0.414366809341162
0.651792636665116,0.663800329260148,0.620167461150865
1.06186324718721,0.509564277608801,0.526798909453116
0.668772188059294,0.853761861294195,0.658091928395044
1.40845217560847,0.161091498190004,0.380082669186413
1.07846540388923,0.689499446380395,0.486445045767033
1.54606846349596,0.128968443207806,0.230045585908386
0.481092634207117,0.664640819541392,0.768705464323501
1.03121576348535,0.507784087615283,0.46066121156624
0.561434177682482,0.684402627986634,0.740557219185544
1.34492400431987,0.109509211735667,0.214413548878581
1.00719705942936,0.433074582456348,0.4224787503272
0.364738807352526,0.701704348956641,0.832381062797553
1.43345768875954,0.121783417139617,0.332654707281406
1.07507212065359,0.352631869376065,0.506847651076337
0.471405618033357,0.789141248645521,0.762874437608975
1.73670458459887,0.275930480732698,0.203346520826205
1.16390979415855,0.361253940978677,0.384825690191043
0.66537571638598,0.847905480305664,0.671257057121551
1.49589632608772,0.561830101736668,0.307455404589019
1.22187536960366,0.378454580493796,0.371463287240914
0.944995151044186,0.884655492803789,0.566515985759548
0.601421820210687,0.84170843690598,0.684127195267496
1.81153463252539,0,0.228477584103327
0.832338427354366,0.897397504196161,0.512682419581753
0.453542820507808,0.806412986756807,0.741718211555918
0.353771137431942,0.7145046915552,0.824865773548543
1.19338058253648,0.37437161688276,0.426259335319002
0.619377951773492,0.655621285642403,0.714309062835105
0.308462458084387,0.703691656457605,0.831256861004165
0.744043361937189,0.4478627558766,0.574345902781928
0.838041607794161,0.549652414584886,0.590799996194257
0.477176638531892,0.793367922823384,0.758024016971657
0.345126159504808,0.712568875850114,0.826045282507657
1.25633827364751,0.417223607127158,0.406267356499285
1.49227010177682,0.497920744693211,0.288039073579761
0.851256314656292,0.54394658895347,0.564797385145045
1.35961678101839,0.394020295825252,0.376322577514501
0.333809386683186,0.698031259691124,0.834419947081753
0.737349064127289,0.507068575238143,0.611921545196163
1.52454118582616,0.0854546935210441,0.342870178523207
0.887743403636171,0.644354872131611,0.500144479934589
0.529439679769059,0.79147766172691,0.760217536336477
1.28391862418286,0.160287383399336,0.289868017597974
1.08115600795605,0.470688175840878,0.46898034972689
0.550443975409917,0.82159855609852,0.719733210076417
1.19840282859001,0.436223021599265,0.39959778126753
1.18233754560423,0.515037710622182,0.394294290161765
1.23674602367421,0.182184273752842,0.376640109035174
0.987608284248572,0.482380650866475,0.550269451617226
1.02325477546116,0.124765851984539,0.389466124426514
1.26457025351772,0.265273635125554,0.368976919402336
1.32858862610276,0.402686294515568,0.362481465401749
0.698945047161292,0.48018183331106,0.61083237908614
2.04707491965753,0,0.129645017152412
0.8773656674657,0.57589541831747,0.52004066331198
0.941539677301906,0.401607582462369,0.458885242929939
1.23603645799462,0.167523606145932,0.350821188028035
0.616534973813342,0.849481369360085,0.667815208074708
0.457719911024434,0.750502442106121,0.799597236854451
1.28288586657812,0.920024062410424,0.374811955858618
1.47864019155712,0.375763582071832,0.226652619478493
0.575058603462636,0.503065597158743,0.690162390375735
0.42750489680921,0.781522970386738,0.771142988860166
0.653869039836929,0.838499770494813,0.690402916743878
0.905722832537502,0.208172462805449,0.554270259578001
1.24466660767616,0.045911585113924,0.266116386983396
1.18401841322625,0.35670461818997,0.399584983150988
0.947130202814211,0.504978434023294,0.531123661973162
0.311482747104952,0.66675521850003,0.849960141086247
0.39127437631316,0.778160786254684,0.77461153438182
0.367432693753641,0.478807768945337,0.820939233063528
0.533201181770049,0.803826391282999,0.74512371808315
0.491230728791144,0.784622594233141,0.767849372026869
1.24520423045654,0.465536161624289,0.44999813142379
0.503528582691534,0.79544358842664,0.755568649178868
1.44885241317248,0.228428898107204,0.139636334220616
0.913588767142163,0.545965676739271,0.559078780336794
1.56028037178814,0.127564813507632,0.248419859446948
1.11767403466936,0.903370753323486,0.482558317282706
0.784910177746642,0.527906255525199,0.586017838741222
1.17474958534867,0.264384443280702,0.424142360123199
0.396569225325721,0.541576954281199,0.811516527887015
0.507350233411157,0.546953195374845,0.756549792029195
1.49348763309769,0.0451367259491441,0.295524701369015
1.38669502515347,0.166851257195679,0.257657909446748
1.00770558207573,0.53569174372521,0.547708446106047
0.993547595236681,0.405237366343715,0.557242604618235
1.17554222997779,0.188639528048032,0.428238214991349
0.997312157704474,0.297281950772777,0.516806125143181
1.12204837101127,0.253698571112958,0.399331707167413
0.42313276697715,0.774066185696361,0.778696251580989
0.893084224146921,0.545759761881166,0.536782041417572
0.496204771549525,0.763286118368131,0.726156307091874
0.281548920904072,0.546050705493123,0.867941406705407
1.2839526449359,0.203090538999822,0.25524788576804
1.15217078165149,0.132414338823204,0.29401300143904
0.738731428406523,0.614940457222815,0.644156344698206
0.562093594789736,0.595116063958228,0.711450926699314
0.405304114065697,0.734728226909882,0.788020860844301
1.54415167066668,0.0474645585044854,0.237079214097491
1.40149388731919,0.179654848819962,0.324906605337578
1.05024128427774,0.464115641715918,0.448402686828918
1.00472362282704,0.30317556704937,0.462139388208222
1.09821608938334,0.394345227660381,0.45632866862211
1.46312388591852,0.122282283929694,0.221742613873129
0.691845639375092,0.616055208258156,0.627238340853937
0.800946522671275,0.329854469682753,0.581094914920881
1.05483642468233,0.602994477397857,0.445989272750879
0.789916370277804,0.879734104046243,0.58425454195905
1.17048430152254,0.419851905856258,0.466019935436796
1.17946017775114,0.613180782922649,0.407901517193204
1.00660138292,0.384735082838238,0.48326417714579
1.59441410217803,0.24314907678872,0.23639171351627
0.653009866004739,0.743129233201049,0.671524212271258
0.477104919346705,0.691818517126191,0.75608132957735
0.726919422341471,0.636306110473984,0.554583687290765
0.31958173529199,0.684587731811698,0.841477313843259
1.20739408708593,0.225676782500391,0.393878470338391
0.831244870602879,0.666145160817482,0.577619476319675
0.615730655572026,0.85643073119711,0.65173605454071
0.458157472045538,0.786536276351989,0.765768163575901
0.469889558760596,0.770158757549612,0.782458537610835
0.34598888897613,0.738141880023636,0.80905690453856
0.656592799764814,0.863537949194548,0.633597767988385
1.02973889612427,0.441158433058116,0.46367765826861
1.79435526679665,0,0.0595622291422183
1.3474043890054,0.37498595109742,0.420221863594921
1.36486902843569,0.271733563011207,0.302214198141261
1.0922151499609,0.547356467119862,0.459299430712428
1.53178151531078,0.27020005564877,0.297347928756523
0.990998191584912,0.441114905614787,0.524473036667509
1.34506852676673,0.433564256886307,0.334124491699636
1.15715018672325,0.768201529807207,0.463288410610737
0.96060070011401,0.671847115983775,0.52351155748313
1.39911987837775,0.285951352122999,0.314156922363846
0.935118799454452,0.511465650857669,0.513971517955067
0.909586286816437,0.704191577004011,0.566863672944554
0.423769213734034,0.748447984079125,0.801233952282348
0.867887309875811,0.659368315472596,0.573729219117971
1.47831856497822,0.594345202858086,0.242664669580828
1.00874726086059,0.393579227921574,0.487425172326934
1.4990866472709,0.234823566598456,0.284786904928007
0.989021908313401,0.373849535670189,0.483809024888622
1.32955447624219,0,0.318875780613632
1.50181751800986,0.301127551414363,0.269544008750069
1.26034224696191,0.338124332285591,0.388183375261211
1.45424747549895,0.188118328613245,0.261053112043217
1.32135699251958,0.290466970589523,0.357316637879583
1.60522933367492,0.2921700907781,0.284657159681406
1.23851672549352,0.311630882334073,0.425548828620815
1.11478168910987,0.562478394494268,0.419384536921945
1.065799689231,0.570710888423437,0.442573384293409
1.38292179651696,0,0.264403299725022
1.62401542767475,0.205396997053875,0.152392783050754
0.974318817740197,0.452606274256847,0.520512392844391
1.63383491450342,0.0227060965541993,0.181445433615523
1.45815782631813,0.17731107744164,0.294894668124697
1.12134552020083,0.544750445601481,0.437075542067858
0.625181262552081,0.569123343450371,0.68037767763186
1.49226764134371,0.193315857075014,0.192495865073752
1.61133008273784,0,0.128068137046622
1.28858775946563,0.379932368047125,0.350510201882242
0.589436389734867,0.825256801592568,0.713865830225793
1.15984229771054,0.417270768236508,0.445582075664177
0.527425994692686,0.813054341287348,0.73254259904022
0.363984601020095,0.736802052252999,0.810028913872602
1.04311306031675,0.167431577579961,0.48867006847218
0.285764543557252,0.662659339048874,0.851781875748313
0.75428716645253,0.486095160053257,0.564499326528562
1.22525362829393,0.462979550900825,0.39583154423376
0.745935963689612,0.865403995936336,0.628517946369716
1.15319738137179,0.366960241947537,0.374621810535907
0.446364978742839,0.79926740612054,0.750912400255112
1.43946612731927,0.400925097596601,0.215977054836997
1.14852033840683,0.0541648160200947,0.412821912879945
1.26671085489336,0.220652739833113,0.331903557545698
1.16920197730654,0.398516343041044,0.42233103888017
0.592781990270476,0.634460749807349,0.731042654142252
1.01896496787697,0.24507997472042,0.499526047211706
0.786282100684368,0.478199703471925,0.629810687060091
1.29885749571914,0.255212994328509,0.371925775764437
1.59573315612075,0,0.184185503005749
0.695703639796105,0.477186740071628,0.646492052949134
0.329505256387499,0.68012649887427,0.84368820854483
1.30088024726404,0.230092915741402,0.358540311999981
1.41183392073462,0.344682004031465,0.343943345383543
1.23069948284138,0.475760452588702,0.322302046893515
0.589008436854434,0.83192091351237,0.702520991487659
1.73490513544246,0,0.162690571697653
0.988328578639591,0.407504105111197,0.48738144261432
1.47955119977992,0.319073519946744,0.255758953833038
0.804742594552061,0.455657221983333,0.607059280003877
0.942840442755277,0.504929017477223,0.531391430042109
1.22062074286277,0.150652980944997,0.320367069675517
0.425128990693336,0.76807039237857,0.784417347518592
1.13642750588758,0.173639156250217,0.36583286501809
0.456801435018519,0.795096965936183,0.755982139413185
0.928335929632065,0.535380351081735,0.51242860838652
0.35375694961249,0.695836364153789,0.835614800365943
0.395432002537517,0.720305895096321,0.821233271908898
0.689387681502044,0.37801314139335,0.658041824651764
1.23832138656488,0.383553585597417,0.380839306717561
0.911485790281542,0.423474654876709,0.512052574795748
1.49642201956169,0.197786403094561,0.260661057528807
1.26373264258203,0.280975536283115,0.308680173642214
0.372790615889106,0.732825892726795,0.812856116521533
1.53543839027483,0.1056331079423,0.270228901960633
1.04325609335682,0.378935925162817,0.424251604107713
1.27002814042406,0.519121188891723,0.46993817177627
1.44224355713026,0.367944389102856,0.29023446991621
1.18138024737834,0.302339932817932,0.399705158852471
1.39327392524892,0.178778806750944,0.24606389326357
1.38965012964076,0.489749567714257,0.370629470271394
0.628784053312751,0.842235184754822,0.683072553773815
0.498842443025831,0.731085459867229,0.739643818880047
1.08505237838228,0.419603905786933,0.515601616793623
0.604496521599299,0.438333118635375,0.667127466079681
0.467212176405199,0.800090826573413,0.749886415200643
0.459555105908213,0.777175797453869,0.775607858443256
1.23453423781254,0.343115160247514,0.405330328606677
1.04395671719699,0.345284363001128,0.465186107993348
1.64830991482112,0,0.159025553662692
1.01714180997105,0.398739256594003,0.502376805297921
0.323673316800488,0.704640466056929,0.830714792468364
0.867078098330093,0.390834889256831,0.541713478683883
0.455019740380449,0.800887759453583,0.748885352990922
0.352363593915987,0.709391089862663,0.82794746390821
1.1802859878981,0.288065480221076,0.413376745577483
1.22931100888676,0.299580818317391,0.402086085171811
0.923662564239644,0.71924068305674,0.541834045516049
1.08665368235142,0.359879380171684,0.441021768337746
0.527463233722458,0.509002921756639,0.720623287223274
1.32376495469409,0.143626303113801,0.313399919764477
0.562883822234739,0.813105305492101,0.732469666238241
1.6957493998685,0.50295289822136,0.0763892157578949
0.855863994427239,0.328241301787268,0.564224035424013
0.997632049340236,0.607645312622539,0.55462854940168
0.583622227187479,0.804873360336612,0.731297317132837
0.598157948894385,0.681115816830019,0.703882203517631
1.42255290247689,0.276280656884709,0.260627389565025
1.13033499422933,0.212739555546704,0.348885371987714
0.436678807260888,0.608788713206902,0.772088305187428
1.20973637681315,0.329796078492714,0.348202383182569
1.59603928867113,0,0.220683941078552
1.57796116767399,0.0878621671493074,0.268107065086275
0.39914555003849,0.717897393597042,0.822759524849694
1.02683722613319,0.380218737986485,0.438272852224731
0.864214679641147,0.462062625475332,0.619623820580481
0.763619763617963,0.449051823261684,0.64842552319615
1.25457833180318,0.257575512455309,0.426609537567102
1.08714936443444,0.459693144896691,0.427816123981872
1.16953023962312,0.457313750534379,0.412886425892006
1.49010779177505,0,0.248937604952092
0.48700824605014,0.821768931626953,0.719465296054067
1.57854873020323,0.309432089402009,0.321929239603425
1.28557514935149,0.715992407392698,0.421953619895913
0.372128322623015,0.735037636197644,0.811293954045124
0.421397368045601,0.763643516659976,0.788455136523293
1.10639828284969,0.466563595957485,0.437805750584507
1.10103586993163,0.604639544234235,0.424144419491825
0.657314161241393,0.863991976331134,0.632374630178192
0.860028309115454,0.598252489556622,0.575084827512127
1.71765202028339,0.0533114610156948,0.207725082895113
0.803905728752653,0.539885909543578,0.529329198622569
0.862529219590993,0.760155589706163,0.594676118613255
0.465413750699149,0.782988792556565,0.769597153119233
1.27175529120595,0.290109176026747,0.39440224228288
1.25748717084549,0.493315918435284,0.390752339706644
0.745868550625128,0.537909555129894,0.588372764555669
1.62167010122787,0.424605968139159,0.227776142272444
0.385933117268052,0.724304561491935,0.81864045241163
1.06377878428818,0.449081800090712,0.394203425803996
0.419406782113319,0.626308165636817,0.823481994060051
0.928308605866592,0.468023224820911,0.584835149433546
1.68165067013448,0.0836207132335294,0.118631724248174
0.439214160834696,0.770043844196516,0.782567247111537
0.961859264347789,0.580080574551481,0.596535543478277
0.866236876035117,0.419254181057293,0.561621014152269
0.370760245749682,0.603729879499308,0.79806086832806
1.31674215708836,0.206526056132029,0.337654850559177
0.570958191722444,0.840969091403911,0.685595709403941
1.4554139493261,0.243202947292804,0.332378922327476
1.0111634853588,0.34513232028336,0.429365978917155
0.34057687049095,0.763929946610581,0.788198463625031
1.15485833087746,0.420481764568296,0.340834286028848
1.42173659781555,0.367683563320697,0.346628401739176
0.962788061866956,0.406715388066451,0.537121124102425
0.461751724979572,0.48083756067267,0.773206421915731
0.759681599937809,0.883108923518393,0.572251351386369
0.551970628534005,0.827527054740495,0.710099459803569
1.73995929452627,0.325387573962081,0.148747898959753
1.37831557630581,0.201675261302247,0.366582915300641
0.711945248410691,0.583758395148802,0.645445593420971
1.38178200512664,0.0281083556640651,0.34450569016763
0.521143530113669,0.664677304401704,0.731369314374397
1.09611350563423,0.316438702205954,0.410691663637512
1.43732065283037,0.232195404632456,0.316862807590127
0.304880586119149,0.690370576881836,0.838516638708078
0.349268994706846,0.695936365353193,0.835560736955346
1.08158313334113,0.453493346125658,0.498338064313019
0.451316468028952,0.787732097571377,0.764448607500547
0.619998983483671,0.590722229284395,0.650113440471969
0.777801683564092,0.423146117552331,0.585393558867755
1.04507773886766,0.354070467675376,0.466797072006293
1.38233051894568,0.306243747737879,0.381784204407121
1.45948986274795,0.275207429396424,0.337799517809459
1.52689270548576,0.307234666651244,0.22255972225776
1.14849502211422,0.334271687439056,0.432561747967283
0.958729949784243,0.320997964281989,0.464994447665043
1.68433727214237,0.150807874992574,0.147602595069648
2.08807176935094,0,0.0711424513563413
1.06540207561441,0.26895999549525,0.470476105559439
1.06824342984195,0.62615843393252,0.418168066534888
0.972117510145343,0.895897359173307,0.519704787477598
0.359621095280645,0.75307343989178,0.797510644549186
1.07012889220558,0.418129615730725,0.439135800730827
1.49181411039809,0.215079006433835,0.306777829740663
0.768374907143282,0.870115487801335,0.615042631691742
0.295098503557213,0.67400715747327,0.846622399398538
1.03938922828928,0.490130759514371,0.481342700454452
0.956329496153855,0.465918658043797,0.490229479662124
1.3679225801098,0.249256212501185,0.303501741288288
1.45728007221617,0.443205467648314,0.360842073589399
0.563864883882023,0.465913432624042,0.727338063886836
1.29401135208192,0.53034332779989,0.296732960825046
0.768856770571243,0.66977345619442,0.668596219581361
0.682276772715737,0.676560943695259,0.619265193797022
0.421598847705209,0.732736716674169,0.807664759258573
1.13481814240246,0.368266591709095,0.463696530055547
1.51586623311785,0.404300943847797,0.215390148489727
1.22820033908964,0.231053051488678,0.409519067745365
1.43342573512672,0.122631143822796,0.220964274387654
1.20824425589216,0.377350941181402,0.410036984427658
0.558547872170648,0.577156590181406,0.680464604021368
0.968817524616328,0.416144035989235,0.550641222348642
0.414000056233219,0.722798015999662,0.809392239303306
0.803527866291835,0.66722140540432,0.577979061821515
1.46334943404187,0.491366262284349,0.312335792273557
0.756337001389447,0.576761041355111,0.673992671814894
0.856136879729441,0.46862651161326,0.553164467782129
1.07488434409843,0.560522876952871,0.517556398519556
1.14632966488916,0.345080811515291,0.492774484562319
1.15358599729812,0.408185932041659,0.458918387758858
1.38332612136299,0.38147864139462,0.324547792303227
0.949143713879829,0.422575418877064,0.53745433046792
0.918779064750879,0.465163093344828,0.488430364838041
0.403145762649996,0.620352709682542,0.80042288977723
1.4743274672802,0.334948850287985,0.258386585875152
1.65182496114896,0.355512822442954,0.275515367917122
1.59400905130805,0.0322468325194746,0.206170791181248
0.419512894672035,0.732546957614461,0.813051294709431
0.688241210461464,0.514463451866944,0.644503506993045
0.786674122328757,0.652606389813973,0.607448042750121
1.32260345759702,0.192119071390898,0.329308591482243
0.508357572539291,0.80722230710466,0.740633891561586
1.21437516008761,0.419130998902735,0.40354854612593
1.55505057198018,0,0.256667986625152
1.19859195367058,0.27999358569005,0.437808652124493
1.21939676798482,0.322482965539937,0.489364837527296
1.20241573293947,0.715432831406485,0.437071286077029
0.840577932275728,0.753351785983151,0.629374809402236
1.41357720523857,0.355769105151992,0.351570089340104
1.58345130209133,0.356079739889924,0.257293010276113
1.37485347208031,0.00202213500139581,0.344058457976952
0.458768379801149,0.732745500971829,0.782367941270802
1.55429722129182,0.290748520593678,0.301125350138569
1.42548579775738,0.216433916604401,0.259103015718618
1.11762945421151,0.369966607509512,0.479688336028162
1.17028027682366,0.271881690574503,0.349844290653521
1.23992005120774,0.330088917925348,0.395750462374394
1.44865592527171,0.201625839560611,0.210971718261595
0.87220257232861,0.406049459609932,0.541910413692957
1.2422409677578,0.232871944820236,0.251662067615785
1.73428354717225,0.329178493936191,0.278584214986586
1.02347069646079,0.518589184868305,0.522634936352243
1.62377544394431,0,0.272502041243587
0.622175590636494,0.764965704462155,0.687034411148645
0.71565793385177,0.520149463482591,0.669289309680328
0.776226994947153,0.621193248762232,0.620982912623461
1.29187391859363,0.0838914343881827,0.387156585107384
1.48622122955897,0.355219302455,0.336508379661174
0.49272034495324,0.789332831365324,0.762658793375125
1.12211080967583,0.287258278524462,0.449945681531454
1.199199538432,0.244997810316578,0.34826112041739
0.441906580493537,0.800862888482632,0.748916715628672
0.347495867783885,0.688736837753566,0.837009442878102
1.4129139825441,0.401327033269664,0.333531140309388
1.77116376140815,0.0409470412242491,0.135173944624926
1.12114849593671,0.641677830192467,0.412395966490196
1.10379310195442,0.444144645993219,0.473381153647699
1.12907470493748,0.493331770766682,0.414380339762718
1.15451988056484,0.516985483492775,0.351393325525368
1.00609167664482,0.527391865792244,0.456753954295452
1.04008056948164,0.542555471904987,0.456024806756463
1.38743966926243,0.135796142934782,0.297854418389457
1.20875231422221,0.406143660571093,0.334387492168389
0.545116072171154,0.66423828681874,0.733830042885179
1.19967842533741,0.454838857098162,0.408442591056506
1.18400012062968,0.454546661204192,0.415019703246206
0.711055157022635,0.536123363219779,0.643044599888236
0.442078540733345,0.772438626328437,0.780279055301518
0.510186962357245,0.793801081246885,0.75751570230169
0.547178021892749,0.731662108416541,0.739439037193929
1.43737432455299,0.27247615291556,0.272583843849703
0.436939436634016,0.680861721876062,0.82324456446844
0.746740963727578,0.857782008543001,0.648427041559521
1.17646620143772,0.247228867009558,0.261013692564246
1.55369123386272,0.404222283514725,0.28598748443809
0.481253633854164,0.801352149313911,0.74829830865368
2.00677553680901,0,-0.038703694000524
1.73994490353076,0,0.062529685597651
1.16927234156313,0.589343558566947,0.426827283547484
1.16003058988368,0.246205009448151,0.376327639847485
1.13127470262289,0.133904902124931,0.428649140089448
1.32985291335468,0,0.27567924109222
1.22363743226114,0.474088421165923,0.401351549774395
1.26810080230729,0.201078841325418,0.277846923515209
1.09312954998518,0.77159954704566,0.481437594883691
0.911695378497961,0.393777376211556,0.515055649735127
0.976761638309804,0.498515033503924,0.490207913199476
1.33615904500226,0.205315422703511,0.337222695931418
1.50564448971342,0.226257420654595,0.280284660748845
0.715867702682627,0.620029970873023,0.638450655210794
1.28704616990692,0.0700479545753354,0.360315024897159
0.55058479706988,0.57748803460547,0.735295770639481
0.328658526216229,0.71033765319885,0.82738522782761
1.13323689293059,0.15896775968002,0.421817911770107
0.623740142456513,0.625446156899881,0.691217751259152
1.16941829578504,0.25609183730286,0.445247487768008
1.09509216745604,0.320072088365149,0.418740887762188
1.61991835442954,0,0.0816789373982209
0.341777234650622,0.685760228852607,0.840885831168239
1.01589906056321,0.279770375318121,0.522603824923303
1.062191553081,0.454016946491426,0.40460114737612
0.994864118464265,0.320595444567297,0.488238622189164
1.27001159657215,0.215987716965423,0.445893718773059
1.27839404712389,0.377237656339179,0.448016387252206
0.671752309833474,0.62254724865624,0.666127082587737
0.913117338913483,0.493980111927602,0.530289434715286
0.439322554888319,0.72075259978612,0.783371521258226
1.38882417555876,0.156908644852049,0.351016740393101
1.10679574817548,0.288001540364423,0.445493112136534
0.668151502270616,0.584074226967693,0.606042746302703
0.611026429691254,0.549112940513008,0.692022968905618
0.687603047470365,0.454133005286644,0.628724056441487
1.22055547162188,0.208755232536165,0.273478885939355
0.54502305592059,0.824961533344931,0.714348503186274
1.20361606621822,0.258605104061551,0.35428322627778
1.17578289268638,0.322115193901875,0.383761586642356
1.18652462184768,0.504783319849421,0.443468751478575
1.25389278114353,0.393132834559445,0.330185480158371
0.967400065280579,0.239389031606014,0.490842070904959
0.749969574387375,0.574660035466498,0.645572034788575
1.00787976312239,0.286028141303904,0.49301822780564
1.21135036637458,0.413191211954428,0.437104848338951
1.23665899618192,0.297677481338498,0.405452405681768
1.48913645780203,0.19439000593408,0.224408094894776
1.07133181645504,0.39971597546921,0.51741810069593
0.431025891045781,0.782843671472027,0.769751126578108
0.413852990082639,0.762234410870509,0.789708846502724
0.885911697068129,0.371541146224096,0.59136914341876
0.259481015476527,0.593033810947325,0.877139670702402
0.677843711579269,0.830934479375784,0.704256670340633
0.708565535739201,0.732819751258834,0.634005405093388
1.62550355798791,0,0.192095647123308
0.422996960115513,0.581224299011243,0.790595564299251
1.15095788353913,0.280710822405328,0.327711516624338
0.872377597023364,0.434967564465657,0.532988438424323
0.442502136691182,0.632954356242606,0.780504892514295
0.948401177044347,0.391170106274014,0.52956290821213
0.636647711775134,0.835387769308412,0.696255862702703
0.499855476924561,0.773134425378889,0.779605168904515
1.22600514171606,0.385046825590592,0.34786960547018
1.10116780586462,0.422980097734768,0.415516026611136
0.937298389796378,0.337930850656338,0.493899357561351
0.322144334148428,0.692063496127504,0.837628863836477
0.414356803884145,0.753835344215756,0.796883919664635
1.31248484816723,0.473139640646054,0.395725208026138
1.20080164172613,0.381052979537755,0.450182398477048
0.328245994873662,0.69169463883649,0.83782312506242
1.45084149916344,0.443671036601867,0.339325364679673
1.24775393891573,0.217099629979097,0.358151265989853
0.81801441633129,0.713161379595594,0.579210691187608
0.567023755706565,0.710821735126377,0.674871699709539
0.382348918840888,0.759382084095064,0.792201674542996
1.27386241499269,0.177113523542313,0.388741643477598
0.619934169923885,0.830627177700349,0.704793252417198
0.375163955997921,0.731317472298542,0.813906767858174
1.04362089414171,0.155942542079011,0.446061096527757
1.0719396865027,0.330390646282405,0.473507030204962
1.18400808449775,0.180895694361891,0.40442249270737
0.342863279476996,0.739254666943713,0.808242013715327
1.15663970543148,0.254439113794372,0.379485136571092
1.05847478228832,0.557559554705879,0.447560134505054
1.37561021095197,0.17147876345894,0.344947518594301
1.43482949747207,0.0660912525028067,0.211632144246115
1.8771481194663,0.460848746524851,0.173790440375748
1.49101954994264,0,0.191421068360825
1.26588996408895,0.120456192582892,0.322328713014481
1.37523109216639,0,0.232571935175004
1.09217531666372,0.495512999188766,0.448396304715294
0.381600952704637,0.729560423608591,0.815115817488063
1.02432415400663,0.37222233500434,0.475243773562177
1.04676305078211,0.489618417289546,0.550359514268853
1.16422012238505,0.532165402851017,0.392369455957698
1.29587514016818,0.474791941188724,0.385258472405986
0.971785097564029,0.363782931083263,0.520816026842195
1.66491235412475,0,0.21466398390342
0.912449451760275,0.407832275387656,0.57362175151389
1.32271341550291,0.0754637239308686,0.274828171325161
1.62708467188386,0.0360347445991622,0.203970317082259
1.11533197654407,0.100949688699689,0.41050106947988
1.29161820103988,0.286305195981665,0.338310347827928
1.01711831437931,0.565563710792969,0.524711068047052
1.11029864514274,0.244484351205551,0.44037366676273
1.4094011855061,0.315644873263921,0.331403612188755
1.21479156837001,0.20642396296298,0.342645255211035
1.06312903568781,0.507795632530042,0.486906836058004
0.625254601304388,0.506955040262757,0.718353783196221
0.879318889850248,0.243651558270555,0.491134901707032
1.10617704513781,0.571791888384368,0.427444593613973
0.394271272114575,0.771730769230769,0.780960404380792
0.795522988490029,0.476713722742952,0.579533304180746
1.07879513395294,0.181422656241944,0.439295668423627
1.454011391007,0.12152093722675,0.290033500484861
0.776733184426182,0.556244076352128,0.618500400576531
1.46462860287309,0.147846254430614,0.200530238606391
1.44963050232842,0.14862145528568,0.218949082797188
1.39859329036022,0,0.238238948605547
0.338632098931467,0.711190993681338,0.826875205045262
1.61414013575067,0.0129557530525303,0.189688686872153
0.421893739035567,0.657505743467822,0.729555295490021
1.07284552958049,0.395931057024075,0.476149643759525
1.71987382585619,0,0.184120575969551
0.626838205713133,0.660475661518671,0.674876449318914
1.19540171741209,0.204789020890492,0.405863957548665
1.34704582440182,0.199089747821428,0.36936056910027
1.25178470596327,0.495311053888343,0.325547033424964
1.09688201364721,0.193936763851247,0.402569709342477
1.28588618365134,0.158790344962358,0.386504683372452
1.33673161003725,0.416855745459408,0.312380859034339
0.509154026134287,0.816165648908542,0.728016011680403
0.758234515206693,0.380732271312582,0.63334888046098
0.540049117155731,0.792611456176673,0.758906644126906
0.293753989405631,0.662983300413,0.851639399290085
1.34205067735248,0.50883693522741,0.301015272212248
0.379186070298307,0.71781663837012,0.822810247524156
1.01940471622135,0.540141810949636,0.45428013050249
1.18224695424058,0.503090294604861,0.421601294402846
0.914521228778353,0.628763488090567,0.545466586094258
0.707867516624109,0.649130143535699,0.635119836791696
0.35606363299673,0.707355679312083,0.829144130039956
0.776881691385001,0.590204913831673,0.609999150911144
1.03687321327272,0.768115175583274,0.476326659963275
1.06443691736477,0.399992419133687,0.470955806478743
1.19352552066774,0.375209139701266,0.442277794080493
1.56055391625996,0.191644039149123,0.280187307998171
1.34023552064847,0.427284352500572,0.358124750647282
1.22307913595787,0.391405574320246,0.470069698458463
1.6909869916463,0.395655296903464,0.249117676888854
0.60747240330134,0.604962315424234,0.698674403124335
0.727262468687974,0.492766867738011,0.578154020482614
1.02506905883621,0.903226032290327,0.483332127602718
0.468677891037159,0.79687541951397,0.753845645463677
1.2570088891202,0.245454952238507,0.377718371722673
1.12591108880111,0.436071929879474,0.398551768802824
1.30482442165293,0.172081758122896,0.281484349310058
1.61534310035858,0.224978935993036,0.118262499804266
1.25744456049276,0.0675047804641933,0.384811858858726
1.24342514433,0.54695900585771,0.353729134963617
0.690767255674649,0.415068696042869,0.672311548541438
1.49209251223606,0,0.249450446561336
1.11917884928647,0.066295423572945,0.463994803981574
1.25522910420882,0.155315424971935,0.356952303171709
0.37473482791894,0.763032434179807,0.789000659955552
1.22393522818625,0.483332780339513,0.201086665674773
0.490732855783199,0.786034297963558,0.766317687722286
1.45446187297614,0.0373305489302846,0.266904297895089
0.381831397970202,0.729723640987602,0.815004167650096
1.63867628181648,0.0521650816927062,0.21967796103977
0.334524231913861,0.705850905218317,0.830018174840518
1.00168832223778,0.629575797909399,0.535395026791383
0.399974123591876,0.745483535070197,0.803549055210277
0.841137379029353,0.260584842956177,0.549712323860089
0.890127712236135,0.579787456847109,0.591684535671497
1.07205987609245,0.441165577235579,0.421133976191984
1.63239111584216,0.114919418482491,0.249820259263714
1.52352701378103,0.130488123581348,0.244282235227661
1.19662705487831,0.366372407348972,0.393191148641831
1.40395539603332,0.290473406823925,0.280760555310799
0.426649043666397,0.759052547928876,0.792485873703114
0.7919752722502,0.417139440620014,0.60637411915994
0.466015105107463,0.546132346849436,0.761750968758966
0.74779166050301,0.431428194904063,0.617693425100711
1.0165878335003,0.419587639303614,0.454620260997693
0.539738774782405,0.816207386545478,0.727954246581449
0.595741781193472,0.481839864023025,0.696669154178477
0.25044404973357,0.600709219858156,0.874777975133215
0.34531059683313,0.695925925925926,0.835566382460414
1.2738314716472,0.481379827429812,0.401394985128196
1.23915774037926,0.0814768011241016,0.347811715589864
0.938752328025693,0.226460313473359,0.545178135646467
1.12016463899757,0.456678206135743,0.360636621576729
1.30834083653925,0.153361053361053,0.345829581730376
1.0861582418703,0.575867340652793,0.38426403522092
0.261989346267735,0.606854242482283,0.872820705695274
0.841690659783102,0.664457818994034,0.592204137701986
1.45409536217445,0.271159597217361,0.264121780276086
0.549347360259469,0.816509539697451,0.727506269712565
0.337288163641094,0.722492485388254,0.819824698909672
1.16422527126835,0.235560102140293,0.444549011799449
1.62459333305658,0.249305677733845,0.272135603469274
0.89357696499449,0.552592231924914,0.560247556597199
0.715189066059003,0.399027499751425,0.655496596310692
0.689972099914566,0.848109800362976,0.67081483782702
0.704708989950812,0.629415792324511,0.623552889983541
0.651060064254367,0.651131688988959,0.655158864272052
1.08595807542007,0.185525751295727,0.447068189704647
0.962412504749842,0.89879599494053,0.505948406185913
0.812585612518021,0.503899173990158,0.594518157426137
0.601402555535364,0.829398796104771,0.706918832585106
0.53905443078772,0.832298938962623,0.70185042544927
0.932556444735125,0.313300865854651,0.480759217853494
0.637252686540347,0.82173476487524,0.719519064022735
1.27742341211601,0.295843657075702,0.362563167606783
0.58535205828391,0.566719931431909,0.715295691496152
0.431177526367798,0.759727737035097,0.79190273823948
1.39878608031137,0.161864763833432,0.280459835230777
0.669399344157403,0.858081725312145,0.64768455570663
1.19680613288234,0.253538006910028,0.363400993147692
0.880425304177884,0.518706388453155,0.56586523462629
0.444111568954171,0.778884391074861,0.773873946561013
1.39104009716091,0.190827630820563,0.261655999383803
0.629541569263004,0.62708373846303,0.663706426675746
1.59015731355048,0.228348098320991,0.226577182125252
1.22608821996386,0.311607740735172,0.396610127970543
1.51422933006158,0.180883043604305,0.239844713824509
1.14743742241408,0.0148326181181042,0.376392705209737
1.17179745858723,0.4247182682988,0.385850388581116
0.636931352225523,0.317376509804421,0.653087498787842
0.637481454185778,0.839995345228859,0.687509091085403
1.04907212992093,0.3411551877667,0.507014976540916
1.0717798392669,0.208891865748639,0.470464506291056
1.67656490908806,0.0290070507094671,0.119451203210053
1.3816008083866,0.161268410188697,0.286363218808574
0.765268246152108,0.383527068268606,0.575793655126326
0.639528522304974,0.664306218445062,0.672372683245403
0.613328694810402,0.866303336703741,0.626019088530242
1.53276536750954,0.308316671625242,0.227436810731079
0.43846565637553,0.797931722332849,0.752558884663922
0.385638239397166,0.718907543584235,0.82212258330389
0.29686117771042,0.681332531489584,0.843096629117114
0.453198269355742,0.569799049633006,0.734038574321748
1.52501015436888,0.458477410068579,0.284704430408593
0.679308845903064,0.845431131019037,0.676519597189017
0.712895574364801,0.575597596201734,0.617545292722746
0.625634455216382,0.852309924382214,0.661453216874252
0.994356481901585,0.479661406302822,0.553699963239863
1.32511232339884,0.561864219491049,0.356741590583087
0.562653162763995,0.84288722458123,0.681757260880093
1.36932270523698,0.180119464632107,0.259024510153152
1.50822428523883,0.178004588308103,0.247393071238109
1.18960756155217,0.292770418788556,0.353474151330341
1.16045415248905,0.230539911452073,0.3346019767838
0.386000160229802,0.736269539527149,0.81041249497554
0.335998865607363,0.72499907155051,0.818182432030648
1.51419509478865,0.162590883352685,0.260646926372731
1.84073386255124,0,0.141448758138413
0.95197325233505,0.26013715912869,0.495776879059825
0.989882682143443,0.897765662713821,0.510927528585256
1.33168092174286,0.324412604801248,0.360997638319163
0.521567643358548,0.806353018086729,0.741798196357155
1.38514749882247,0.422120502986752,0.311556909133962
1.45676844114238,0.00517702686882693,0.259772133565863
0.988480506079059,0.440638092122325,0.49047396593863
1.28932126319913,0.0675510113653754,0.325668795397943
0.379047175033391,0.695552407190915,0.835768121735965
0.950994971426031,0.523341143953577,0.493073042949877
1.13503860983998,0.484309536422451,0.440316267337286
0.366392108035629,0.713421774931381,0.825527567602082
0.451387107808679,0.761623674804628,0.790247626482956
0.750577415941777,0.697305911528749,0.669057576745248
1.56055638420403,0.0756713677300698,0.22283048595417
0.940810477765536,0.452717275193893,0.507944310792084
1.14969496881497,0,0.354103950103948
1.33144114757389,0.32650983233574,0.359884063666399
0.874887058025042,0.489863166327442,0.573641784588186
1.24104439829064,0,0.341271550801145
1.12293169889833,0.382643618669249,0.493261868728192
0.442508968918333,0.792094609460946,0.75950599515308
0.721714249414102,0.3288821885685,0.620948398416963
0.792811341401583,0.458887058800162,0.597148708637407
1.79654545454545,0,0.183388429752066
1.2466339078008,0.507147440098174,0.398342708590346
1.10579849786548,0.58738583597089,0.441515910168948
1.42874114798977,0.36996258848095,0.376639987788058
1.126735606636,0.152040417031928,0.415593565022821
0.758878280346373,0.581306307723173,0.543943341137997
0.408418155380142,0.76004984423676,0.791623390112172
1.40891018648875,0.553827718499761,0.339160325286702
0.997846685056496,0.369518006300326,0.506016492546289
1.58041144411858,0.386815263618271,0.222238462540071
0.757763261849292,0.700870177359586,0.650478200254017
0.671949835515196,0.724866658433454,0.661315607099196
1.18490309355426,0.39562267289647,0.423685265781001
0.542384840584662,0.579233643114167,0.745598104791435
1.41987263362909,0,0.336508115126595
1.29059241682453,0.237699736123887,0.304637706452299
0.361989285751293,0.698886115444618,0.833949868921425
0.911635241761684,0.448419981005825,0.535827269978776
0.734563446393768,0.599181019273035,0.63707339605051
1.00164328678211,0.365275263430406,0.505116953170895
0.85023159475701,0.485410232652185,0.607101850851659
0.793575282307623,0.590520016608677,0.604793186101782
1.03456355686612,0.311645550121623,0.443783033942944
1.31702754369399,0.141807710236782,0.351856523772645
0.774357603145509,0.642556962736095,0.608910301441662
1.78457151608371,0.0610003389740674,0.20189109298582
0.938343423085121,0.312545327321709,0.52608918026004
1.73263648587338,0,0.205212621159002
1.46325452822482,0.0443158293952004,0.313670483947083
0.438257960227061,0.777756461172919,0.775021580992268
0.741753675598085,0.674232081313742,0.646109887596333
