"","tau","beta","kappa","mean_E1"
"1",0.155685989862702,0.0277504085245008,0.0267230022628211,6.31411848428888
"2",0.139291171068277,0.029047409599736,0.0265547544508087,7.09365277880556
"3",0.127803210840219,0.0269774389137407,0.0231640841601809,5.93347018811954
"4",0.109840692460287,0.0249712883346415,0.0226447790715343,10.70521499762
"5",0.139011747656102,0.0277324241321146,0.0249521547635928,8.60651723603626
"6",0.138078797767303,0.0266402045073532,0.0226659860114542,21.7426951663503
"7",0.142263511845287,0.0288995210187002,0.0254074140917918,38.7016108167591
"8",0.142415012895489,0.0306850072939868,0.0267010485642686,8.70678918297759
"9",0.132622147740096,0.0268659550186381,0.0249147428357484,3.34595652947013
"10",0.165465077244415,0.0301102095052455,0.027212388611393,1.70652865046069
"11",0.124811523599965,0.0292855800623033,0.0265123567159404,4.39585743618445
"12",0.0731237588012964,0.0248157206135679,0.0204515208411702,11.0213255872393
"13",0.118348920681483,0.0286986366899792,0.0253905633471188,11.0451695924428
"14",0.0978775093655466,0.0261177841846874,0.0208904555316986,7.91565521082464
"15",0.102107004506755,0.0256706394461326,0.0212427018678004,14.1590680596337
"16",0.166946855646077,0.032247055730475,0.0283154077196411,9.79996202770966
"17",0.151293463560094,0.0314215995314403,0.0259805816360708,9.95287351278304
"18",0.133804097803325,0.0330098723859121,0.028232689063044,15.1805142812665
"19",0.153398834615964,0.0272644380294627,0.0246839066781948,3.97275036872305
"20",0.130735525115864,0.0305826517316748,0.0249607523755184,26.8468214587971
"21",0.103763017739447,0.0245856899781086,0.0229764049185091,14.4505325796374
"22",0.103654012920314,0.0267441883901818,0.0225918180670866,13.1385509902916
"23",0.129931283814861,0.0325519962414438,0.0268278881605161,10.065789811235
"24",0.131051479761736,0.0258299559536687,0.0243112473571356,3.40812529541679
"25",0.116576966646451,0.0271639889723067,0.0231728049089349,4.7827129225771
"26",0.202155053523044,0.0310679933261994,0.0289271565556164,1.26692835207013e-05
"27",0.119436623026114,0.0237134839438386,0.0210517253117291,26.9369425073523
"28",0.155140326473744,0.0294363873051633,0.0275967317733029,0.00127207131260363
"29",0.1342436804845,0.028980833886233,0.0255778247777787,1.42673942962708
"30",0.136851659792502,0.0296112797709031,0.0257800205253075,3.49548979085794
"31",0.154918568261077,0.0292211708931973,0.0262904373107356,10.7548464599993
"32",0.113653855588802,0.0228763968097566,0.0219985063959016,10.1554643261411
"33",0.105408813906943,0.0256681648526612,0.0212138446657236,10.1913793714943
"34",0.173466051722318,0.0273605309096744,0.025790548834159,26.4385284721303
"35",0.223495765212052,0.0295686727636786,0.0285147552258835,12.5005296297758
"36",0.177127946154731,0.0266202998207635,0.0251359237260909,12.8011378495835
"37",0.153758795796111,0.0294417385273558,0.0256557220115101,4.34856362629568
"38",0.133848583780931,0.0276905125807891,0.0246091708283687,6.58884794739233
"39",0.0811665455523277,0.0230459741487892,0.0201080955601684,4.79749514480422
"40",0.118389854128457,0.0289881648831419,0.0259157095836004,16.3614935158983
"41",0.156814439561174,0.0263614042190871,0.0249765725112609,12.9969605680277
"42",0.159930356731012,0.0311386647990159,0.028545078567808,31.9285392715
"43",0.127085158677158,0.0260913547958363,0.0241899502433346,9.60805654897212
"44",0.10973430580193,0.0290116629560837,0.0233124514871535,15.7272053393355
"45",0.151642994918574,0.0281767033471016,0.0257421405079622,8.77741839002684
"46",0.16358669759505,0.0318538644437771,0.0285705134323917,4.50969164497068
"47",0.149237164570894,0.0309530276147023,0.0261504263842322,24.0669222140158
"48",0.150683192077657,0.0306451630820283,0.0274302784324903,8.80401806046381
"49",0.0871355643019689,0.0220256987922822,0.0202741178944129,9.83464024203242
"50",0.154486582547173,0.0283222871394329,0.0259909485301603,9.18686887519319
"51",0.101361123887209,0.029950745549162,0.0252900065817096,12.1767454280456
"52",0.131964761000466,0.0307585323701485,0.027618543675503,10.1674762045439
"53",0.192816664533099,0.0384087672949478,0.031037552019581,9.39887488750111
"54",0.0906637008708409,0.024756766424112,0.0227016564588723,27.3217887740599
"55",0.138277547710491,0.0312595167687067,0.025297891860404,10.7132322425372
"56",0.0923569620635911,0.0233643686841519,0.0210263374182731,10.5585891703312
"57",0.144699549413118,0.024760423087982,0.0224899398038449,6.02881250901519
"58",0.117516938501089,0.0280882416743954,0.024853882111032,4.88316999104774
"59",0.135675795216142,0.0270469793013633,0.0258374987509224,1.92657954058883
"60",0.138257081245318,0.0264880278881198,0.0241935828191025,10.9437189677673
"61",0.136769780728296,0.0256831903684007,0.0230435829913979,12.709271727081
"62",0.123742358457094,0.030296127202058,0.0270687335863123,11.8341166368342
"63",0.153367966554892,0.0375435803738952,0.0318213335253774,17.1244946498941
"64",0.109962782996868,0.0248337777028543,0.0209239639538914,3.86893703258797
"65",0.147561449971314,0.0276936970265963,0.0249636859350724,1.39701332116365
"66",0.0924712084898277,0.0239242536371165,0.0215708960638588,27.793045875294
"67",0.1257791617619,0.0243548031248922,0.0244909874965297,16.838577445493
"68",0.176871382954644,0.0310949582967681,0.0278441177371959,19.1024015920944
"69",0.107792270410827,0.0281224233189359,0.0223297018732612,13.3282305018982
"70",0.180186865886508,0.0389194931805355,0.0333132834320664,6.48492628382915
"71",0.0855127272469991,0.0258767247473918,0.0216894654314218,6.98508474925534
"72",0.127824062644594,0.0256078023142205,0.0229098594307027,27.1378270537405
"73",0.122518030107052,0.0270480506658625,0.0243335493671618,6.45155430274821
"74",0.124452820788993,0.0230135971303105,0.0216011664169163,12.6545568954543
"75",0.0930547443235554,0.0237851255372328,0.0197355210824936,4.65122522754073
"76",0.190227629182306,0.0299540132269808,0.0287300925935539,16.2650745093649
"77",0.104613522248045,0.0266619939382615,0.024447781288827,4.88499363780772
"78",0.134359885445469,0.0299731019687907,0.026580692190026,21.1448887453087
"79",0.134944357587906,0.031272462254854,0.0263387625524102,16.6699354135235
"80",0.0962736013240662,0.0270721793410212,0.0236019061663819,9.79625464087034
"81",0.154362017067853,0.0255528907686657,0.0245584248578727,6.96634606650181
"82",0.156451676925592,0.0293528998119252,0.0259204348125852,1.48381019156509
"83",0.143333954314515,0.029215588173072,0.0258507022462917,6.52350703848557e-07
"84",0.146051146748283,0.0286585377440848,0.0266071784633931,11.8201407072516
"85",0.117820717452706,0.0303319369760601,0.0275076480226923,6.37095809456672
"86",0.150970220734751,0.0271712610413897,0.0265529179518334,18.4663076036831
"87",0.10396203953277,0.0228845053832358,0.0212746245334285,0.00156459561631654
"88",0.100651906675965,0.0269605016177106,0.02337544649445,9.75066020176166
"89",0.194241538994966,0.0278765237632874,0.0291234393294749,6.03294617401393
"90",0.131467619249595,0.0312665002088921,0.0274390589286306,13.3624096951875
"91",0.109093888684455,0.0257262826524641,0.0224542821870822,7.86971676503441
"92",0.112330561417232,0.0282872915277115,0.0236420020999222,3.52171413170423
"93",0.14348072396989,0.0279635546913151,0.0249179863094589,6.10610434255795
"94",0.133726880687766,0.0235306380319119,0.0231276346782799,19.3320157940158
"95",0.119021756893192,0.029255673512239,0.0256718158781265,3.62802215891014
"96",0.148919242728288,0.0261489840695196,0.0259511693632466,17.0044902236092
"97",0.112296582078952,0.028672801955042,0.0248910604966657,2.13864175816964
"98",0.120857775274199,0.0264426794568831,0.0243488832579441,6.04641963911954
"99",0.150455659545311,0.027225429902807,0.0264462190668294,11.8572865360141
"100",0.168279629816904,0.0296173182156882,0.028937944096022,1.74472334757829
"101",0.105616383148427,0.0255490214071121,0.0221103178509914,7.58857909068673
"102",0.13928894004631,0.0282331844514138,0.0251367968184386,16.7964956891062
"103",0.13359752412716,0.0255876798388512,0.0243690601459016,3.45090613407977
"104",0.128446593011275,0.0329538260766985,0.0283478449192431,13.6997828231425
"105",0.125155497710056,0.0283941360331877,0.0233434201099459,12.6124261172908
"106",0.14954332118726,0.0341144654833281,0.0290892555929148,1.8448162112723
"107",0.122883392019708,0.0246233813270444,0.0226354736857658,4.05656984432264
"108",0.0955468040292986,0.0272247148976846,0.0239659576922519,8.80402660959747
"109",0.131140521971333,0.0288111114176421,0.0247752500056302,2.61065326433885
"110",0.105259608410901,0.0265861418482187,0.024877378319792,12.0038504863482
"111",0.111770177828005,0.0258053401208288,0.0220295454689912,10.6273843753793
"112",0.122007639404501,0.0300602513375749,0.0262854364907227,27.6841714895021
"113",0.0951492470627906,0.027922991763804,0.0244677038882813,12.4595529445572
"114",0.0952124815730782,0.0261533588194024,0.0226453191073602,14.6494077475767
"115",0.113274702646274,0.0264956051843533,0.0220195378004273,16.4161360795305
"116",0.106974742928391,0.0245039909428064,0.021840235635657,13.6686184165387
"117",0.12432138319298,0.0338466226043237,0.0283702301937163,16.1410314066744
"118",0.124981333827013,0.026349864336779,0.0242840785909411,6.28544736401631
"119",0.118235052431918,0.0259752784481422,0.0224528059460575,0.0470762518323849
"120",0.183670584885455,0.0303986912039601,0.0300322469642433,5.51057414211996
"121",0.160708256602857,0.0327576433638355,0.0298304848160661,13.3599789550754
"122",0.121969946731131,0.0250183463261677,0.0222414425512952,21.0457352523881
"123",0.19207141635499,0.0335102962885515,0.0309998968977869,9.14978321297097
"124",0.15523643532518,0.0301153736441086,0.0272952520483178,3.96699483225947
"125",0.132073903143033,0.0280367525469076,0.0259800051844672,12.4610802786488
"126",0.13615370713616,0.0269184927318634,0.0263242434546026,12.8426258296033
"127",0.121037089844219,0.0288790551456667,0.0254753520985353,3.4574382230405
"128",0.125025419035453,0.025306276297056,0.0226428780133575,28.0508059660109
"129",0.160651572716757,0.030880888637042,0.0273261230200772,1.2791478723508
"130",0.132609341273993,0.0304546983830799,0.0251710446317943,18.5499530649873
"131",0.108394606712955,0.0305507135706277,0.0276248422063695,1.61344385063646
"132",0.145732812558456,0.0297215894817194,0.0267806746811976,17.0116594117254
"133",0.137254486504199,0.0245567554446938,0.0256468224048697,14.3033708315424
"134",0.154180924724398,0.0266048742626238,0.0250948592024741,6.7151027187932
"135",0.0803409501286322,0.0224088724916899,0.0213316291962148,4.20638510980182
"136",0.103282590329833,0.0272440223130369,0.0250126237517402,4.98288344809407
"137",0.132059207318321,0.029902094065589,0.0281424154013586,11.5401088178735
"138",0.177547324656556,0.0267203699400888,0.0252228201457637,8.94724116458542
"139",0.0690808876287268,0.0238495045224458,0.0196344793768999,8.90817235830734
"140",0.18584879342626,0.034141186965099,0.0286950161562565,41.6649535259421
"141",0.130537523074434,0.0258946351877006,0.0236395048416422,7.19399000859093
"142",0.120167304359156,0.027446503999253,0.0254356131170278,24.9497579023091
"143",0.113314333239112,0.0277138608610227,0.0221722115886689,27.4555462849708
"144",0.11941947775551,0.0312204737287457,0.0252330614962346,1.54205137537933
"145",0.0912954212290539,0.0284866133740347,0.0214836154066984,21.5965237015427
"146",0.108516102174514,0.0328112384165487,0.0268075551678138,12.2511923653189
"147",0.121060223432192,0.0241352405109446,0.0232131237953374,12.5686944166269
"148",0.124547704377509,0.0276468096055611,0.0248709746595995,2.66964811424316e-06
"149",0.138320906958639,0.0280332785031977,0.027109946435754,15.148444454596
"150",0.143566825436908,0.0330790821563942,0.0288875288954648,1.68394685298219
"151",0.0993164182275574,0.0240720245602893,0.0222850407094627,15.0336564131057
"152",0.0861153959272114,0.024568366916461,0.0214027241686965,24.2977971430122
"153",0.0907245139042755,0.021190904971616,0.0199116326022691,43.3091273546394
"154",0.128420773077379,0.0234767964968802,0.0226321847583808,13.9467045614654
"155",0.127705065093859,0.0277623437152716,0.0253181527744634,18.2708750342521
"156",0.125460568951024,0.0261232707525441,0.024030813191276,0.040529878497188
"157",0.0869045793870816,0.0265047514234594,0.021617774952131,8.90409426535694
"158",0.126937738937897,0.0245761627907935,0.0227049598063468,28.5805319381406
"159",0.120266802957202,0.0304220625967826,0.0263230889528953,4.19817667421675
"160",0.133133630033786,0.0267312634479575,0.0248794565863334,17.8897449379676
"161",0.122807638764663,0.0270634602946785,0.0256222937814275,9.02017932191763
"162",0.118695623606693,0.0269664252639868,0.024492542478153,9.54259383887434
"163",0.167248567838084,0.0319115574162474,0.0301379466278186,6.61224280826802
"164",0.130469799998728,0.0289850666875249,0.0252868432301218,8.08859923373153
"165",0.112950771429703,0.0282854704820978,0.0243347023823844,8.00104514622336
"166",0.139638160257019,0.0263859780345171,0.0242327240298417,9.64015958915001
"167",0.0788096204001877,0.0269723765248155,0.022664238000699,9.43976287731588
"168",0.121992919307826,0.0252252502164164,0.0238121386227207,12.0455788155634
"169",0.103872030999679,0.0307925494848494,0.027053052510769,9.3541037719314
"170",0.116252909460131,0.0302478708445451,0.0225558089936793,39.4316918435787
"171",0.108906814829132,0.0350578732067913,0.0257819332092143,3.94867847817813
"172",0.113407576711954,0.0292404120723558,0.027926614134335,7.22631758672353
"173",0.125856925729094,0.0272601690944072,0.0241424246035288,33.2130662640547
"174",0.139508282805519,0.0289512188388247,0.0236389938259951,22.5623459001894
"175",0.148590407938399,0.0282266811214749,0.0267224333576194,17.7565780119832
"176",0.126891217705953,0.0302260545784153,0.026745856655476,0.24071632829962
"177",0.112512841352759,0.0266710511318718,0.0239638187322383,6.22796228255982
"178",0.117827894770298,0.0280417246391697,0.0236570601332375,27.6726139630589
"179",0.212887635935555,0.0313959253856781,0.0295186046336184,17.0308835349397
"180",0.145681941847618,0.0283760030293712,0.0260166260051663,8.75035038724436
"181",0.145928561958108,0.0246971830916627,0.025246656638569,9.07607022528501
"182",0.0999548700359966,0.0258447610766765,0.0227245509925927,28.1073406807785
"183",0.123794568329362,0.0306912569979439,0.0281873691475868,9.79767647227481
"184",0.0939110715958421,0.0265945285783521,0.0226935267782169,1.99053873877362
"185",0.126646123770116,0.0265553143408878,0.0248139874277536,1.7111089353806
"186",0.0939977059283817,0.0308076599318379,0.0247704088230474,4.00766418560806
"187",0.123451485503254,0.0309695905173001,0.0264202957707196,2.34304263851407
"188",0.205751948764286,0.0386252896978662,0.0324244480508654,4.00312025025659e-06
"189",0.165203184256639,0.0357058318986481,0.0294745342443588,11.3330526595325
"190",0.182984005709017,0.0310141483884025,0.029082725276961,12.0483603726261
"191",0.0747486934587543,0.023459941743611,0.0196529588268021,8.51349788148519
"192",0.0892023756057635,0.0225496409060544,0.0203714719959829,17.9188902005165
"193",0.168458442969831,0.0307373636135787,0.0294718742119925,6.19122258955997
"194",0.0870838755744555,0.0256627147983768,0.0204153669607783,8.27197199779403
"195",0.125060557823323,0.0256296924877335,0.0241676380645497,1.69314264852417
"196",0.169364147247942,0.0281596869191082,0.0261162019371363,10.6307904427228
"197",0.10394791201548,0.0264484536377515,0.023142701104703,13.612568051319
"198",0.0930750645665041,0.0284906733962651,0.0246196857293777,23.2710375972711
"199",0.13611985660306,0.0300250217304145,0.0264472991193889,1.65201890524124
"200",0.116678393409062,0.0279255533878615,0.0244446094603436,7.99159527550734
"201",0.126279404065749,0.0285319873841806,0.0236615201492058,7.8062674160154
"202",0.128267045805946,0.0234512704257107,0.0208698206892622,1.29659277649338
"203",0.163364525778636,0.0305355428675054,0.0280100485630592,3.39567748179383
"204",0.0929815184924809,0.0275326758725875,0.0229971727682616,7.76677621119387
"205",0.100710396023661,0.0334157362396552,0.0289759475982938,33.0328364431626
"206",0.10875501469286,0.0285661911397341,0.0231281808678738,17.528196414463
"207",0.117465506468182,0.0277519770888308,0.0243489695517415,13.4468397926321
"208",0.119804047924813,0.0295887718726747,0.0237845577217911,18.8325419284251
"209",0.124770207053001,0.0240306610579344,0.0226175343192173,25.8202204653416
"210",0.117366955543219,0.0324363205554522,0.0271014314808802,11.8456694558656
"211",0.0825466651419038,0.0248235405174649,0.0215599476365394,13.8135174859444
"212",0.122065381614398,0.0274459606484752,0.0227793199183929,14.3894637756106
"213",0.104912637499812,0.0293566280475066,0.0243411574240861,6.40643967357137e-05
"214",0.0977750395837588,0.0249390381697491,0.0243570983623619,13.9089330433696
"215",0.0892348064927866,0.0241990597007412,0.0211516433983673,8.63698327996402
"216",0.148043878931319,0.028997729341617,0.0238271491223914,22.7688383353203
"217",0.0892165405645921,0.0238358406693901,0.022246693248076,7.07837339953709
"218",0.113791647081775,0.0259367262667386,0.0223859144121378,23.3528571797194
"219",0.156603238655052,0.0279171466661673,0.0260354602959404,3.36996471340432
"220",0.125649056107586,0.028078148364198,0.0264518424623879,6.60219364880346
"221",0.0981785578025771,0.0253777314925066,0.0220279483777201,10.3978100111132
"222",0.116181118336066,0.0282967820758137,0.0262437881762559,22.4101062084547
"223",0.136578830009849,0.0316242503995667,0.0277375631231362,9.7245767646155
"224",0.142215652823738,0.032538612606075,0.0286376996820156,17.8921573687776
"225",0.129148629985313,0.0252842662013457,0.0221700414840717,0.000454089148116772
"226",0.148481153539956,0.0299425316600077,0.025579240773044,1.64912437714847e-06
"227",0.109828022864874,0.0305661341587746,0.0265010433041489,11.1713676312765
"228",0.114748702627535,0.0264405133897175,0.0246252927862585,3.86804484095221
"229",0.130269077070254,0.0286682645810292,0.0258396731048185,19.2868535754679
"230",0.119238200977324,0.0282519871251446,0.0256553479152817,6.69639776127259
"231",0.144359898518082,0.0282220938009582,0.0248149700257509,3.43698565231675
"232",0.149195235623788,0.0292110823301092,0.0264655218881613,34.9169625855026
"233",0.180248500606194,0.0299668686791164,0.0285976065784461,18.3253694003552
"234",0.0998734436698506,0.0265619395862379,0.0246335540775811,15.4668164212954
"235",0.114963029915348,0.0272026010631355,0.0235191259322976,35.3225918202319
"236",0.085989663717203,0.0269869582096404,0.0225798622228757,10.3893647641106
"237",0.110149184574573,0.0309433666760875,0.0248281172339975,17.5053378302096
"238",0.101754395812833,0.0260132007357217,0.0221908761902658,13.3340476132521
"239",0.0915839984368646,0.0259533662488336,0.0233119163819929,15.2607225208122
"240",0.0989836083259641,0.0268497054566225,0.0245695927991719,13.2635131960233
"241",0.140373225329222,0.0288214800508097,0.0264030088541163,10.4610435295095
"242",0.0766231869411485,0.0232259440032285,0.019424057940029,15.3171847480858
"243",0.127434203813872,0.0278915165249796,0.0240369825226624,8.99017684118354
"244",0.156786612303831,0.0310512014906853,0.0272020321101177,7.21875790984464
"245",0.112090207879062,0.0287305018505578,0.0235626511548343,30.6040172359061
"246",0.105739216279191,0.0256806604802716,0.0241078979453312,9.77597695414391
"247",0.124248281937658,0.0275604233289054,0.0263159907792352,10.6200953827956
"248",0.132094026542606,0.0304854342772661,0.0268766057450904,7.03413247879965
"249",0.143092308320896,0.0306958636218532,0.0280687769119703,3.25278826368237
"250",0.116854268839758,0.0286677336422762,0.0241202737166852,10.0607005172697
"251",0.166868578728324,0.0277567019713087,0.0266542965742218,1.29655440668414
"252",0.141014107468149,0.0300815156446519,0.0261642454857453,15.3772828349902
"253",0.142811290041953,0.0348697059101764,0.029068973302766,15.7198117598339
"254",0.130036706403251,0.0270837457427198,0.0250211084113884,7.99087948176449
"255",0.116876232202858,0.0311681604483727,0.0261339576684151,11.8994682175502
"256",0.110501410682744,0.0233923697504377,0.022285544040951,9.44095489854701
"257",0.115829857662377,0.0259602179752087,0.0250629812932754,18.7274982816198
"258",0.0955105427768315,0.024335891143798,0.0221696833297637,28.1040147374336
"259",0.106882727431184,0.0340259131791019,0.0256871149473982,13.6385548254581
"260",0.166363993687912,0.0339382106761539,0.0303819747205711,8.91135500042462
"261",0.161383624794052,0.0290509041552974,0.0278855513771836,9.20901583589767
"262",0.126632607437035,0.0265893448483832,0.0235529370523271,13.3634417131895
"263",0.131788462560447,0.0253933854814548,0.0237357390282811,8.79769869296458
"264",0.145703526824596,0.0274050430690086,0.0260499111581339,25.8307668004716
"265",0.152909966268031,0.0289057549547116,0.0291223161725094,8.86027677824011
"266",0.113506598146836,0.0261175347932371,0.0228634495949718,11.8618013634012
"267",0.129070156128392,0.0288867443977019,0.0265161026174309,6.45251515327088
"268",0.101529608256993,0.0242627783619906,0.0216168126983686,13.0705222359164
"269",0.139077298836869,0.0298396844206855,0.0270432602311352,9.07335383888233
"270",0.107874775965981,0.027529332148848,0.0234186880800805,11.2112560092525
"271",0.110131592868402,0.0256923681608744,0.0231083009191015,3.87893618757768
"272",0.198020859289044,0.0323950504800326,0.0293945262047404,13.1591054239426
"273",0.0853826422802278,0.0241824920174584,0.0232291456848323,7.39422947876135
"274",0.115800155441895,0.0232994119510127,0.0225579168189794,9.64874838909471
"275",0.16466149546466,0.0279986763075892,0.0272519401862216,9.29251450295311
"276",0.159149217342735,0.0295047372150198,0.0263023411848762,7.35252582707245
"277",0.10009786180844,0.0277482323401029,0.023996429892278,32.438632446416
"278",0.0923348463730895,0.0227939487137893,0.0219061534205918,6.48586396227863
"279",0.129576967690423,0.027956532678441,0.0248260557160037,1.51209930721155
"280",0.0861868666524318,0.0276457067863351,0.0228768603632047,14.144505454772
"281",0.120342641786312,0.0253772001828481,0.0223886521836084,13.4923330808906
"282",0.11864155881763,0.024373071219515,0.0227623693125695,17.1346473594669
"283",0.165668556505119,0.0371576853588298,0.0317645433761751,14.1655310100509
"284",0.144445001617316,0.0279217119793771,0.0250397512514717,12.8459954191511
"285",0.103126583569823,0.0276727179085021,0.0253540839430191,11.4038673868931
"286",0.116403926961732,0.0298011212908093,0.0263641805578027,1.50777337208427
"287",0.124721092980976,0.0231253549531421,0.0224772313917573,31.0497631214777
"288",0.158296604509502,0.0285557224582955,0.0270690959294669,3.12788427345302
"289",0.092172519916624,0.023008139098663,0.0193235907900977,7.24286838228324
"290",0.172215272799789,0.0286850631168056,0.0244142778735583,20.0524558243299
"291",0.130081199774738,0.0302230888854492,0.0250579579212107,3.77134208081037
"292",0.125660311582043,0.0288704959606277,0.0250379718534926,6.58698506167016
"293",0.151960453770027,0.0270356212268982,0.0256410330533414,10.1357425301118
"294",0.122142718167298,0.026885807913232,0.0255923582792969,6.51191524935227
"295",0.097485898884837,0.0209127580566442,0.0199445706283117,8.40167905543655
"296",0.141388265083686,0.0281674030364295,0.0252785936855731,11.4084680478086
"297",0.15717704012229,0.035348755078239,0.0284366001438146,12.7733137078862
"298",0.202399997857891,0.0321814668088723,0.0291301111848683,13.5528079705773
"299",0.127023726531343,0.0295582768384655,0.0266933814623351,3.30780448443465
"300",0.13127555915001,0.0234720447560925,0.022223236869662,25.0914804666297
"301",0.135177309508717,0.0317317690234986,0.027094412027806,8.10578721733316
"302",0.126729053640469,0.0290122396772867,0.025208404074668,17.0972286154491
"303",0.0870525369812301,0.0265349512886449,0.0219650389552131,10.6347816515025
"304",0.144749111990259,0.0311613461694884,0.0265889027745834,31.0335104296383
"305",0.119067879910335,0.0283416561594676,0.0226599686873368,26.3404694329268
"306",0.1412193838244,0.0292497519627291,0.0259843226630091,8.15398324030828
"307",0.130911331362076,0.026351425591155,0.0248258972498671,12.8093964199704
"308",0.121786210301028,0.0278341072236781,0.0251429564032877,7.39816187116704
"309",0.0948605520353814,0.0280612805503211,0.023557591716162,6.41811107978271
"310",0.100843886388603,0.0223444667345952,0.0202856080512561,6.55831774481933
"311",0.116042891830671,0.0282622687697439,0.0238802252723583,27.3397832628082
"312",0.15759348788112,0.0304052500809818,0.0258708652416327,22.214150200544
"313",0.130439472503031,0.0255049065967161,0.0239553450733598,4.75976850811829
"314",0.107182608471889,0.0259287110896325,0.021888824396752,0.571253218009487
"315",0.118417837184049,0.0332404218590717,0.0275274066180895,18.2765232946006
"316",0.115839175380155,0.0290418871155569,0.0252405830532339,4.35365484605793
"317",0.155109489405431,0.0266295932505771,0.0248352923710816,6.94775994126977
"318",0.164480563019401,0.0312662981246202,0.0298564929653131,3.46744903167979
"319",0.123471118366543,0.0276759209568913,0.0249197491359822,29.1492192052511
"320",0.125654075410498,0.0328833377026245,0.0254622419008664,1.80848746176519
"321",0.152457378098165,0.0291342179654141,0.0266480654197775,35.8224305035088
"322",0.109437246057897,0.0253611116708914,0.0218970256281365,6.46655604787402
"323",0.169598201107102,0.0286002267515827,0.0278019712803013,7.22509079427472
"324",0.155058376021372,0.0311970907656791,0.0279916453168691,13.6404295649212
"325",0.0841477922879023,0.025363446502432,0.0226097428102373,9.51897952818585
"326",0.119190304703069,0.0281566300186811,0.0254199181002332,10.2398327042321
"327",0.124091035312175,0.0310819595812958,0.0242097120583734,19.1652694545435
"328",0.175052697858324,0.0319316997852063,0.0276144250078,20.9369627909005
"329",0.136523150802976,0.0297150932426695,0.0272470532589607,11.171737467644
"330",0.0827713539359025,0.0245220528354167,0.0220203374310949,25.8380753984711
"331",0.128295965370967,0.0290851459622106,0.0249321194420175,41.6054601374773
"332",0.105385125446384,0.0243308024459954,0.0222198298804396,2.70174459508943
"333",0.112364106952075,0.0292912616056924,0.0249336999518104,8.63903544839333
"334",0.123621757684552,0.0225796542942477,0.0224662576673514,29.3815765530685
"335",0.0966899184757422,0.0266509959716867,0.0230013787690925,4.05059475123112
"336",0.118917147275341,0.0271127433854618,0.0241982999755778,7.56587230949564
"337",0.153273222632328,0.0307297437838744,0.0268517106579015,29.3518623826269
"338",0.123213656634179,0.031062275597571,0.0281880703299974,11.1227234369575
"339",0.117911477990479,0.0256746492860581,0.022353445273039,17.2522055506217
"340",0.142746914733208,0.0296544393455643,0.0270468260634386,8.8073202924281
"341",0.16226205673663,0.0336703433028275,0.0297967525669305,3.33010532869429
"342",0.0930066693098933,0.0213235894365432,0.0186113306027628,10.2185582583603
"343",0.156965599588694,0.0286681854383283,0.0243530147663523,4.16377771021522
"344",0.129286247484688,0.0289547187173372,0.0252539680707125,42.3930517443186
"345",0.115779326193617,0.0293896772297044,0.0265355095983472,5.03693099865756
"346",0.146470733169943,0.0251730303681449,0.0236730417775624,15.5633618162797
"347",0.134947827613908,0.0286799326948075,0.0266454349676342,3.46925571136657
"348",0.146332315888991,0.0301393414173772,0.0274972175465601,21.6729455309156
"349",0.135393540421101,0.0270488274089739,0.0234467108736819,3.76588830376684
"350",0.0767606689368524,0.023638057929164,0.0221342860123127,3.07755374123488
"351",0.138815533186893,0.024978906475755,0.0237400903243616,12.8864896328214
"352",0.165927909312488,0.0302373672779117,0.0292643158383404,15.8248704275983
"353",0.116156126343414,0.0299086895456125,0.024846302509074,1.84649948049447
"354",0.127228362741076,0.0258340362404975,0.0248632466579336,13.1158424077694
"355",0.181495125351933,0.0294925919706979,0.0260912994778904,2.72445302957007
"356",0.153465173101872,0.031814070071167,0.0260328350413268,9.80905212046686
"357",0.132920372750135,0.0301097102693329,0.0251087461342878,2.55445363573377e-07
"358",0.102424386597771,0.0215706600594333,0.0198521777739832,23.5935073458889
"359",0.096318412095026,0.0244295344563475,0.0197333450974369,22.9442611460525
"360",0.111412876308934,0.0251010734928269,0.0230075481891266,22.5108522184801
"361",0.121990110631533,0.0297170109694153,0.0251076426228281,13.2906347946732
"362",0.118557369682328,0.0235253253038962,0.0225740844532785,21.3329494811775
"363",0.135992124009088,0.0272844963565854,0.0244563496733687,27.352760307706
"364",0.121326894362037,0.027072268151412,0.0236860577508241,10.6956411182831
"365",0.0922552310969871,0.0226961054189631,0.0212525061457369,7.55260457655522
"366",0.128489552304493,0.0281360435584261,0.0253467828747243,7.17745964068488
"367",0.122155075339473,0.03710349599044,0.0298623533956837,4.44238615223952
"368",0.0894274802208049,0.0298810296839697,0.0236872809569845,35.3722241169591
"369",0.111871407532585,0.0273404820094522,0.0240299973466747,5.51866925029161
"370",0.111709123436263,0.0279378638794033,0.0232349107438165,7.81165973489067
"371",0.105153263135205,0.0228596864131742,0.0200914620300492,0.249750017432341
"372",0.114333696457085,0.0260043451345261,0.0231802084164217,3.70388367336202
"373",0.0988624740361378,0.0267563244967363,0.0234026407823702,24.039768683349
"374",0.0983636212868488,0.023947309949997,0.0228537534114721,17.360493682024
"375",0.132298567853609,0.0271185550376096,0.0246643630854275,23.9445097398934
"376",0.119101754519926,0.0276942656949732,0.0253027692404076,9.66350265078624
"377",0.0940853972528096,0.0264451132357055,0.0222679769663544,39.7906360239738
"378",0.110214454107806,0.0255102093100883,0.0222498023432551,14.1596611331964
"379",0.100854182140381,0.0306478437706368,0.0264390999516633,4.13407704246476
"380",0.142750445383526,0.0288798573262249,0.0253437264496114,7.57359220699272
"381",0.098696718399699,0.0257566651409181,0.0239100045994545,6.43148101477379
"382",0.103988337279063,0.0263642263226341,0.0234157801103998,4.12525426798625
"383",0.134622962884175,0.028140309700649,0.0238455005621154,9.66593667232287
"384",0.120956893103524,0.0280754796472549,0.0260666183665383,9.39790270825348
"385",0.0966371496414521,0.0271374274001277,0.0243164223225221,17.416085512551
"386",0.11071446643905,0.0267527873373451,0.0231513913460992,27.5161010733173
"387",0.137648830010974,0.0282151626548974,0.0247790381900392,5.43683765792962
"388",0.130122649329297,0.0256024690118244,0.0230913203530875,6.15994027474009
"389",0.0955301621921559,0.0245379736878485,0.0220723784550051,11.894321638919
"390",0.201933337373576,0.0310103852522576,0.0287080765857493,23.0368962038178
"391",0.0908209914278884,0.0284072190846175,0.0230911875145193,9.82293782510059
"392",0.0948424340764812,0.0265135933549119,0.0218569378787236,12.0122507163061
"393",0.157281324496764,0.0264242891520039,0.0254147595111983,3.51856662601093
"394",0.111375131800091,0.0252304185773611,0.022501820956888,17.0711352325942
"395",0.114156135800195,0.0286091592066778,0.0270850423747732,1.34109870444042
"396",0.0867400156125239,0.0251500741201309,0.021694403495774,4.52830214880554
"397",0.0840741824428995,0.0273401178047428,0.0221329150612087,6.59677313030624
"398",0.134144797169647,0.0287799126382759,0.0254662166038899,12.493802694955
"399",0.0953797654727286,0.0287905021956128,0.0244243238582716,9.09034854728625
"400",0.124015512308265,0.0266444055797189,0.0242034547801931,1.67758380690876
"401",0.0828783050368789,0.028030951291814,0.0245098206624769,17.1357453445218
"402",0.114232722992954,0.0279626035636564,0.0250791781324864,46.6686099416145
"403",0.134615232268258,0.0313109326632187,0.0278112886704579,4.25378411625908
"404",0.0662489771289424,0.0250743205015338,0.0210784901506846,20.7153873205125
"405",0.103909525682121,0.0265076832185759,0.0228266347779877,17.2703508738428
"406",0.0956760493432592,0.0280407249399444,0.0245451148562488,24.2045925022593
"407",0.171023653517197,0.0285425898054859,0.0268526320637439,23.9709704134632
"408",0.102806608538812,0.0254798709967674,0.0214812203485899,6.04314557673222e-07
"409",0.109227748743298,0.0222679643150003,0.0214750863081604,13.9885812205634
"410",0.119229965804093,0.0286890378766796,0.0261556551999964,11.9526309207729
"411",0.140191574533922,0.0301547003695299,0.0264079513442337,12.7220628233137
"412",0.164711535443773,0.0278044168385381,0.0247588467980694,10.1499527290358
"413",0.125841718520764,0.0281932652927474,0.0233898258530272,10.2399681291219
"414",0.11362741462869,0.0254963010387938,0.0218195544317098,18.5804306378697
"415",0.120871699889069,0.0256577368431903,0.0230211416747432,9.54792072286364
"416",0.131828581067751,0.0324763991502982,0.0280318035485141,11.5954700573872
"417",0.181727747383648,0.0422229950509501,0.0354288155497504,22.5593597564277
"418",0.110676707567181,0.0284247588607368,0.0239483236657999,7.05133750018719
"419",0.153238346818503,0.0279804476346314,0.0268656681821356,21.1497416110806
"420",0.0976425117999618,0.0291849475860623,0.0237187534353514,19.7535686167379
"421",0.13268234733621,0.0236041972161499,0.0235099165036942,13.0741323932602
"422",0.106750971028069,0.0276818794153913,0.0232929018632029,11.8061680561699
"423",0.108158012754536,0.0271150869263918,0.0247232390909303,5.128606423973
"424",0.0990010114337649,0.024989749031728,0.0235482507641294,24.6655923005246
"425",0.124925877907212,0.0257267578508172,0.0234669478922185,20.3402626174183
"426",0.164910107752876,0.0287757841288141,0.0258101775399859,22.0582502661876
"427",0.110494751504324,0.0232031847568734,0.0202703751092718,1.5702240158438
"428",0.115171956604861,0.0302014109296771,0.026704597360797,23.1082237518219
"429",0.0791602616069634,0.0281601971166038,0.0216651456012706,11.9071694023561
"430",0.118932879473265,0.0333275433642291,0.0273128430143174,3.65593088579384
"431",0.116541726465798,0.0266842978021969,0.0242298391932749,17.296233017043
"432",0.129715725739795,0.0249058617306453,0.0248149527751506,4.0202937401756
"433",0.135184058550531,0.0257628649284001,0.0256777239104598,4.2338701422961
"434",0.0963071057032749,0.0285127607144308,0.0228657999058654,11.0395228475546
"435",0.0949016320339716,0.0257999824194769,0.0228518428329238,21.0306615143989
"436",0.127312460399753,0.0328309819767412,0.0255012111686325,21.3931733482868
"437",0.162688294321842,0.0242430680428131,0.0243667076103558,13.5906055359686
"438",0.0839684575370389,0.0248310551074645,0.0203476567500159,10.2105539440245
"439",0.163737087194905,0.0299814256025216,0.0261830424678183,31.771951122444
"440",0.186526475966311,0.0385176626932974,0.0309060511635954,41.6392719855473
"441",0.0997668251179079,0.0263882416311513,0.0224503251772044,22.2138205151273
"442",0.133482711384138,0.0307560137465564,0.0263518916333958,8.79314633915234
"443",0.129454242327424,0.0274566140678562,0.0252752923468789,16.3750906343248
"444",0.172408397093396,0.0335362180008237,0.0289435356210836,1.19159696063877
"445",0.111888412118978,0.0278863427223693,0.0249570352976387,9.6306578522107
"446",0.10924533036806,0.0296178896076139,0.0253302247191525,17.9216559590971
"447",0.130188694157558,0.0323772217156093,0.0272356313675326,6.66372754684676
"448",0.127427389915726,0.0255030319427695,0.0244704944445539,9.00396995225521
"449",0.116691127246585,0.034384813652806,0.027067591101514,8.51311514257357
"450",0.115942710466822,0.0292700263299732,0.0248983203012089,17.4435484970802
"451",0.0833701198492715,0.0260073480970267,0.0223646353513742,3.58436865991885
"452",0.0995837299048643,0.0224783656155316,0.0191852526905743,4.56877164000544
"453",0.157748410010752,0.0280050942807868,0.0271595070755453,2.02145557793457e-05
"454",0.118356398067296,0.0284341070367993,0.0234485755027562,3.60417774072088
"455",0.181032547178066,0.0320486882981358,0.0274655060996348,25.3023559166621
"456",0.111808330932154,0.024607243572906,0.0222599900185843,1.71876118430197
"457",0.124322773098922,0.0251396285216518,0.0230509810338701,1.26904379603254
"458",0.144173976392042,0.0236782534157021,0.0229592591260744,6.04782404394856
"459",0.19348761801758,0.037137863583673,0.0319340986815416,8.95487814381116
"460",0.131066224406305,0.0318647330155363,0.0270627961496725,7.85757739560422
"461",0.121739258349278,0.028788810388641,0.024691470833143,11.8200247573926
"462",0.139090544564295,0.0272201618676316,0.0252954247431703,16.847085004326
"463",0.129759367283842,0.029530405388995,0.0264885886110642,6.68398061691282
"464",0.160604163795781,0.0296001107210953,0.0262966858012967,9.30463246216281
"465",0.134621647457941,0.0279182053867429,0.0257711775715914,29.5871296092687
"466",0.171498639836277,0.0273350840300423,0.0276782176520126,3.67668807121261
"467",0.0969856809148709,0.0230791606587158,0.0211653843108167,1.48859627206233
"468",0.147902023251372,0.0299700338646645,0.0266196245878365,16.2461452376174
"469",0.147685363000144,0.0279060372207508,0.0251790543467512,16.5790971668582
"470",0.155190552623175,0.0266063388982769,0.0269064746217988,13.4540625556007
"471",0.119691797817654,0.0295681063834299,0.0263186477609393,2.0539997788446e-08
"472",0.12074361121398,0.0283655946161007,0.024494692423207,22.3055372301355
"473",0.120609832996682,0.0269142926129557,0.0247507130932986,18.8768430616606
"474",0.158066730738571,0.0324150852749469,0.0294069536639377,4.61685245591548
"475",0.122389263585763,0.0252066343602804,0.0255074279808381,10.0148560569372
"476",0.148180042549853,0.0279562336930943,0.026063626444218,6.57326091165913
"477",0.124164886315362,0.0296030636866062,0.0252957031297291,20.8139702710653
"478",0.101850567493766,0.0225388504791507,0.0220660196057333,3.74169480383589
"479",0.172539622067604,0.0352646663452515,0.0302226589702568,21.4947243273172
"480",0.109370745003064,0.0253946402055076,0.0229677597641917,6.87211155739827
"481",0.184781887039471,0.032722027732342,0.0291017991053018,11.4891142954873
"482",0.140743900569331,0.0294514214985126,0.0265149266575158,9.73176241111615
"483",0.135948974935162,0.0312760563196314,0.025676307597399,3.05910293733381
"484",0.138658427810306,0.0289535051951012,0.0238992733750793,5.08399473639948
"485",0.108377574701963,0.0288962084932203,0.0251454446951576,3.71221348056989
"486",0.142329492516753,0.0245226408012198,0.0223286589501493,1.85284959747401
"487",0.18519760969603,0.0346556583791747,0.030213152892172,10.0977594976058
"488",0.138700389055886,0.0278093137361658,0.0240400532422352,7.60296010220544
"489",0.141251320693893,0.0273863832775208,0.0251516677842388,23.6016568487735
"490",0.133002525671163,0.0276982900861216,0.0235846477301752,19.6912429854176
"491",0.109763915315662,0.0284628910262665,0.0252742958478211,26.3498644513032
"492",0.100039360724573,0.0242463822400879,0.0214594989469956,18.362327266545
"493",0.133149807648231,0.0275123810054935,0.0252903505479589,3.77960332605426
"494",0.102211255093552,0.0254086033268247,0.0213843921808203,0.00931013171772664
"495",0.173481161738647,0.0331697784438684,0.0284073093401787,6.62275495574999
"496",0.139616060669569,0.0282944008730737,0.0255097402826669,7.24399110697235
"497",0.152496980775476,0.0292834026144747,0.0270911731808646,14.68826676841
"498",0.127829126921919,0.0268374599250946,0.0233520774233645,6.22570457532553
"499",0.119545891919627,0.0283784691037272,0.0249153446317185,1.60438181698102
"500",0.157035414273163,0.0263032298786302,0.0264360067841772,17.6238275637385
"501",0.14561841485511,0.0309440798516382,0.0268988861166679,10.6145989101777
"502",0.124996890226765,0.0262865341645333,0.0248519042825399,14.1133713352939
"503",0.172036920133331,0.0319216676339468,0.028959018815053,5.88720441921174
"504",0.162699338829991,0.0278383006385183,0.0257908213187456,14.6648543593328
"505",0.135075819431878,0.0284542494689075,0.0251783955722343,3.41251105685423
"506",0.139234885352902,0.0310057401695547,0.0254373329529342,17.6041370935402
"507",0.110873803465978,0.0273226461167913,0.0235646371692362,23.7904682366481
"508",0.0898378141586204,0.0264014087497654,0.0210502066636483,11.3331457737272
"509",0.103220470742836,0.0243696289163916,0.0222438971946906,10.3411775547608
"510",0.159634978364565,0.0335533563786666,0.0296716810091466,34.8453473329933
"511",0.129528369167554,0.0267470143782159,0.0243591666441954,3.68634564460101
"512",0.118491470697341,0.0240545356964443,0.0221849873181221,7.19154311182541
"513",0.0751338940570619,0.0238240190469023,0.0212948000964252,20.055577243418
"514",0.158030543549533,0.026952964389977,0.0239057481439895,40.0170144363836
"515",0.158776437083501,0.0295295425305418,0.0255622031964122,3.72341541896897e-05
"516",0.104117642909662,0.0252170638662679,0.0221180214551011,4.03858604279943
"517",0.178131285349801,0.0348520085048178,0.0300077781584079,7.0240732827355
"518",0.126740178654151,0.0278643112636894,0.0274621642658311,1.57946963368809
"519",0.182899066949076,0.030876210847063,0.028617581725384,13.0745233363748
"520",0.0806893855438333,0.0309841482867612,0.0232535229749708,2.81338929900891
"521",0.115622855160785,0.0243307470075676,0.0217394906779083,21.9268375159265
"522",0.114434634116717,0.0274137392792847,0.0251414429097061,16.336680884052
"523",0.102710603937883,0.0251946130923027,0.0223019887374909,11.032929179163
"524",0.109492542416418,0.0298629689836114,0.0240738808852429,23.926045956741
"525",0.133891604649106,0.0281944035202288,0.0235606804147813,13.3223962458557
"526",0.173921341120333,0.028162590672083,0.0240222960540664,1.4538412037323
"527",0.117807655179134,0.0270924680529423,0.024972000145903,4.36372293871794
"528",0.119957362493271,0.0263299692362111,0.0241317767449183,14.1304928891963
"529",0.130121757149668,0.0303022524841562,0.0261220041423339,4.39686059762147
"530",0.0990733597465677,0.0276078296388283,0.0225179885416146,16.3831086607683
"531",0.0869228110274341,0.0280118080167123,0.0235485963285602,0.103603280421466
"532",0.139133150605659,0.0284120608381346,0.0259045076301365,48.5040011782789
"533",0.158792907073505,0.0275430095852084,0.0239740774286726,20.3451135056012
"534",0.139428968274442,0.0283385561542737,0.0248286148708602,3.85544754973404
"535",0.14612394244192,0.0269579960376877,0.0252666319671088,2.79416029702759
"536",0.120169857471773,0.0281664360459625,0.0236843407062822,4.22066120010606
"537",0.174242799516367,0.0306500804006717,0.0271255228375192,14.9161151722455
"538",0.12967597773576,0.025443277202784,0.0230826369438323,0.0747728200354362
"539",0.14249630049335,0.0333273700911818,0.0297656409452355,16.432519770663
"540",0.101794870768369,0.0268447070514475,0.0232014185733314,5.03723104472439
"541",0.14744782609012,0.0271082995000949,0.024217329986357,22.8991132153413
"542",0.1076986504542,0.0259912933905096,0.024115193157061,26.2680819808506
"543",0.101364499152145,0.0253153809795838,0.0229038876380683,26.0952528064564
"544",0.123067158565505,0.0252684934143117,0.0236094651173252,9.2385598953398
"545",0.129890636811594,0.0309956510983828,0.0258307762441176,20.5365566975256
"546",0.14336980606371,0.0368170287423974,0.0310494307830536,3.78184339281114
"547",0.122118744405557,0.0322859082378275,0.0267113988289614,15.9732851456821
"548",0.101394335897209,0.0298101161914575,0.0244329892610898,4.08961424011049
"549",0.0954512915587693,0.0279172230033473,0.0243169796670251,10.856450825708
"550",0.101419408593742,0.0265481737469223,0.0221513900434629,25.4417009737903
"551",0.171593184055383,0.0253834424077329,0.0246099099112206,12.6571607454468
"552",0.168526024549117,0.0286968655453344,0.0260580386888626,3.71963967295216
"553",0.126251972942722,0.0305271301028768,0.0244337068768128,17.9421505597821
"554",0.157722751608255,0.0298898323016207,0.0256669275908458,13.7857643298509
"555",0.110040244947678,0.0228834408979433,0.022247813578211,10.6758737901148
"556",0.107928832588156,0.0232678654841514,0.0218398986996754,6.48898814728464
"557",0.137171344201394,0.0291183780696698,0.0262111165486528,4.81695903337743
"558",0.136707184126106,0.030469003641049,0.0271700077791599,9.23296677090764
"559",0.115924761099968,0.0235744743735657,0.0217368523758016,57.3990414027668
"560",0.105722517014098,0.0248348112453297,0.0233264257784991,9.97439507804781
"561",0.14468772675247,0.0295094817802691,0.0265459066331522,6.47126817325261
"562",0.137998656242114,0.0269451616184076,0.0244710678043133,3.37998116583112
"563",0.187643248297687,0.034293694261722,0.0312661675981247,9.67015787375318
"564",0.13433748778436,0.0266067360211062,0.02293699219483,9.84120391537196
"565",0.143297979659964,0.029779133430448,0.0263944899806719,10.983761396398
"566",0.0845158249899338,0.0266469953189348,0.020415809617264,7.59425084705627
"567",0.104310242441285,0.0258188914322773,0.0233436957076277,21.390500024262
"568",0.127244359416959,0.0299533579236438,0.0262446579313005,9.72765605069089
"569",0.161782855183672,0.0323797095927883,0.0270757873720605,1.36092070397562e-07
"570",0.168690477082212,0.0276685204260331,0.0261705419288973,6.36322419793833
"571",0.124938486365076,0.0239172858317636,0.0240822625163508,12.3404281437955
"572",0.148725769669218,0.0283884810964496,0.0248493044959267,13.2658456052394
"573",0.145578265815472,0.0285763594530477,0.0267717212770966,6.26410914725025
"574",0.182963717630485,0.0283129732205711,0.0271572279398915,28.3509713076866
"575",0.111651923605594,0.0273841707717898,0.0240068993274739,22.1633667144046
"576",0.137618848901138,0.0299774811663416,0.0266087664718366,17.359011809091
"577",0.138182023680947,0.0264560299035506,0.0256645884582482,6.32322269613777
"578",0.0989873813469235,0.026430797270964,0.0230672676338601,7.95707586124497
"579",0.142363738951871,0.029281704034171,0.0243258013866049,5.44616927225459
"580",0.0982602850153449,0.0247911219683478,0.0223688059683362,6.82643743882671
"581",0.109539456056832,0.0349519528899697,0.0268508017872114,1.76925985589588
"582",0.11418349639822,0.0271305449182416,0.0216059691912646,14.8998512397053
"583",0.109416959071079,0.0261816508885871,0.0229020240564296,4.2141672670678
"584",0.14171495241442,0.0258175177469055,0.0243943926296376,12.6272422915856
"585",0.145473079351343,0.0277383054437286,0.0244173744259355,14.9681392704983
"586",0.149737502231618,0.0292387656547475,0.0280090603617149,6.62656822439809
"587",0.123842211582164,0.0247281873625294,0.0227922216101376,3.47841498000674
"588",0.180916063461835,0.0291300546555012,0.0273091899773089,15.2618273021626
"589",0.100915922966666,0.0252308494711285,0.0235116344131504,18.8434743788833
"590",0.100437395767905,0.0252960983187671,0.0225947143539988,3.96327395187748
"591",0.136263442037518,0.0300457871458455,0.0272209561659893,15.1117571144291
"592",0.129037302283651,0.0301198651609001,0.025713666272385,22.5064038429131
"593",0.146259239995945,0.030621076100285,0.0271822448560012,17.6018944295884
"594",0.133192630731281,0.0284791433438571,0.0246532822734647,3.86657753471608
"595",0.124299504406051,0.0282659535915143,0.02576592276106,2.76625774750135
"596",0.119792102720235,0.0332755967305242,0.0275788348722126,10.6680318083358
"597",0.116359673885402,0.0283336641231923,0.0250625382827391,17.9807768886208
"598",0.0855429717070083,0.0240650853408913,0.0202586044372527,10.1315900522127
"599",0.169977791241111,0.0337203057954112,0.0331131454566688,7.55049350989237
"600",0.12292171771379,0.0246088316613951,0.0232935148673489,4.02324205492822
"601",0.111824180985618,0.02849806341514,0.0238660754435105,16.1218920396727
"602",0.119914039946522,0.0293201868324967,0.02684336460677,3.71198736894736
"603",0.135358876780302,0.0288396008724663,0.0261045648168611,33.9071916238056
"604",0.1868362666594,0.0330708809911785,0.0302760970524832,4.83888136430685e-05
"605",0.136289664951864,0.033798834973649,0.026879260691734,3.7290325321285
"606",0.129182973142933,0.0268306778548496,0.0233332627821427,16.9625579582248
"607",0.136051047553273,0.0260625747280034,0.0243117477963505,10.9004895294754
"608",0.0917481470190496,0.0275330856096371,0.0228726871861959,24.5063820995103
"609",0.0893656794629664,0.0284218927218707,0.0250134993587418,1.04437990373565e-08
"610",0.0991972449340434,0.0275295016656963,0.0218839085505705,23.3433425087304
"611",0.133933752036383,0.029973086219655,0.0238218612680322,6.19400283135714
"612",0.140060779734475,0.0242715021198277,0.0230309663913644,13.3793056822513
"613",0.165126680812697,0.0247508134326847,0.0249421540549701,39.5323103478256
"614",0.0758345285667709,0.0250063541830149,0.0218476968197911,16.7355342653755
"615",0.103488293778267,0.0305843160996692,0.0264056448621094,13.767590979731
"616",0.162494432983864,0.0286021895553603,0.0245252911426623,39.4980005457029
"617",0.140934483288977,0.0279204459012025,0.0239383949723786,21.029148345359
"618",0.222379909661115,0.0352337219635312,0.0323744563715313,0.886854378476609
"619",0.107857864827687,0.02480730028693,0.0220523215342617,15.748993678525
"620",0.127202720716863,0.0259064811314375,0.0231207768034145,1.95176982227329e-05
"621",0.155820038861373,0.0306718152076386,0.0275434681390418,10.6405674242993
"622",0.149107442542546,0.0269907364737802,0.0253877538698552,6.35047102402751
"623",0.123026903296715,0.0269335855652611,0.0238218802232058,13.7331541657784
"624",0.109867099067473,0.0310797060297489,0.0264598695345747,21.2147989386128
"625",0.0987952576858225,0.0282594548714091,0.0247925103437667,10.4325516344961
"626",0.195977593819953,0.0304741862640662,0.0274304864273983,6.7424126111214
"627",0.124619493875545,0.0332086615393161,0.0284546839316804,6.91138863567381
"628",0.120650233620851,0.0281005634362487,0.0226553550085263,19.4865327425642
"629",0.124970169347744,0.0302434199899879,0.0257362505724657,6.03089664146014
"630",0.117290824823095,0.0235031198831311,0.021797670571414,22.798600537788
"631",0.133165653320906,0.0266537142161992,0.025678056884125,7.38711618283112
"632",0.147555362456504,0.0270539436846571,0.0258099603182591,11.2784714954338
"633",0.103296891644615,0.0274369078937324,0.0227620498808258,18.2106787513802
"634",0.15793621874736,0.0272636194793747,0.0268306562862132,6.99205169836898
"635",0.173262992368794,0.0283079008824021,0.0252594339032986,3.18713454151566
"636",0.152042594208728,0.0295343254677354,0.0267584447994323,5.62334475657194e-08
"637",0.167519186438872,0.0278788125178673,0.0258081860655342,1.37550629012514
"638",0.14256557100095,0.0277638021538887,0.0272005288048725,7.66824557104367
"639",0.159855823528074,0.0257742335617155,0.0246049934762128,24.6846841088344
"640",0.254029381299082,0.0358888198477137,0.0325074897650195,3.2556087330593
"641",0.149884289193526,0.0303693645090816,0.0294039526968571,13.8486287709093
"642",0.137266975177833,0.0310617652022548,0.0272094598124265,19.6335739839149
"643",0.170606763804171,0.0330428951777713,0.0305460739930835,27.2267130510101
"644",0.120256080568799,0.0267368386945994,0.0247281347538144,8.39948536264754
"645",0.159157621300859,0.026239970535468,0.0257889216981798,6.22603799159766
"646",0.16270237911674,0.0322503886849119,0.029400721694317,1.17505233591385e-06
"647",0.181114282465465,0.0373573925076721,0.0318674123057458,17.202140212445
"648",0.099489607054258,0.0262037827462045,0.0222014110861256,29.1461094874204
"649",0.0762423296267782,0.0229798659403904,0.0195185177623115,6.49712280718506
"650",0.134640089457565,0.0276861626507871,0.024620343445346,9.66565287148141
"651",0.146957466482489,0.0303105659225511,0.0266481093460399,4.56811060499808
"652",0.151009014342254,0.0315269109521034,0.0279279907897917,7.37383825640009
"653",0.0951922048690231,0.0289725822606743,0.0241113747251126,5.59071082050951
"654",0.0802741456952509,0.0218925302351298,0.0195454058054023,9.75022267135191
"655",0.104822630323084,0.028183840202052,0.0240606645314422,16.6046870571083
"656",0.101707124621205,0.0273229893234236,0.0228096374397591,3.71885951426537
"657",0.145694930127976,0.0279945754846734,0.0264857633128092,12.9286847141346
"658",0.154606150310044,0.0302611808675389,0.0263195779386048,4.16272603584206
"659",0.112209593562777,0.0286462141280591,0.0234612308843567,9.75801331410944
"660",0.159410106862233,0.0383421363298649,0.0316887177069343,11.1529263103278
"661",0.139797846408598,0.0262575778563905,0.0251533504667965,15.6319027244778
"662",0.105201673326034,0.0258585971340655,0.0220911850429564,15.0102328299669
"663",0.142509219453259,0.0317273271505482,0.0258159029672721,15.1924194427759
"664",0.103400454461378,0.0328226087421052,0.0256290815296782,16.8244995637399
"665",0.12169620920346,0.0285674688461796,0.0249714673465983,6.67078923431603
"666",0.151135514617719,0.0257138534623817,0.0240567931474243,15.1740010246549
"667",0.174712994225028,0.0273299249452448,0.026350700745421,6.20065096632167
"668",0.138668162926355,0.0300985171393281,0.0281696452777169,6.76618780275392
"669",0.107990655852944,0.0313188984102331,0.0267286196211207,1.42302590309163
"670",0.137245105304861,0.0258098670647543,0.0233009062125425,3.3125679540943
"671",0.102903639199379,0.0254322857130923,0.0233273430019236,3.67014989522061
"672",0.163728428278133,0.0275072598325747,0.0272172296400371,16.6469380076088
"673",0.136655247394335,0.0286183691537759,0.0277712472230628,22.6127586183094
"674",0.144124769943825,0.0279529128271163,0.0239786601796912,3.26935006800395
"675",0.0851361260797723,0.0214685904571225,0.0186424648406939,14.3793329692344
"676",0.125559447769328,0.0246981364660294,0.023835144490816,5.74274846232738
"677",0.10790861244285,0.0257809757168994,0.023496689404727,14.6794148808224
"678",0.0859634049091071,0.0246764275911875,0.0213184751638827,8.7179800218721
"679",0.106556788041411,0.0251314573837253,0.0225295134204349,2.44182312418277
"680",0.172792099377292,0.0276944569337754,0.025595239339562,3.32226420713571
"681",0.120286437920396,0.027875789860126,0.0251533033786916,1.31883207373426e-06
"682",0.13458216540226,0.0246588239290306,0.0229288605043863,17.2278300906133
"683",0.124370186652966,0.0325592410583943,0.0244544611879342,7.04269214318019
"684",0.157927472577725,0.0275058435394233,0.0249353584589052,26.4441794411458
"685",0.125388362354302,0.0232823144719454,0.022575943073427,6.43615540518602
"686",0.087971902427289,0.0217685889327289,0.0201273806033038,6.97742702261049
"687",0.143720185236599,0.0332868292742831,0.026503195525102,8.40400792765291
"688",0.126812693266594,0.0292110044233712,0.0255570644800833,3.77100941266672
"689",0.139480600844144,0.0268727243544027,0.0260996497490956,12.9660521003359
"690",0.109115387405075,0.0274637719138615,0.0229314072207273,13.9248139421711
"691",0.158847075435066,0.0333614862781535,0.0278725141848956,13.5662052835044
"692",0.160162630800408,0.0278372584898311,0.0268745005155937,0.00173862497652613
"693",0.096159379134951,0.0267898107556698,0.022438943426133,10.3431636128941
"694",0.0896705778114526,0.0279886040277353,0.0234505590944372,16.5678886566306
"695",0.140007674471092,0.0319535977245787,0.027935618834172,17.0633954669312
"696",0.133791085814441,0.0273242607393636,0.0248219602986713,9.8279479475373e-09
"697",0.101306380246341,0.0296104350555161,0.024713589608021,28.8887526075135
"698",0.146965104875608,0.0283891025951811,0.0268731670242437,3.98971595998464
"699",0.145596003902976,0.0269368874964935,0.0265123030888469,14.3845479825793
"700",0.127068746378436,0.0300953147907106,0.025875006361096,6.6141170287595
"701",0.144577888620209,0.0263793178739818,0.0250645254795249,7.58337282452324
"702",0.106870352468926,0.0282351908007211,0.0241232641996947,14.0658653106687
"703",0.096017456064813,0.0252670051941611,0.0239260118254101,5.41179087592455
"704",0.0851333003806649,0.0219458625422172,0.0198960057439921,19.2281335433872
"705",0.133654663123678,0.0296733454018056,0.0242895212364071,25.4737013355685
"706",0.118717830999495,0.0251470302830586,0.0226090477497796,3.9420135844631
"707",0.124805052022257,0.0280575400478508,0.0256992800377043,3.85982332769219
"708",0.124520286897305,0.0314191127738662,0.0277059029411567,8.95260987926135
"709",0.101845569868621,0.02653100865834,0.0218773206648189,19.0306058631866
"710",0.111610665682261,0.0270077633749115,0.0223233594931705,1.52801947741197
"711",0.170549964730605,0.0315240722624277,0.0278951555646886,5.96186809476921
"712",0.109668340634413,0.0227450473328172,0.0219995554169004,6.54843454023685
"713",0.102060903515313,0.023546779247518,0.0201542946931352,0.0819926491002313
"714",0.179997911179827,0.0312248782143148,0.0270801972678885,23.2860730596118
"715",0.114290802768895,0.0314620523461782,0.0274627701873398,6.93829372998379
"716",0.0746743719078304,0.026399734127501,0.0203685044547175,7.86244895374572
"717",0.0940831546036571,0.0262312131595572,0.0230643560018927,30.6293681574785
"718",0.113711455963311,0.0304530135539084,0.0259353488637573,10.532188580616
"719",0.151345571898257,0.0277055888366689,0.0260597547618533,4.52406019500888
"720",0.106408500953462,0.0285333742513261,0.0236617408932906,6.95478693925997
"721",0.110562787380035,0.0291169702054997,0.0241737981008872,1.59923655425612
"722",0.136953718737208,0.024613185470041,0.0226273196333315,16.6885393524747
"723",0.13317401824996,0.0277917937481085,0.0239166956381152,16.1142825211641
"724",0.118514340003358,0.0264849314167301,0.0248707902547975,21.6319831886586
"725",0.141148119517695,0.0296590064588542,0.0268089574623765,1.27076948303919
"726",0.159607944492354,0.0303745240217149,0.0274025193280008,6.13185663979526
"727",0.145813346364687,0.0317455395813593,0.0274042821115495,21.1397255843981
"728",0.102104793383677,0.0237017447674617,0.0220307222064081,8.00262779554775
"729",0.10763064639078,0.0284006762147172,0.0253135449683042,9.75543361678324
"730",0.155404181262037,0.0315944168713775,0.0283124674731824,1.2808105854869
"731",0.152872145438957,0.0306341403226811,0.0260622425834317,16.5022235136371
"732",0.143137806161203,0.0262636635504657,0.0246492963365023,10.8062463155367
"733",0.0802009197024316,0.0285493836301692,0.0228553095490063,9.32994564946454
"734",0.138873992485583,0.0287226465192239,0.0258756454269967,5.92230096164902
"735",0.17690460043066,0.0318736645657119,0.0304568636318255,9.17646870705493
"736",0.169354745857267,0.0293548241871166,0.0277835876770595,4.28146070096374
"737",0.105566665908242,0.0313075226833483,0.0247273343358969,7.91582573167354
"738",0.113936652776891,0.0246805231349709,0.022614527781905,9.0292594235237
"739",0.120531876418005,0.0311635658498112,0.0254787400155817,20.4237382919988
"740",0.130812550627876,0.0285924222314669,0.0254066066623941,6.08872896393078
"741",0.148969853056825,0.0262153594124331,0.0258159987652986,18.5355715869971
"742",0.111453216794748,0.0219432533515946,0.0217866087133926,9.52218116822599
"743",0.106117222060377,0.0298148721274804,0.0239952221784704,1.67937162368302
"744",0.113385739089497,0.0306274734022472,0.0253284689715642,1.86797617851208
"745",0.155333722888376,0.0269783575696767,0.0247380564509292,3.29878493400605
"746",0.160374175285125,0.0295762362957558,0.0227457239045279,5.40236647822299
"747",0.121461703110956,0.0267326013635189,0.0247153474547057,9.53565973625857
"748",0.114405641205912,0.0259565544091439,0.022129804280479,11.0013964821725
"749",0.10437332330489,0.0268602965564772,0.0239896946843185,10.9595831330912
"750",0.118831074461802,0.032055945581001,0.0289296194002806,23.6958836869988
"751",0.0881313881895617,0.0264022705962918,0.0221067933325766,6.45081501810076
"752",0.0926459713661325,0.0296807742025417,0.0244662868749459,18.505819441525
"753",0.13523722077899,0.0284762357202462,0.0246933115583955,12.9781683118175
"754",0.139382707235222,0.0268635217038472,0.0237027012344412,1.49375002420459e-06
"755",0.160466798326328,0.0302382367094098,0.0273019649319283,36.3526324043173
"756",0.128458312314799,0.0276948907743786,0.0238362888772786,17.9783529666874
"757",0.11816832898316,0.0273036720078887,0.0249527629158634,12.880007224398
"758",0.108599196448801,0.027067916899944,0.0230505816674072,33.822520497275
"759",0.109707229384711,0.028028724574813,0.0227278959254828,3.61493889356556
"760",0.122149093274492,0.0274452440955192,0.0240638280239124,32.0777372584477
"761",0.0597634307879931,0.0233589617691078,0.0186373892868163,15.8728372457605
"762",0.105369109508241,0.0238460691584194,0.0217260849669663,6.25294212714227
"763",0.138198759831541,0.0278885243691159,0.0246164363795935,10.6483044848842
"764",0.122869981056932,0.0286965175244327,0.0241244433210659,4.44823638824565
"765",0.145114531402593,0.0253042923177231,0.0246024573034359,7.74722731336296
"766",0.10657102877404,0.0270257743491206,0.0226186974061698,4.18517512775634
"767",0.116976757539956,0.02919550013093,0.0260496952592254,22.3573177306189
"768",0.119774950152103,0.022905274583875,0.0233659225694682,11.0458441567327
"769",0.0872089731074605,0.026494150882848,0.0234441289038555,15.7610346842622
"770",0.140026530058054,0.0260074949483892,0.0252478979726943,4.25685407083719
"771",0.137377761112202,0.0249002880032262,0.0236296463127384,15.445812631229
"772",0.107639165550461,0.029476830684507,0.0244217517583827,5.11596224096874
"773",0.126741570485621,0.0309014323080771,0.0268636361433622,6.85708392356969
"774",0.148790436158547,0.0301804139482204,0.0269073325441085,10.943245038957
"775",0.132874289925029,0.0332787614832822,0.0280832972203843,5.36914134277052
"776",0.145666268187874,0.0311562364379511,0.0270599814524473,9.65780483149749
"777",0.1365747237879,0.0290026310198864,0.0254237101228516,13.2908587228583
"778",0.129015665468556,0.03159050184438,0.0262681026363893,30.4996512136828
"779",0.103885903252702,0.0254426954143542,0.0212211748651472,4.32813076239818
"780",0.118721466346832,0.0234189043430508,0.0205188750040988,0.0162380650142124
"781",0.221953152216505,0.0328838727958326,0.0312594285335105,10.1529523633849
"782",0.125793845345972,0.026717405600295,0.0250652242542344,2.18252198700872
"783",0.114582565951347,0.0286821177161552,0.0249425564386189,13.7957896822124
"784",0.119328102722144,0.0285799416103172,0.0236312808524904,4.4854002887001
"785",0.162879334122713,0.0347475436610146,0.0280240616469773,15.1837757533773
"786",0.151650138026554,0.0279994762402332,0.025289299819995,9.14325055289367
"787",0.124170948929444,0.0351681062215952,0.0293101674825727,11.2585143655015
"788",0.166699549603029,0.0287523176225746,0.0255635799650104,1.48453717799186
"789",0.11869956134794,0.0263692969287219,0.0221536172385259,9.84653130142701
"790",0.177720740155491,0.0308207070466093,0.0277097909221651,3.11902553961847
"791",0.133686998478452,0.0289806260064706,0.025230142728238,13.3278667947237
"792",0.133702194708137,0.0273694075304849,0.0235897616142901,2.57871743561389e-07
"793",0.118313488891533,0.030738674291744,0.0249138442623552,15.3437875791459
"794",0.120861349846862,0.0273539626606368,0.0242029005195638,6.4775748484337
"795",0.0981792087651324,0.0266862316870765,0.0242095584994103,13.8620117167992
"796",0.117713822175479,0.0267316836586468,0.023980796887208,30.3900244163619
"797",0.0805820932064592,0.0213852472385382,0.0187858326837473,0.107241436511031
"798",0.117566541344642,0.025116414938476,0.0230812011264534,9.07897796920206
"799",0.185041710801237,0.0365750586381751,0.0318104235736154,4.29395110335523
"800",0.0825817289609248,0.0238688408463934,0.0211340799867753,13.8649209726827
"801",0.1368343424767,0.0290232387204308,0.0256914717230584,10.8236176214582
"802",0.126818848886574,0.0307716691732056,0.0257980195185328,9.56383609388127
"803",0.112697279944116,0.0263475462644561,0.0222363254520764,19.3132767106012
"804",0.14338362646549,0.0288438713341487,0.0247436160384609,2.28817346554343
"805",0.124483916324285,0.0299261106413446,0.0235813144051804,9.83975708027288
"806",0.142336941615402,0.0333760565456136,0.028207172930666,10.3140318800407
"807",0.144690366037317,0.0325409478877407,0.0293620217120544,1.20952964568298e-05
"808",0.0801716907444287,0.0257349277959329,0.0213261670386974,20.4301477893445
"809",0.13130786904037,0.031661913563072,0.0280672261933639,1.22934454456875
"810",0.0881357248356693,0.0270146666169735,0.022729367423971,22.1439271850753
"811",0.135559929727648,0.0275451158011107,0.0247159633068687,9.38288761690053
"812",0.113189727623955,0.0257344851102734,0.0232883466090738,0.467788816239018
"813",0.110979494011783,0.0242152399002217,0.0218100072288869,6.7493943358618
"814",0.174997265264644,0.0289644324529161,0.0260185764802381,12.0636641331115
"815",0.118736501472601,0.0291441791088297,0.0262364049969624,1.52588890050648
"816",0.129378940077885,0.0273069287598721,0.0250044729317823,17.778400921094
"817",0.17173456668054,0.027223472370061,0.0256812251070642,10.2788995107536
"818",0.143259081560187,0.028659738565779,0.0287814358651133,6.39656827377697
"819",0.0949459945999811,0.0248121507918137,0.0213742907078555,3.62021047414346
"820",0.104473238696053,0.0249989871455432,0.023480221414357,15.1610284914512
"821",0.177404241836682,0.0273231339212332,0.0260539886624618,14.443911015123
"822",0.128303144739239,0.025740672764924,0.024070425440028,11.0997437301624
"823",0.0870907864393057,0.0237261647644572,0.0191262928903445,0.103449827984205
"824",0.10826776182599,0.0257460626417392,0.0235157757563176,24.2534886980205
"825",0.131638400812351,0.0240501880258568,0.0226201344097739,30.816242607369
"826",0.1175904302307,0.0280956962873154,0.023842804497645,18.4840315734718
"827",0.117052056734561,0.0237028717116268,0.0226322083735122,3.83990042779724
"828",0.12385470366367,0.0257788941172254,0.0244298988474038,16.4671878662424
"829",0.107251833797743,0.0287366405170244,0.0242940371966266,0.00119801834810423
"830",0.127861956675478,0.0212188109348427,0.0216711899041536,15.8291415448789
"831",0.15306205441671,0.0280675748630722,0.0252721065641721,17.0876431842273
"832",0.138076852901999,0.0294535003724183,0.0253654462518269,0.0696982815307498
"833",0.146471145590652,0.023421023908641,0.0234345611361526,21.1088403479257
"834",0.115932017675472,0.0224817149845275,0.0208063426944503,10.0849619101678
"835",0.134031735595539,0.0303156217706074,0.0259470614782768,10.2273400415808
"836",0.140971631326464,0.0273144007240051,0.0239493160901735,9.43658682479109
"837",0.192610607163138,0.027087179745605,0.0262781945177814,34.2504656551936
"838",0.14708270666261,0.0327884340888416,0.0269879070974679,14.0896286805169
"839",0.0824169250498406,0.0260022605361344,0.0209059631860551,16.5701221226356
"840",0.101859074179373,0.0263229735913215,0.0246421466880144,0.125834368028659
"841",0.103672829131161,0.0253459937771728,0.0224097223857271,10.0606994486278
"842",0.130635892234984,0.0294341232623526,0.0242331950036413,17.5770370921696
"843",0.150317851607308,0.031029276461785,0.0288219571061229,3.30662127769109
"844",0.142239147875997,0.0265295290860399,0.0257874736922254,21.7305923076712
"845",0.104512224343964,0.0237698118217673,0.0219218536360085,3.82058864407626
"846",0.156516290099244,0.0265894576065766,0.02357057035887,2.87687815361261
"847",0.116486924163638,0.0228250353091855,0.0214646175383904,32.3968358798621
"848",0.131409729077197,0.0297149049274829,0.0254288261651265,13.3425129109358
"849",0.153188159702838,0.0320417483021398,0.0290213041971857,9.65130548434769
"850",0.126019963025424,0.0246691711066204,0.0223671170328441,13.4284927433504
"851",0.147778189783599,0.0271339527442991,0.025290827302716,17.3833943857942
"852",0.114568435713293,0.0236814635913802,0.0227412182686777,9.01203388028339
"853",0.0939259142320894,0.0317177120376714,0.0251716697943056,7.80946080312254
"854",0.116228770779979,0.0241282572890376,0.0233335780420852,13.7386775382971
"855",0.10583430858765,0.027475590411413,0.0245313133436921,4.51867492165773
"856",0.110168853854633,0.0287946690983224,0.0247504391422254,9.65811451501816
"857",0.0860362951788352,0.0255859713548082,0.0218382134779396,7.41949942510355
"858",0.121431746345303,0.0255896711093413,0.0226409129982732,9.36850356931209
"859",0.124897970012207,0.0315394764653394,0.0272197325134228,24.1528027171965
"860",0.085158326283317,0.0287945969415354,0.0215801074906768,0.21718822443513
"861",0.107556746378888,0.0243800946491883,0.0221667519652892,10.4608055146132
"862",0.0970183965330716,0.0229463086892876,0.0206946950882776,3.9430705560651
"863",0.136835416734327,0.0257201018497931,0.023537269764413,47.5310771905018
"864",0.121741718094158,0.0285165277802074,0.0257491837036575,29.1761779234533
"865",0.155977355004517,0.0296805909034869,0.0269847288487479,14.6499920317851
"866",0.123258626571244,0.0340332387018096,0.0264072274416215,35.7870996962385
"867",0.164473786802823,0.0335187249763473,0.0291242848350019,14.0194502497418
"868",0.163285625416665,0.0272849729589526,0.0249425584229123,12.5432118782359
"869",0.138696014703483,0.0258038330021686,0.0229507639392819,9.35402068566691
"870",0.111841623977141,0.0318307652520442,0.0239896127795499,4.79820840417262
"871",0.131424468242152,0.0255668435755621,0.0222624382816212,7.78258143841948
"872",0.154914501134223,0.0298847915395507,0.0275566543232256,2.18627526749904
"873",0.0903537832347407,0.033966875096446,0.0259335650991682,14.0215801647338
"874",0.105787346495171,0.0278755504561712,0.0229299319974409,27.2171445368214
"875",0.166147379271115,0.0278105374086112,0.025818413169388,3.28974220843927
"876",0.123827544100516,0.0295699983973687,0.0268281610508976,14.4032991554682
"877",0.173258407084998,0.0285555049580684,0.0267508009384912,26.840472926278
"878",0.125058681066172,0.0268759134197258,0.0237904702248113,1.36805886099328
"879",0.102392375934524,0.0251557806655299,0.0204419154415491,39.6303160352667
"880",0.123123611155482,0.0301006449710363,0.0269115777732004,7.02643697777647
"881",0.159474875115002,0.0302070662001423,0.0285592363908155,16.9534157810504
"882",0.0860510757452294,0.0267701109229205,0.0227778518303504,10.0121728803048
"883",0.130740767386399,0.0297377393997307,0.0270506371370555,17.9422944245509
"884",0.11085650519669,0.0207590266172147,0.0205081464057098,9.53580542856045
"885",0.123579262653702,0.0261141397003834,0.0239769076517936,11.4707539720945
"886",0.110833138517976,0.0289260158230144,0.0263877386004086,2.71384024681289
"887",0.109960918369393,0.0216926258059099,0.0212938227317513,26.9498234478786
"888",0.141974220044687,0.0299450779954393,0.0267355320250459,1.588852669549e-06
"889",0.142720190141806,0.0303381062475331,0.0265876171947907,10.0983495200788
"890",0.155621866774344,0.0318568728408307,0.0262450347179268,6.93953607483627
"891",0.120600907628269,0.0250633308029601,0.0225242115949502,27.7832133822809
"892",0.165637951701045,0.0291773211799467,0.0275301910908586,1.15995878126354
"893",0.150782837085578,0.0298352312140266,0.0279547157025988,1.02125965218105e-05
"894",0.0996605876997245,0.025618077968281,0.0238089178517245,10.3757815713708
"895",0.201276807129284,0.0320887106230841,0.0296545607643576,6.83636597627029
"896",0.0901644273659347,0.022883296061425,0.0195679828892566,20.2068268664549
"897",0.084927159018507,0.0255569833584924,0.0231753002162799,7.98393728660895
"898",0.0993432141235236,0.0265620213857882,0.0223704574580819,9.46477184127729
"899",0.128218043869928,0.0269857763407817,0.0242141815216711,1.16228992000039
"900",0.102378549111578,0.0245113714384505,0.0218508884011913,10.6733771885117
"901",0.166008014684452,0.031339206751605,0.0282004332258305,21.9344189582563
"902",0.141029344354545,0.0302486360753655,0.0263308697838776,9.06394255560851
"903",0.0961239167603613,0.026908598458348,0.0226554676999944,11.3281440462497
"904",0.105797626075612,0.0250549417400148,0.0212726526641755,23.3325548932227
"905",0.149655522696195,0.032260796369481,0.0284702379515343,45.7608578417201
"906",0.139757167892445,0.0261502164569745,0.025447823737018,18.1730200157777
"907",0.17734427410009,0.0290343840731748,0.0302809154387305,12.2386308498399
"908",0.0753573666534847,0.025363850689537,0.0226198722073524,42.4551804927096
"909",0.0974621683989618,0.0250280865352185,0.0220766547596193,9.71481033534055
"910",0.157507656886183,0.0264739768822067,0.0260529641307931,9.69703353281525
"911",0.159465677612209,0.0339684768551226,0.0300524423550705,5.06854602381396
"912",0.122497291337525,0.0274709010952591,0.0242210484575897,12.7053354922704
"913",0.111468758261229,0.027948236885926,0.0230195305065598,19.6906028192983
"914",0.178853979177915,0.0290769990310815,0.0273679041387661,6.57146689887265
"915",0.0917767591290395,0.0256037693024034,0.0224498120787989,6.99014824601199
"916",0.110588225306462,0.0280936278839014,0.0233665931871461,15.0287235446864
"917",0.115910211490817,0.0310360827801499,0.0267855879730858,34.2744752793931
"918",0.161232692253666,0.0307915856485715,0.027046987572192,15.8407930952789
"919",0.123741881055971,0.0225465806086716,0.0222200790441968,17.2788131181676
"920",0.181969406248898,0.0268456176805801,0.0262533482973151,7.64719186815259
"921",0.141207398469227,0.0345504163203558,0.0283746335431236,45.2570967475196
"922",0.120790661458155,0.0242808591304887,0.02403091874475,13.6146402386688
"923",0.11540281699352,0.025085625787024,0.0234256736208093,3.42008730602813
"924",0.0939663903501376,0.0276632369620993,0.0210813603822252,15.2459267110388
"925",0.101662231686655,0.0281352482046835,0.023873709073608,10.3255740073879
"926",0.143604086610775,0.0320692876142102,0.0268149233115966,13.1118402571637
"927",0.114270160821461,0.03121519157195,0.025515552200536,6.55304935078505
"928",0.130241545718993,0.0226902135552862,0.0233851758288049,7.84603428612417
"929",0.126756602220419,0.0311183700283916,0.026062656663656,9.8851653638372
"930",0.0776415392330911,0.0241388017393266,0.0207047025732284,10.1088692642646
"931",0.146607878570566,0.0226127995101856,0.0216516995288333,3.3014501008031
"932",0.0858065404694943,0.0272159741840843,0.0209656563820404,1.97215343513106
"933",0.176660440882954,0.0357017515292392,0.0305012576223878,3.82925834390411e-05
"934",0.0951334128253578,0.03105625725696,0.0241594018672728,18.2995812800306
"935",0.115152172655096,0.0251925258162088,0.0213879288360056,3.79835644377223
"936",0.12555615153178,0.0293630193731539,0.0260172434774924,4.19557715545311
"937",0.124056136165101,0.0317155992513695,0.0276115578622945,16.9298349214202
"938",0.126296157308031,0.0308218883584011,0.0275434094453422,7.25917746950343
"939",0.106376682678884,0.0315351463901958,0.0256390707983604,16.567084094144
"940",0.111569410304807,0.0252024947075956,0.0229823463363975,1.49617375816151
"941",0.0994176276441305,0.0290159793140783,0.0230362879216931,16.4400102882294
"942",0.105620097812302,0.023801786438365,0.0222956457238653,1.60584418723954
"943",0.176122663001588,0.0334727474182917,0.0291093322216897,3.12104497271137
"944",0.174589298372101,0.0285120431512859,0.0273893805507033,9.24523502781651
"945",0.181295213937132,0.0352745318437794,0.0310255097086262,16.6558631605788
"946",0.136364353194942,0.0336702570780834,0.0300244371414047,18.3076847916431
"947",0.102200817971917,0.032605076865368,0.0258575115410767,16.1390938737657
"948",0.0987827192267855,0.0234705114353509,0.0199880369721242,5.8640449380768
"949",0.148276607532072,0.0249540275950746,0.0261687658393194,9.68010498582677
"950",0.151929099260292,0.0289679517982517,0.0258262503048385,12.2909875887808
"951",0.105864435830067,0.0297382674224557,0.0263296739392727,3.86995033127389
"952",0.104560773823827,0.0213817820485969,0.0195796284931733,7.65041530315968
"953",0.11827209321686,0.0255805748680628,0.0238252079654771,17.1070076928859
"954",0.110500391874191,0.0260293697421565,0.0229110678862372,17.4093300149134
"955",0.0877708363750504,0.0246262688417657,0.0203637201521664,2.30615508239221
"956",0.139715843896586,0.0318470879106054,0.0267658912837379,22.4173688736373
"957",0.148427418872529,0.0318491449074459,0.0276939331128455,1.24343921337653
"958",0.113251681139991,0.0282252901009359,0.0240421860748471,28.1381609742083
"959",0.0951331690717777,0.0249513610226649,0.0205547375600965,15.5423415211889
"960",0.162862623796412,0.031007488566122,0.0280717778879781,9.01041313606616
"961",0.0995362550119453,0.0255093398455572,0.0228436070154168,18.3298939976371
"962",0.109213986700048,0.0297316870336341,0.024452920688681,9.26638376016076
"963",0.141100492129713,0.0284052044616657,0.0266088399864692,6.14714767669018
"964",0.138739832045094,0.0284439317025482,0.0255196651108605,3.39724643327075
"965",0.136864069541625,0.0309470639605034,0.0263131528329962,9.03621061858171
"966",0.104120643848713,0.0238867777348204,0.0208152681128064,24.6553253839204
"967",0.148509814757484,0.0296044719158761,0.027634339468673,10.7288806762248
"968",0.147511329919509,0.03195665900103,0.0264624805638858,1.6435551392199
"969",0.0941854370064975,0.0276992287145152,0.0225807584592055,18.9461319037672
"970",0.0952044331370692,0.0254796229927899,0.0218412526454142,22.0820306683264
"971",0.131925695212963,0.025841727731194,0.0246479122118094,3.4836926802531
"972",0.148261329985141,0.0355779240144021,0.030944982156895,16.2101900138639
"973",0.157822843313461,0.0347736050228839,0.0292697434690586,0.000699648570119054
"974",0.102641421583348,0.0240629768603717,0.0226330355082888,2.86776868854067
"975",0.0884512037356485,0.0238490140153059,0.0210950510766947,18.1834781533908
"976",0.181594883601883,0.0283782604009468,0.0262033345032952,5.98307826542928
"977",0.1210890821032,0.0241037794186816,0.0225242054129746,17.9900389699051
"978",0.158165100987453,0.0288073369842408,0.0263503108337241,16.825495367616
"979",0.121348503655982,0.0277363085665869,0.0255445248196908,9.45761510986547
"980",0.0606319248900705,0.0247927310516344,0.0195734176673512,14.1842468473064
"981",0.120860099670561,0.0280995366994478,0.0257057021249952,4.44785641853713
"982",0.158387330772661,0.0304025150429234,0.0257579815164762,3.64435301367087
"983",0.0982093977915306,0.0269375108192889,0.0234500922209209,17.2203003597879
"984",0.150209680278194,0.0299137300516169,0.0267115432932678,23.3989709714209
"985",0.109822776610463,0.0275964222966361,0.0246363340469354,19.3238279244262
"986",0.094926801133642,0.025483341343092,0.021100577692757,1.51874928306723
"987",0.161580056589762,0.0291901898481702,0.0273842220398834,18.7661326948071
"988",0.130792576301083,0.0275349722087682,0.0254205988793619,10.8746631262859
"989",0.101424702754797,0.0259274691288972,0.0231393377377638,7.49232424560495
"990",0.133647764311291,0.0290729051502685,0.0254883078884104,10.1750368309879
"991",0.108841777502236,0.026245221699929,0.0232418717940313,31.948168545482
"992",0.122443327561338,0.0250007959440258,0.023263014415154,10.8251189724595
"993",0.142206357752379,0.0261673472071003,0.0251206457857803,24.5929421478876
"994",0.125744870829562,0.027629384523941,0.023790926119761,7.33534540240756
"995",0.191724199086883,0.035943551991327,0.029493765603887,39.0206235123506
"996",0.142714566194761,0.0311680640757926,0.0276179463679942,0.561087938321649
"997",0.0781092145542212,0.0305841145592558,0.0226296614647504,4.41583132708462
"998",0.155704355905827,0.0309993762581829,0.0271607986633147,9.97769905953331
"999",0.126666235080149,0.0259827366918085,0.0250824074402855,9.55456500261599
"1000",0.0866529433411539,0.0228761129413436,0.0208098789306506,6.81021721454983
