"","log_tau","logit_phi","logit_kappa"
"1",0.148202813700388,3.2692375922388,1.14158523835411
"2",0.0546506273553138,2.20359375170698,1.34998103094621
"3",-0.207786836837824,1.74891898172214,1.29040469920679
"4",-0.189584433755307,1.89163753095674,1.7024270318622
"5",0.0848520554939819,1.81606145554378,1.37845726352564
"6",-0.0924106782717442,2.14116501576222,1.65789579986775
"7",0.437959214181548,17.2600646201974,0.881672651068517
"8",0.155548768258866,2.74382231073164,1.00337299583715
"9",-0.175614328632337,1.98831212877223,1.53967326422387
"10",-0.013036765473665,2.81547318174795,1.24414107737273
"11",-0.0340483388736943,2.76947550545615,1.3647989580375
"12",-0.0770897137326217,2.84200711466503,1.37987655068461
"13",0.44569623413693,24.3776950031006,0.803496014037064
"14",-0.0837520438597929,1.82897792611354,1.54376739985844
"15",-0.0158540188325217,2.71961417424546,1.52495313615271
"16",0.100044042721123,2.21412842740511,1.24230746420858
"17",0.0596925378437466,3.07387963506316,1.2320840701166
"18",-0.050352714360286,2.15315133712063,1.4622281945275
"19",0.467380806975618,23.5300767276225,0.989344051231288
"20",0.0745736212792612,1.98359537539391,1.36703694661786
"21",-0.328703005001739,1.98625343918882,1.85681781830656
"22",-0.00406183651753325,2.58472100696833,1.38383471433524
"23",-0.0120313222892665,2.17237510646019,1.43412666883955
"24",0.13782941694322,2.27542207031945,1.1081749700211
"25",0.0686199448970054,2.02543946691701,1.10218455378013
"26",-0.154380312241969,1.42105828785127,1.49828046251409
"27",-0.0913941620998842,1.74841125776335,1.59700714411292
"28",0.000668684398305539,2.65051900932518,1.52393859615042
"29",0.216394297976864,2.14769019525138,0.987326940982111
"30",0.227784331809422,2.15862166573909,1.01799808404553
"31",0.0981392925996661,2.27650682576896,1.24854348362182
"32",-0.425729559334619,1.59489276359345,1.71855849772648
"33",0.0509968276336945,2.68410788532031,1.32097327092486
"34",0.0732756796964563,2.12044944797332,1.43217656012532
"35",0.574923526372241,12.9226916361085,0.598333973736377
"36",0.10107719670197,2.34583831223151,1.19960405941702
"37",0.29172033100843,27.3376129546617,1.00587163095775
"38",0.088646733343142,2.82970884010144,1.2881137319272
"39",0.0565452227454836,2.2921873160354,1.32459472696718
"40",-0.114196648657293,1.92689913972621,1.52708898723518
"41",-0.0250894419018703,2.23633793037658,1.69161529787542
"42",-0.199467473485408,1.68826663523774,1.71552040439116
"43",0.106352868699803,2.71356001993232,1.32936093081998
"44",0.0202359146623552,1.91599606867941,1.36453364457107
"45",0.248863716073946,2.81786921695203,1.28593695395068
"46",0.0223063472882759,2.24798301813572,1.28156122992933
"47",0.047955271056658,3.18692251987871,1.4663589432608
"48",0.0631512644793145,2.10622108258907,1.2899136914272
"49",-0.344597860810689,1.86172526577417,1.76872003743519
"50",0.214260945109084,19.8210148467196,0.942519646712633
"51",-0.607766078812625,1.75111491983122,1.80740586520001
"52",0.138761507619165,2.48921675403755,1.28356680122394
"53",0.212673688829579,2.4487960781008,1.19620067774386
"54",-0.177567221589886,1.94976333102531,1.70408348446447
"55",0.0215311063314517,1.95846513940085,1.51125596323984
"56",0.0510378097724447,2.5989498353025,1.43343551406694
"57",0.386104101529856,4.66708268494286,0.869539895715625
"58",-0.214156094158169,1.82102846996107,1.42645875414998
"59",-0.0299408158693455,2.4069930688031,1.50002543087118
"60",-0.262712105836123,2.00301011493662,1.85681971222551
"61",-0.103760506961415,2.12875630716495,1.47189766844657
"62",0.200293474007147,2.79445949068719,1.11932522227907
"63",0.0645246167746399,2.20831137823485,1.35656814934362
"64",0.0393718623957953,1.85484637992295,1.44230026339575
"65",0.224193155250729,2.70181959293722,1.16849004759825
"66",-0.138440308594255,2.54675025096986,1.40312429209004
"67",-0.00699561847581546,4.37789648945025,1.18185595987458
"68",0.0875426037770481,2.00144061011079,1.34299214213578
"69",-0.0512364485751333,2.37291732453238,1.42726680579454
"70",0.279913499913861,15.6465087174945,1.01543035893249
"71",0.128159811149746,3.4055154965877,1.12740973750385
"72",0.231259902025032,2.79416738344648,1.17846338387497
"73",0.0665156313082788,2.57063654363956,1.44370160849144
"74",-0.0609405313514298,2.00166904848269,1.49681119150963
"75",0.0770606452766918,12.1093676568326,1.09849607179216
"76",-0.114843803285366,2.3635345320749,1.44045058759654
"77",0.157095654956689,2.26393997347045,1.23233009865187
"78",-0.0713914362090216,2.16422787390505,1.45121925950558
"79",0.105139981343922,1.78014521185225,1.19879920209377
"80",-0.120446503083233,2.36747525761286,1.47822020313516
"81",-0.128988515354052,2.36713136047176,1.53678978251752
"82",-0.0355569087196218,2.58585351389007,1.30190707367014
"83",0.206643752552587,2.97970462668899,1.13051952703875
"84",0.088703480675264,2.80727315783753,1.34989976554648
"85",0.0406166482097361,2.46744755869685,1.14494786096364
"86",0.0834716297778791,2.29034502219191,1.3368553023323
"87",-0.458257313406729,1.88603803735552,1.81563708397375
"88",-0.144013599021343,2.50687984072217,1.52591151831101
"89",0.261504060486189,2.45789391030488,0.952984433019793
"90",0.135643668864861,2.32858933730326,1.30631647123394
"91",0.152589588701635,2.27919587697999,1.12134887870827
"92",0.0517297464370985,1.98984904005262,1.4178429092529
"93",0.168779948106153,2.6464715295781,1.20529897801778
"94",0.00134690536979618,2.31247558189171,1.54505309302442
"95",-0.396105355465918,1.53781522229965,1.86912864661206
"96",0.259952357230073,2.14800018320305,1.20862676005738
"97",-0.110178595623092,2.12754763774924,1.22992070658347
"98",0.197039410167054,18.477862051652,1.16940042584334
"99",0.26595235010831,2.44553977831437,1.01261514221431
"100",0.177919579434701,2.08375608573992,1.06045048465083
"101",-0.298152652933605,1.87451388077689,1.82836903421934
"102",0.126460406524745,2.51945485614571,1.30128831597665
"103",0.0236686111918527,2.65286784951161,1.42673833830534
"104",0.1378292520262,2.36530199573475,1.26744137825371
"105",0.14888576872777,2.08473511193278,1.25243744323533
"106",0.0748068864100308,2.85836329224649,1.02540409476207
"107",0.127669973037505,2.53785100494102,1.17021432111318
"108",-0.4145164973951,1.47532915822925,1.80511613576342
"109",0.155932546526918,2.15469288511857,1.27377950566808
"110",-0.450487472494906,1.66136141503402,1.90591344138676
"111",-0.141144893882713,2.11585245144542,1.6585002030486
"112",0.192804708817983,2.82019352363367,1.26062140172934
"113",0.162041909762344,2.43481657245369,1.2356825055075
"114",-0.0738680901442542,2.2083766885887,1.42948250761414
"115",-0.126426241351472,2.13455528158872,1.54266936334266
"116",0.0278461420539671,1.99707694182461,1.5999131016123
"117",NA,NA,NA
"118",0.0235898241963319,2.56289006522517,1.36470890297412
"119",-0.2582086565461,1.96840031976057,1.50047974797263
"120",0.346936406355864,3.19099105454945,0.898466545203865
"121",-0.0970151784996512,2.69112445552963,1.45352081404798
"122",-0.0134576826407576,1.74581569945556,1.35543175951794
"123",0.150644537100507,3.38868140337435,1.1630537291049
"124",0.0972557031304665,2.28884287880796,1.24951113410044
"125",-0.107008858237811,1.83572045047587,1.58228879798261
"126",-0.200201395295224,1.57078172023252,1.70884925434354
"127",-0.0579662690562194,1.87409663418918,1.40230035331868
"128",0.248831358240016,1.78898268594248,1.06434841936858
"129",-0.315672465489747,1.5286480676721,1.69940694100606
"130",0.398854135125248,3.72465339570462,1.07571745822339
"131",-0.0164666877446355,2.1750133827394,1.2855173606455
"132",-0.0602118530766713,2.15552034262948,1.27587868086072
"133",NA,NA,NA
"134",-0.0492863299791107,2.23341586236599,1.48213363502659
"135",-0.201183555781417,2.34190473142425,1.51597510674707
"136",0.191835542478434,2.65437597476741,1.11266741635019
"137",0.0408974399981838,2.48319806394604,1.24414055796021
"138",0.0633188060037263,1.82335603326674,1.48591155074757
"139",-0.202099108166144,1.6633693307432,1.49005079103561
"140",0.109469654667687,2.4873011537661,1.43641891187906
"141",-0.150411962540448,1.87660328064713,1.5586393165098
"142",0.00653887145439704,2.72563245978022,1.47380173306447
"143",-0.00945683411869796,2.03697166490299,1.56509834935712
"144",-0.180456559949651,1.73022534694093,1.66235881308591
"145",0.228440616010045,1.98777063941369,1.03748959504136
"146",-0.00312603784853407,2.05297133770325,1.26385708648992
"147",-0.192094724080284,1.99074059953981,1.73501342183177
"148",0.0901878369708443,2.25990453275572,1.28162080888038
"149",0.0821545473604643,2.19593453135871,1.358314944875
"150",-0.0449610360499419,2.05575849930828,1.50611704263005
"151",-0.208467350486591,2.464034646387,1.59276990589431
"152",0.262619131777594,14.7089120483294,0.940917121332536
"153",0.00578857627930247,2.69619138420866,1.42348231325246
"154",0.0880667532668598,2.13346163795927,1.35456177768675
"155",-0.029860051571953,2.55769018457222,1.45308119036545
"156",0.168264665828276,12.3128521310976,1.0305376908041
"157",0.289780615229552,14.1813195465447,0.894100243080885
"158",0.0178505576957472,2.38637627332014,1.44481723105907
"159",0.205274815830069,16.8547579094344,0.947296396804247
"160",-0.354405760368638,1.97857530352274,1.76355729371688
"161",0.0149040485137747,2.68268756118607,1.35671464974994
"162",0.0409484405603017,1.70862869338944,1.19157152918541
"163",0.0718073591752345,2.13222571231231,1.28381869389995
"164",0.0898443582856694,2.38696038680146,1.34631207445359
"165",-0.347136517361231,1.63106528076084,1.73685459694663
"166",-0.158959051998977,1.80992265276928,1.6318676297896
"167",0.0149363436889452,3.02186145664994,1.34411273431733
"168",-0.258723048458985,1.77583589451275,1.85352629254512
"169",0.0900444336639097,2.09034760175489,1.17589446772289
"170",0.255192299720171,3.46545124011524,1.15236769632446
"171",-0.0257314365115863,2.10483773394753,1.26453752678406
"172",0.237206841330009,27.1356475890143,1.11710115505287
"173",0.208301040984436,2.02244107272157,1.19311668771329
"174",-0.106378789356906,1.66509737895843,1.46872911078286
"175",-0.0244169206084551,2.62055088319428,1.44884970759948
"176",-0.150854870790813,1.91760889966608,1.57499146985752
"177",-0.0757959049011354,2.03759433584617,1.59568300592734
"178",0.258812143910919,2.03124907003968,1.14527642846326
"179",0.279004894020014,2.92256189561114,1.18313447666969
"180",0.0626891159056169,2.14333429820935,1.3257119257053
"181",-0.116875198638615,1.8086241560667,1.5565928968256
"182",0.242132429083214,3.00177231064013,1.03034264679752
"183",-0.270970003082932,1.85741212589871,1.69057302452082
"184",-0.130116303871783,2.0226039785317,1.47581188122494
"185",-0.117548929003353,2.16388611647823,1.68886194477571
"186",-0.43197189284916,1.85344413653923,1.86456016408328
"187",0.0828189409079872,2.73268710238804,1.04803016106021
"188",0.30908306357083,1.65236008243408,0.927084254474158
"189",-0.0407749069594715,1.34923213691714,1.40341076323052
"190",0.224704387972021,2.62754443950882,1.09476810439938
"191",-0.288728690699165,1.71307090257964,1.63971447579205
"192",0.130451360146882,2.7923971582091,1.24733329723834
"193",0.185183730028099,19.5985704265671,1.049449494183
"194",0.0110009989312827,1.84161603000474,1.49777918314557
"195",-0.0794824661618533,3.06176948347522,1.45045115164907
"196",0.227972918313822,16.3293850306457,0.918932171711181
"197",-0.26824496709079,1.59057009197972,1.6309230517964
"198",-0.454898993531634,1.72381494383536,1.93798509254054
"199",-0.110507980343102,2.7793883931991,1.58330160641468
"200",-0.197528811063606,1.97830019049366,1.61359453713078
"201",0.0332712886558508,2.14935611106923,1.20851226545187
"202",0.161428500155416,3.49922669085345,1.09465969637633
"203",0.296748695075024,4.29256902300729,1.02043300600376
"204",-0.27040126279717,1.6338453464603,1.76933764533185
"205",0.00512189967905034,2.04662736049249,1.35983906997828
"206",0.1405480007258,2.55573813110622,1.26171250574725
"207",0.0407014972969981,3.11766568690495,1.06872548683838
"208",0.0512149504729333,2.05123559878836,1.2909292016117
"209",0.00829226223202112,2.27405085545583,1.58367073311449
"210",0.318413036897855,12.7903771212181,0.917666981865982
"211",-0.196978301874212,2.06844204878635,1.61478966257567
"212",0.251377558492095,2.57269930729451,1.07426760543764
"213",-0.304644885062241,1.89655531697706,1.69689377008355
"214",0.0348370403034631,3.02011394940305,1.28043971312705
"215",0.390643233890108,3.30192053251685,0.994779899322372
"216",0.128213196868314,1.93044372986043,1.45200483708605
"217",0.343098521454899,17.2003037225914,0.826187132304132
"218",0.187632051842888,2.57116568406121,1.31529224912962
"219",-0.0358691189448795,2.16267227179964,1.23674483659174
"220",0.202564974155691,10.1708892211642,0.928277687102138
"221",0.0570775548784439,2.27050717789681,1.28181021352496
"222",0.055018190193333,2.69759809129417,1.42743706750026
"223",-0.103973020233831,2.10536510484251,1.48782301783247
"224",0.175469684981188,3.42036521913156,1.18059904073374
"225",-0.280754605301578,2.32292208901566,1.88795073833737
"226",-0.165828065578942,2.33574039979667,1.56248354345157
"227",0.136274194174037,2.52707812709899,1.30392734161335
"228",0.0443691963815532,2.71449627413797,1.14270045902306
"229",-0.0246511371330002,2.37754795238317,1.33848481771635
"230",-0.0324011847235791,2.49721321442669,1.15585123229231
"231",-0.0106116330461826,2.66863693989397,1.27978196767599
"232",0.0258906499213038,2.05070022401088,1.36868842488186
"233",-0.0453248786698947,3.60730219856661,1.48018787172293
"234",-0.145915749047976,2.23030298557787,1.5863294762131
"235",-0.0811785048029028,2.39399684509773,1.54094325385623
"236",0.000641407368949551,2.54186366169456,1.31643277318244
"237",-0.234582409560491,1.7788029372292,1.63701702647654
"238",-0.360846651601348,1.96240608200683,1.89318091819349
"239",0.155850824199829,2.30939974483446,1.24826608013779
"240",0.143031784687656,2.82905664216478,1.213273553574
"241",-0.0385694190116612,2.08007346111082,1.43037587924666
"242",-0.048382187074378,2.59035627137847,1.24746374034539
"243",-0.0352155276147821,1.94838604544343,1.39524590280792
"244",0.0952312840698173,2.59726406645601,1.22846377156206
"245",-0.0470528255202967,1.88320827609321,1.47314189593313
"246",-0.087005860085811,2.09667957192094,1.42170680696717
"247",-0.903352612783062,1.00558707409145,2.06587826246076
"248",-0.130102511237324,2.15424666083584,1.40016799369358
"249",-0.0116803849433558,1.79765083741165,1.47649150724119
"250",0.148289649190223,2.28528191639666,1.0900698720667
"251",-0.169758610731427,2.14360440107658,1.55413776149092
"252",0.0807314178989942,2.07844699487691,1.27645081328875
"253",0.158574557344656,2.35490245906966,1.09199959956212
"254",0.0178847237600122,2.3781109717703,1.2216089544535
"255",-0.113578139985142,2.1619596266941,1.51803491522404
"256",-0.229012717142278,1.69718745382482,1.6937688547829
"257",-0.110438222508111,1.85387077681165,1.59941863864634
"258",-0.0383978325694227,2.66572768360016,1.55819248082314
"259",-0.131135651535856,2.06967479228386,1.45642877484133
"260",0.411469451500872,2.41831259110347,0.736712274047324
"261",0.24319843914455,11.6041396037072,0.741929796121447
"262",0.038677236725914,1.49142474704696,1.21209948249418
"263",-0.0843131060315823,2.8868403506185,1.3627767075142
"264",0.127022878196384,2.40641629551158,1.31431883898654
"265",-0.066364334689357,2.43891117703888,1.43351793868468
"266",0.350947622892388,19.2073765949543,0.83243754925905
"267",-0.398742558660914,1.93084399505954,1.8565390777526
"268",NA,NA,NA
"269",-0.307668868833313,1.52631299380551,1.64141739992267
"270",0.0278703392491646,2.06116280451336,1.40297434844104
"271",-0.0350581389579591,2.14645052509631,1.28601558270642
"272",-0.0101435616144396,2.05212902140748,1.55392936134179
"273",-0.19794339814195,1.92441968475245,1.64521630460584
"274",-0.0351959439428909,2.6914891146291,1.44840186079039
"275",-0.0569265695203902,2.64333054069778,1.37245069537507
"276",0.253886676700675,2.51960455949712,0.993560751006298
"277",-0.221544987307574,1.96772349859358,1.63163862219841
"278",-0.0438951805795718,3.08839879826274,1.19997990256462
"279",0.144279665412483,1.75651287325153,1.23363283674805
"280",-0.334074588772208,1.34456714737814,1.66608922806267
"281",-0.0124671783088735,3.15253395937471,1.43707352550271
"282",1.13696355324087,-1.15281891104918,-0.339061635095253
"283",-0.211657117969777,1.84501799595787,1.46702608111069
"284",-0.0115770901389583,1.79208648496991,1.33498534133837
"285",0.0843122585501976,2.88493590220911,1.33239610518074
"286",-0.026657324475331,2.2354070500211,1.52768164222178
"287",-0.21080095724489,1.67891498305203,1.48623525650814
"288",-0.0719519820791355,2.6660651327557,1.20520088336223
"289",-0.350694305148889,2.37111279269736,1.97938241067044
"290",0.182064339415264,2.22142071976411,1.32961289607977
"291",0.133213840044819,1.72629600254047,1.32407757210205
"292",0.101645398254567,2.11751302998738,1.23064007183308
"293",0.255812738993904,3.27322884158366,1.20964104134963
"294",0.0686168389163398,2.09535702452622,1.2394266763381
"295",-0.38376443893822,1.4690194501318,1.97671726927853
"296",0.123094029113073,2.40720522165559,1.3239362943485
"297",0.55149834822987,15.4041410037718,0.559305129529556
"298",-0.0840430226532539,1.74234315726086,1.62445219465305
"299",0.402024983680611,3.3792943244467,0.782751446334253
"300",0.390931573428436,2.67994260084927,1.05453886558266
"301",0.332257985574471,17.2335049207968,0.845331842735199
"302",0.334528386471313,17.9954130681031,0.851776738558463
"303",-0.0261854885138041,2.8266364618327,1.40889760028799
"304",0.0654425108257762,2.20188430269941,1.35829720057641
"305",-0.0796027163112929,2.05556409361879,1.43312838852214
"306",-0.0292408177126694,2.238066504786,1.4093706400906
"307",0.221575803282601,17.4068378201438,0.94763697694631
"308",-0.0835488129456578,1.70885012666912,1.60333428079592
"309",0.0880251820718831,2.98288754594415,1.11895831334557
"310",-0.584199766177798,1.77739980984489,2.12240548096817
"311",-0.358443343461044,1.7952826626463,1.88606024492612
"312",0.351411753097391,5.74722988307274,0.97330187857872
"313",0.221059236404094,2.63941297097151,1.10796041685596
"314",-0.0397145808480049,1.83396637458639,1.55703385061747
"315",-0.0863789077085383,3.54112419519634,1.43034889985567
"316",-0.252638868524916,2.38551801860962,1.60343785552042
"317",0.140454180897248,2.20439151870204,1.33971327843192
"318",-0.357671064734257,2.44829061113934,1.63313538733103
"319",-0.0232727015041203,2.11784609073635,1.54090986346352
"320",-0.117203486835991,2.16649209911115,1.32592185409831
"321",0.255993773446148,2.59539708056694,0.981905139702308
"322",0.154399014427405,1.75371300677925,1.29356591686436
"323",-0.00174317676641537,1.98834735666289,1.43622397016855
"324",0.0482689533255903,2.06397251061956,1.18401429567897
"325",0.268986191241254,5.54999268718172,1.12681617822084
"326",0.0837526463407338,2.146476384331,1.32861430595679
"327",0.0378750578139387,2.52794837797041,1.12210171027721
"328",0.197101382488561,2.19889707509332,1.18093977524728
"329",-0.0921652486854824,2.36671723844217,1.51564152750791
"330",0.0551560977758496,2.47105192046767,1.19958066270912
"331",0.24630054126607,1.72064177652258,1.31700876169546
"332",-0.201239787594112,2.37399819421696,1.58844543950743
"333",-0.154284333112459,1.85792496418221,1.47005668558483
"334",0.138560952840015,1.95299848506578,1.28367929817884
"335",0.322044921227462,13.506296526262,0.866460938752188
"336",0.136626672092857,1.67393951296591,1.36196851655994
"337",0.176430072257732,2.09050395160462,1.23568985440584
"338",0.157123595555793,3.45881950776137,1.14834393031252
"339",0.149410913431712,22.7002029742508,1.03735374873218
"340",-0.171449713031273,1.74373589418059,1.55349376385574
"341",0.20169735391194,2.23245167051377,1.1132178254089
"342",-0.256525425401289,2.09738009676354,1.7142621960246
"343",-0.0572779944041503,2.32697506818176,1.18903194796185
"344",0.376025587285083,2.86466278837668,0.958891970654984
"345",0.00832137398605801,1.96115508602024,1.41726787216446
"346",0.437766315648381,11.2711446722635,0.932210968020933
"347",-0.319605849512763,1.68062462672177,1.65017438238956
"348",1.13221616102146,-1.1737572013607,-0.350267753193581
"349",0.168006081554591,2.99643193293404,1.29345202034832
"350",0.115044921937345,2.39430066652476,1.26647280241799
"351",-0.334663149242895,1.41667123711436,1.89137168079928
"352",0.153114406212982,2.60292581342852,1.06974358200002
"353",-0.0653127191422467,2.3416302501185,1.26177762786817
"354",0.235659567556229,2.98388582774626,1.25840328820595
"355",0.43831424450821,4.82109360859928,0.869142715040031
"356",0.437142916294067,11.4096231492755,0.937894803183971
"357",NA,NA,NA
"358",0.159391161363451,2.30883609558889,1.19518428446262
"359",0.278370617050331,2.66971832704945,1.13222865118683
"360",-0.273608140763894,1.72731196507414,1.68647627998344
"361",0.0424949490141526,1.79384181891242,1.34883838852144
"362",-0.0750847896730048,2.28873272208486,1.45872460180199
"363",0.146026056234784,2.61558518199067,1.32763096086627
"364",0.126977514118768,2.25155982543314,1.31111327497777
"365",0.0773715932735792,3.10773496702916,1.1639277362361
"366",0.0526287191257883,2.34554825898355,1.33865658330074
"367",-0.204625467070872,2.57680231987174,1.5025435758874
"368",-0.17558140796777,2.27012148494275,1.5595744531641
"369",0.0270825008648894,2.19242653482367,1.27472990374797
"370",0.0856962943772728,2.18362962994014,1.20775734871939
"371",-0.0274062183558163,2.56013734901063,1.42202094748968
"372",-0.224198603581061,1.93275482568791,1.54558111834141
"373",-0.272976276626358,1.96459284798067,1.55634034344698
"374",0.0529152101048596,1.9713656512273,1.35652275317248
"375",-0.0461320153654636,1.7251010014115,1.4015802267744
"376",0.0177350171500233,1.86585135480468,1.4476652921534
"377",-0.0985673582872704,2.03177655379954,1.5189600936216
"378",0.345731496911782,2.90543380906285,0.976616638619771
"379",0.466824240997964,-1.36766087806993,0.697308583910333
"380",0.0388413644091562,2.75688649838433,1.3273754477801
"381",0.105524178748751,18.6595120641046,1.3245732359302
"382",0.248081620046547,11.7456257144849,0.970324370463623
"383",-0.16519241162215,1.57467411675606,1.2490762173999
"384",0.0240202668514442,3.10614401373423,1.28593121159099
"385",-0.195005014328715,2.46731033226411,1.59399695613015
"386",0.00476850930728406,2.25899243298035,1.43912140254534
"387",-0.201616890866514,1.54489709019688,1.6733851128467
"388",0.236506555088785,10.1508773969464,1.08643277758422
"389",0.0492608445005513,1.97765440779138,1.30648487319561
"390",0.366375878705363,12.4518564135987,0.931807555495148
"391",-0.242385420233102,1.86206153104145,1.65733427888256
"392",0.198940289114371,2.76904236307503,1.1926497219709
"393",-0.22197837419012,2.60124244737657,1.42336458570889
"394",-0.276139584490661,1.44694464749413,1.6127059102398
"395",0.0801277204540518,2.98428286613037,1.19717427399056
"396",-0.0298439567926045,2.56008602265449,1.39140696693857
"397",-0.220553853624531,2.34347517021945,1.49562471925135
"398",0.0266200556022293,2.48617062910822,1.36373948046466
"399",0.032370558062347,3.35567393352665,1.4064806792952
"400",-0.280289046866023,2.34528505481576,1.46771802539158
"401",-0.01476502568954,1.79218117912064,1.36148159487724
"402",0.0044831157886597,2.10975916109319,1.35251794375141
"403",-0.159541530218699,1.39741446013688,1.48163663992676
"404",-0.225615218372223,1.85227001892124,1.86218575941116
"405",0.436579248516757,3.01317829398582,0.832880985708244
"406",0.0139038369440836,2.6199573631024,1.33058383420514
"407",0.307489239370198,6.19640772967698,1.06660781069837
"408",-0.0670185568912529,1.8783999795026,1.52025671030858
"409",0.0252758281840787,2.0838323333024,1.46906258407248
"410",-0.47732137741062,1.62283053794724,1.89060053182442
"411",0.125222050974764,2.19114051168427,1.18813704985046
"412",0.253862477063494,2.6677853335763,1.10298691952579
"413",-0.287004263319571,2.11241592751807,1.71998673240115
"414",-0.177946377419982,1.84602052154393,1.71183781433112
"415",-0.177805108036411,1.89376698687121,1.542480672113
"416",-0.0664490006488242,2.05055729728944,1.4966620884813
"417",-0.285864762382083,1.48573036273269,1.65069467587857
"418",NA,NA,NA
"419",0.240804220967676,2.87282219790175,1.1026787942551
"420",-0.236862014283751,1.95269787298564,1.66065627661304
"421",-0.0755560327931135,2.67569604675889,1.44546499638768
"422",-0.145593686542293,1.68215663780813,1.65654081748305
"423",0.341313108224654,25.6822929510107,0.960926397021338
"424",0.0300931627151439,2.03978209124201,1.3161204873138
"425",-0.149960453438973,1.9440204094288,1.67864719940078
"426",0.0593890879681412,2.30235114350278,1.53701884808126
"427",0.052923610629196,2.45607408454095,1.37783213068362
"428",0.162152589371532,2.62639173398284,1.08967977538934
"429",0.270340675996939,15.8240177840884,0.873485213156949
"430",-0.0420431042472388,2.46031599378832,1.28089404742421
"431",-0.149251370999691,2.07361587503764,1.56851192557194
"432",-0.260990109210361,1.59505688064756,1.7018788476782
"433",0.116188198311364,17.3791854379655,1.07659499335327
"434",0.0709114175362588,2.31078575102555,1.35899054701432
"435",0.157663037228427,2.71775135449277,1.3268958938502
"436",0.0731119973128226,1.76519959983382,1.27495184291484
"437",0.186493255031791,22.7156547886511,0.961402365546358
"438",-0.0616343092199268,2.5286407241773,1.36743200330121
"439",-0.063275644952019,2.26938654334295,1.45796616559985
"440",0.428425736173868,4.06470417201644,0.889282985500782
"441",0.0353366382444702,2.06705918545633,1.4016060937748
"442",0.0984067831705916,2.38665751813276,1.14039715726006
"443",NA,NA,NA
"444",-0.233588737098594,1.75990090687061,1.52662338865961
"445",-0.133668693816136,2.20726134858239,1.55969860860395
"446",-0.158818856590156,2.22331606962434,1.47950637067538
"447",-0.0394064389149315,2.39566518690759,1.5249513832979
"448",0.163681758874587,8.49562186693552,1.19444707250804
"449",-0.0140178563352893,2.32370388347314,1.37623073604312
"450",0.238343456447859,16.2281285041776,0.928712504105825
"451",NA,NA,NA
"452",-0.168908331424534,1.99946033807885,1.54023842108649
"453",0.373429884863903,20.0639966581522,0.75377733126523
"454",0.292728289675911,2.57706266858215,1.05234278805849
"455",-0.186616640919816,1.78191468467222,1.86311706234807
"456",0.122126332089653,2.43990985864001,1.34617479500039
"457",-0.109069951517748,1.83116000812719,1.51659600574533
"458",0.0924253865165298,2.2153906634385,1.30032239760111
"459",0.331830063428843,2.51780302445194,0.938060380843453
"460",-0.0359166556017266,2.22702971986564,1.3351465762464
"461",-0.153853013462919,2.4267607677284,1.54767687553423
"462",0.106961659053905,2.80736367735621,1.17740593168425
"463",-0.206422777485948,1.77963648093552,1.68152207603727
"464",-0.243711924677677,1.62270068194759,1.60736406767735
"465",0.287401861160441,5.32461545704309,0.790909593679719
"466",0.261403356874479,3.8854505677065,1.03405817559627
"467",-0.0978500339549844,2.36993955083811,1.49464070450341
"468",-0.199096068330526,2.57082976705733,1.58159190231608
"469",-0.0537428460009971,2.95960957124131,1.40152403341637
"470",-0.221392949275425,2.19922092955522,1.6080858081525
"471",-0.144048045812761,2.02882028841682,1.38735145757379
"472",0.161966196648372,3.43008180632153,1.18916136749015
"473",0.150268091579692,2.76580880116311,1.17117196881365
"474",-0.0273418245371949,2.12542248762832,1.36601537298965
"475",-0.0180662759846887,2.63326185517585,1.3179139949852
"476",0.131530249235189,2.09157171814394,1.32495363361145
"477",0.0330081505843518,1.97093642661053,1.40101570245677
"478",-0.0301917407265435,2.86809779047737,1.53610726267609
"479",0.156107923331271,2.73018593676852,1.2270023920062
"480",0.285620509651125,19.3977346053801,0.883129348690259
"481",-0.172795349315038,1.33579736187775,1.66441486866266
"482",0.131342571265104,2.62119672962833,1.2499341354971
"483",0.101826572047484,1.59985010570514,1.12123142592754
"484",-0.115211403822803,1.6477319067844,1.57999456264477
"485",0.182919728899335,15.47188465924,0.987477852593116
"486",0.183882555998121,2.55055656018978,1.45807883918573
"487",-0.0623324193214115,2.35263210545844,1.48366084554863
"488",0.218656745124455,2.16887790746674,1.0818117158101
"489",0.261556613079084,17.0721842175166,1.00241627735044
"490",0.0672179460462192,2.28810969140744,1.46910934325857
"491",0.414271658513293,2.49357702534579,0.866225614504361
"492",0.0917449085669617,2.41912618047207,1.23830482472575
"493",-0.203389070732836,2.1145606287785,1.75671924487591
"494",-0.054824939997062,2.64329170135678,1.37720905351806
"495",0.129286767301683,3.28322727805761,1.26671591821277
"496",-0.155995009180621,2.12616556307019,1.6299031667218
"497",0.304701981539159,2.76026742362678,1.09003599179956
"498",0.138643413990727,2.79846104544801,1.22353426729148
"499",0.178453370913865,11.9466711737675,1.00461549580859
"500",0.384206986969508,3.78831812286039,1.00140014499706
"501",-0.156698076814015,2.24567181556353,1.51767507932984
"502",0.104764031104075,2.15316945064228,1.37369698780109
"503",0.512741299325916,14.5959228566093,0.570785161975694
"504",0.196418312317975,2.14723031664975,1.19672856177164
"505",0.0340427115416682,2.07776617983156,1.47267940854342
"506",-0.0202066733020175,2.55035803799964,1.47005707908576
"507",0.0584788176148061,1.82609250697786,1.27755209849778
"508",-0.0105111467623667,2.15415908592734,1.37864488285554
"509",-0.0608876470891472,2.07752120512413,1.29963596435232
"510",-0.450618483032862,1.05803195122262,1.88170623673953
"511",-0.256597620819565,1.80309217633567,1.80094746565925
"512",0.297292500367527,3.9644958207211,0.968999978970292
"513",-0.151351072132045,2.61821863290169,1.51807832664191
"514",0.14581832394306,1.98424445892317,1.27697966589223
"515",0.299720406123887,2.44882518409913,0.939593224800836
"516",0.0557699043936399,2.81397109623622,1.27203030020375
"517",0.0548695671495807,2.60929327368508,1.17210276618417
"518",-0.270184641845677,2.15536913712099,1.73752118562249
"519",0.178002371139454,2.27141869039495,1.22472490025426
"520",NA,NA,NA
"521",0.0371052265356979,2.45856618889967,1.44736182541502
"522",0.15699903335865,3.73019928146191,1.17865790524728
"523",0.0929806925588604,2.41227802877869,1.42248873468012
"524",-0.0821912154366988,1.53407391075876,1.48479381918323
"525",0.143785471530426,2.05846093270554,1.29505681222262
"526",0.0402998238047946,2.38624931047798,1.36664937115057
"527",0.0848594155874592,2.06959554955352,1.30332646767114
"528",0.175597967844611,4.22187953637357,1.20302747285831
"529",-0.159341183497748,2.15698972619822,1.46651290459168
"530",0.302564758009557,3.77740247793323,0.897756854476543
"531",-0.330771361071837,1.92981644277609,1.71411344092638
"532",0.266686364335103,2.69785516834045,1.23527296749218
"533",0.141616104058876,1.82917236376513,1.43374367648318
"534",0.0658807145601592,2.84158105173015,1.22425691480723
"535",0.286281311435877,2.41737060071145,1.03644252891736
"536",-0.223621435949413,2.43855086437465,1.55823863671069
"537",-0.102154954162129,1.78875332462987,1.56470419811957
"538",0.177416630510625,2.54201941571865,1.00734676026899
"539",-0.194003215059504,2.1947312646739,1.67317172724703
"540",0.00290130299874539,3.2677128629498,1.47171441174899
"541",-0.169169688531252,1.62324546449485,1.4413821781393
"542",0.247257023876419,2.01244890116,1.10456836434601
"543",-0.0978068620442391,1.78856190293901,1.60737039709332
"544",-0.0593946285904998,2.04932353229231,1.40099126792004
"545",NA,NA,NA
"546",0.0229524058067007,2.17686432888502,1.26211333357031
"547",0.00615537624679601,1.99955607192882,1.44453329685724
"548",-0.101776734743499,2.16296549751985,1.59977512185969
"549",0.181807145619019,3.34419655518906,0.971893430806719
"550",-0.207050365032473,1.94886897020351,1.71594459019453
"551",-0.0273969630872968,2.15195831374424,1.50055276106815
"552",0.0996662185527189,2.31778357405568,1.20032725339537
"553",-0.0117537497028692,2.08343145958849,1.42875971141248
"554",0.492532167121134,8.26770794516612,0.878439116921179
"555",-0.11824990622581,1.82949128402445,1.59086466976758
"556",0.119289456500326,17.6904649117428,1.0708736499182
"557",0.0323939189089265,2.43919982995045,1.32025233416939
"558",0.047705346180093,2.2289042635158,1.2060239677189
"559",0.203504515603961,4.05855319164117,1.23312062788723
"560",0.245132652547808,18.059893042587,1.01310148319994
"561",NA,NA,NA
"562",-0.387357684755865,1.70586802541003,1.73826037339139
"563",0.0155318753174212,1.87149022268704,1.39793396762588
"564",-0.230026173399394,1.87517034864205,1.69050039915335
"565",-0.0115099386559412,2.82481366847487,1.34527456871284
"566",-0.180347659050838,1.89406977678395,1.59118735969407
"567",-0.0883882429653143,2.03815437882572,1.54030560827516
"568",0.244546390335148,2.01768563173999,1.17492896054786
"569",0.272665801869226,2.8217365224188,1.10451304704975
"570",0.183873680571671,2.46277132965534,1.09110925820228
"571",0.200397782303923,2.49362348752807,1.18925386556815
"572",0.362012313974479,3.89758163002409,0.864682627113731
"573",0.255250327347252,2.87004974039746,1.03446075157718
"574",0.152291653225974,2.71823054011503,1.22066848259839
"575",-0.409420761552293,1.41933083338101,1.85034926768042
"576",0.000659106022921443,1.78312832902128,1.42242037411143
"577",0.102189667855397,2.57362447716528,1.31854269358918
"578",-0.619010519769444,1.4380868138437,2.14687015116678
"579",-0.0537312594728489,1.83548533623602,1.36384698763923
"580",-0.303456001879795,2.18061705007197,1.69707086945942
"581",-0.280342865412397,2.02228670700722,1.67051165997658
"582",0.125619382057049,2.53839005814012,1.27441523788675
"583",0.207734021876036,3.00413697810271,1.20382891899862
"584",0.0697573364893984,2.44340904163077,1.17410603782271
"585",0.117625222854043,2.50016627532035,1.17827196028697
"586",0.29518241022622,11.8582517918012,0.890130676845713
"587",0.0523795422966752,2.32177763227819,1.34209885323863
"588",0.297746446733925,2.16925189317076,1.09705181785599
"589",-0.414029653487276,1.9732130325003,1.90442876348498
"590",0.305028148629667,9.97738544888594,0.894707526825853
"591",0.251218968593186,2.29233641026697,1.12671330959574
"592",-0.157179044260958,2.06731309691585,1.41450180265867
"593",0.133774171614227,2.19591171628192,1.1418332005467
"594",-0.0616427532179111,2.06247508691731,1.56870077259807
"595",-0.247301538046704,2.16854366193716,1.56834559241821
"596",-0.22222035990631,1.7390268998951,1.60997197794553
"597",-0.0553211127628983,2.26785782311093,1.44216166699366
"598",0.0699175198540682,12.6965068815036,1.17001619769055
"599",0.123917771056617,2.2817115799905,1.20251352292154
"600",0.388570302443484,3.75539047627067,1.04200923169119
"601",0.238497983848192,11.9663864220073,0.967318446179813
"602",0.0894303395253045,16.281235701714,1.14052230959333
"603",-0.0915728558969992,2.04136645742669,1.74978019568092
"604",-0.0917009011470306,1.81069800102387,1.2787263305451
"605",0.154381834393382,1.82180680798332,1.09509112822246
"606",-0.0328555150989959,1.98103255563586,1.43753196044425
"607",-0.0338059857329858,2.48516170378189,1.39621671317433
"608",-0.262882811216441,1.75516015795923,1.62407071654364
"609",-0.237908033524283,1.86456626901444,1.51170787514288
"610",-0.29872799259645,1.94728137611359,1.72485012216241
"611",0.117868012927712,2.21532817503351,0.942223551786551
"612",0.142755348461927,2.18733944036665,1.36245551337703
"613",0.172672858922202,2.24666293464829,1.28460069850432
"614",-0.325161236593576,2.07931340441218,1.59839423109609
"615",0.114557399477584,13.9149165018459,1.20290184337893
"616",0.2211239652728,2.40829348847786,1.29638109737204
"617",0.0873560930938855,2.69588039087013,1.22065606319569
"618",0.349514611132055,3.15276418527324,0.973222126383043
"619",0.117268439389786,2.12880482534912,1.34468572871307
"620",0.169653046287851,2.46940700869111,1.24599993402152
"621",-0.00515182558508582,2.88087895791816,1.37955449472316
"622",0.342789626989431,12.2706152938078,0.836346531078396
"623",0.48821604007293,13.6784456964985,0.731699244043624
"624",-0.103810732751799,2.09174908879389,1.49190890203794
"625",0.0438271617350331,2.37074700694962,1.29897560786735
"626",0.212259252651906,2.21690292374479,1.34600018745977
"627",0.279552915468877,11.8319987670113,0.865159263260206
"628",-0.281671948454206,0.229095338936122,2.21094600282461
"629",-0.249333994354154,1.98683739602615,1.74097543336021
"630",-0.14299177643313,2.73578159254057,1.58599980633087
"631",0.209653230667255,2.60847581398862,1.07774473420663
"632",0.108440304849026,2.8754894588637,1.31411111703781
"633",-0.0202582814666454,2.0313489804374,1.43164722743957
"634",-0.103251325879565,2.54846387528501,1.6437140825566
"635",-0.0457927311982203,2.51380950801686,1.52368081653831
"636",-0.0866663689244715,2.34681027716422,1.57820714728554
"637",0.257284361915523,2.74096864091891,1.07695513089473
"638",-0.0149825192948376,2.83392279424851,1.53257206107188
"639",0.221291650526578,2.59116178423928,1.17661878070686
"640",0.565311124756754,2.76275268456641,0.689066849954359
"641",0.286182130467945,12.9634928482464,0.988322900220449
"642",0.136640909432368,1.95221841491099,1.35085142710474
"643",0.0180350942387145,2.43262703591209,1.46881695400411
"644",0.0902303361840292,3.0146054992722,1.22972420140568
"645",0.246598618216416,2.57947708199492,1.06989651981287
"646",-0.0909069157502911,2.21564297089345,1.46390487968218
"647",0.296085508255653,13.8373108425768,0.982805911292613
"648",-0.15890773762267,2.02132795101803,1.56820851213393
"649",-0.192289302983249,1.86657213781209,1.49725466009392
"650",0.0628436224275977,2.3722484487559,1.03031154057843
"651",0.00305563015383822,2.54926960560525,1.56080332412316
"652",-0.114214666213745,2.17747853561334,1.6393778315752
"653",0.0800856223188013,2.3314105359771,1.34812285246321
"654",-0.10066391685411,2.66212379439358,1.48844643051596
"655",-0.301197908569796,2.16608175070584,1.83032074250585
"656",-0.0916768176145463,1.87817667076523,1.54345051627979
"657",0.0452241061668889,2.36312773407174,1.38372905133723
"658",0.253153123939533,2.56362734666486,1.12256352128231
"659",0.0558332630974846,1.79158732548107,1.35013260577506
"660",-0.15918448609201,1.59395012325486,1.54815379266348
"661",-0.264186857594636,2.62050461230651,1.64282422389844
"662",-0.155796676818106,2.36195721305425,1.47787162341972
"663",-0.00645286887944443,2.56569652929269,1.46902019339471
"664",0.348938390558757,2.90492354371774,1.02838277949529
"665",0.028799467410743,2.32735976848718,1.3755960550372
"666",0.439219817566181,10.0902571653325,0.671102073778879
"667",0.0166806043445146,2.46763846083368,1.38416342354057
"668",0.141590443576805,2.93659688684642,1.01330959433184
"669",-0.248285023276527,2.52088726090402,1.40605113420013
"670",-0.0422895037309709,2.69712983757762,1.45341541519252
"671",0.16355914018234,5.8676295003017,1.04263152145966
"672",-0.124939250173478,2.7633859071541,1.62475039696536
"673",0.0182641772675617,2.60194377782734,1.23538932745361
"674",0.0388468923889646,1.91610134672323,1.32480810751506
"675",0.187675198640511,2.23523464658537,1.18819908171846
"676",-0.399537804760113,2.03099748663077,1.99855595996715
"677",-0.402217833212756,1.7977876101881,1.91587841644629
"678",-0.0498365758400633,2.1010539439572,1.49471807034033
"679",-0.228167650831324,1.59690443682796,1.69830441028659
"680",0.117321305618268,2.76518311342655,1.30814667464657
"681",-0.0147279458788138,2.01588798532589,1.38096073623175
"682",0.42107075948609,3.5083708744267,1.12721523772776
"683",0.377855296319254,19.7782855825534,1.01148763893244
"684",-0.0415884432107771,2.37364339370373,1.28394490372944
"685",-0.0656447111623958,2.01614602796075,1.45766959777717
"686",0.105328382325665,2.22267754006563,1.20469791944519
"687",0.208357895507134,2.18892617524226,1.12443039750449
"688",-0.0248049445683206,2.75218747220373,1.40962454622893
"689",-0.140015694425956,1.9282405030113,1.55364984600493
"690",-0.143961132824651,1.86477149477728,1.58079881539243
"691",0.365671288112323,19.785960062801,0.863829523911013
"692",0.329640068952935,12.4905664464033,0.856787905757765
"693",0.141242402181059,2.88011624892942,1.21057310229736
"694",-0.0651474981067573,2.41590421663902,1.36984239520308
"695",0.0501533405310541,2.68701190250163,1.4344326362813
"696",-0.431021873220381,1.72616521229902,1.8413101304071
"697",-0.536880688887406,1.7042808679861,2.02484043695572
"698",0.0208087497353637,3.14292835205994,1.40038025393793
"699",0.221292102643016,2.28239580287154,1.03603992337511
"700",NA,NA,NA
"701",-0.0654488789097918,2.46522298284662,1.52292176953348
"702",-0.435538429306827,2.11793908178489,1.95616278018931
"703",-0.333579579539944,1.57456933709658,1.74199423212561
"704",-0.366289491079341,1.7422996996539,1.72823319795619
"705",0.0833795040588581,1.96693120470844,1.36146967681795
"706",0.21940146133938,2.60132543098186,1.12898808645323
"707",0.131892723593308,2.22684101463678,1.28524053348062
"708",-0.109105703284173,1.9320643572404,1.23095416069259
"709",-0.355229723503614,1.68703525224029,1.89447505997296
"710",-0.0966625329260248,1.54201450233494,1.49678477052055
"711",0.0857060723179213,2.35938749110232,1.14909748440555
"712",-0.054480222648865,2.15594801874634,1.4571500580394
"713",0.0500761514051994,2.45457089484408,1.50934941216038
"714",0.321634341357603,1.95139778383906,1.06472170354953
"715",-0.110305943087626,2.2570106518659,1.54121014617397
"716",-0.252657715780627,2.26868368944675,1.71485333976646
"717",0.0277701779350159,2.81240003327368,1.43205119122078
"718",0.155775985659181,4.66535493628802,1.13735929121607
"719",0.431661144435927,13.7847025139965,0.873208107889857
"720",-0.00625321893332903,2.4815014066122,1.14702964924643
"721",-0.383625250337521,2.45312763967487,1.82156825955839
"722",-0.219512328069035,1.61412510952084,1.51135232611056
"723",-0.112556101014251,1.76928625995969,1.38367911847444
"724",0.343160115184323,17.5843794840677,0.83600078654591
"725",-0.105845072110475,1.99342095906042,1.48616563632392
"726",-0.0145162365143699,1.46041178781106,1.26418921902635
"727",0.0114519985788247,2.6592668646243,1.42949316305162
"728",-0.267422893331751,1.63103262432948,1.63861604356086
"729",-0.196693901627915,2.08605805764062,1.48436727187465
"730",0.0932833514592631,2.34833007376619,1.27641462687806
"731",0.104195052595494,2.35447962919756,1.19134297998114
"732",-0.109553288735554,1.87970956286019,1.60954553443514
"733",-0.0257078260890833,2.09068049256234,1.46988779859242
"734",-0.0793093709676345,1.97225984211327,1.48384421971953
"735",0.0866951188381983,1.89966290102964,1.44097270039038
"736",0.0363278410449361,2.30713168505886,1.36887218409822
"737",-0.100146847208896,2.00007896009204,1.48974466454038
"738",0.116977686970168,2.61038665172579,1.31590429852348
"739",0.0724367256863504,2.76909949814437,1.30120033829051
"740",-0.452623349882579,1.68933132852499,2.09787129313925
"741",0.157461536156322,2.67152571471961,1.23797876700688
"742",-0.220802002669551,1.52717689491446,1.60740353269119
"743",0.365186938681682,17.8892630041136,0.808720344522854
"744",-0.00261648180183132,2.04341375255591,1.18546751506306
"745",-0.0395233286834467,3.22864162854346,1.36505181999327
"746",0.182500135137401,2.61682611445412,1.12835015515596
"747",0.263392849475484,4.708455857771,1.17568676165899
"748",-0.0728139179624443,2.33499640701348,1.57048399992884
"749",0.132623780503961,2.62298396539531,1.43819943357707
"750",-0.165765482640975,1.84775164827761,1.51198393879127
"751",-0.266149845150976,2.18950360606812,1.64166761994516
"752",-0.351979359394079,1.6590404326406,1.75243758053447
"753",-0.141426767743143,1.82236522724444,1.5562458631808
"754",0.0873726943386211,2.34959585706375,1.31005803297788
"755",0.137157846754855,2.96924686872321,1.24357959626416
"756",-0.0320527326932873,1.93074001522425,1.56100929408244
"757",-0.213655152520512,1.90809613477943,1.62237613746148
"758",0.114734133705542,2.02583854066591,1.2979714970212
"759",0.167247451354543,2.42159385047878,1.1244445821976
"760",0.0485051597924347,1.93004377879916,1.19910223823875
"761",-0.365197133545706,1.52405386799455,1.72345280184721
"762",0.340308363452468,17.1099451805781,0.833409696650108
"763",0.0225439855220473,2.54609889046726,1.23980850276734
"764",-0.160652258356042,2.56630204789924,1.66794187615622
"765",0.193477424528506,2.14546939274174,1.15300564215797
"766",-0.12848303688692,1.97325015447652,1.50764258358189
"767",-0.110730920700387,2.18663707563411,1.45172633973634
"768",0.00458917105878388,3.50228288900305,1.31889903846734
"769",-0.363455946687722,2.51716169396822,1.68682903417491
"770",0.0753741557293922,2.42739511539264,1.23068862039573
"771",0.346476862534586,3.54991954042202,1.01728703006645
"772",0.104631129755163,2.35813624986076,1.29498417195852
"773",0.0356769095487551,2.63922374573087,1.22556430596852
"774",0.333011050054151,2.29446881267359,1.07014031777224
"775",0.279565528504552,2.67846598630167,0.959256739453828
"776",0.0285335742772572,2.12620401376478,1.24021985692677
"777",0.0128128504371331,2.00101708873034,1.25746408829104
"778",-0.183892414064968,1.35891904798487,1.6835738647405
"779",0.176375341843,2.81538071842446,1.26704986720268
"780",-0.0944732015688438,2.22315277222816,1.45961393340051
"781",0.167902869089832,2.17930714621565,1.40860603578876
"782",0.106840248103846,21.8944919560695,1.12434834292815
"783",0.00974297847232148,2.51149733202272,1.50174733942315
"784",0.387763453663363,12.9491864898148,0.927718169699154
"785",0.0292147993653313,2.42618171353549,1.45494258710965
"786",-0.0823573362142045,2.67091913122603,1.56055657148589
"787",0.125738158748645,21.0809453439804,1.12424537171583
"788",0.117322311601139,2.02604188436362,1.25573490950004
"789",-0.0807849649340465,2.74269286730502,1.45915912959074
"790",0.124221063229629,1.73185543053519,1.2575353245726
"791",0.0340857743694503,2.18218182563889,1.36203612474558
"792",-0.143279074820489,1.95825399519881,1.47783507698575
"793",-0.398530305116065,1.50266449589209,1.93578121049326
"794",0.0941650205691463,4.25568656326113,1.04341166779547
"795",0.180232103439227,2.44242576294328,1.17654615518743
"796",0.00355281763701693,2.24245242245369,1.4653359276834
"797",-0.352707403370774,1.97953062706232,1.5939785407284
"798",-0.142810028634817,2.11926973035085,1.57217571386517
"799",-0.122726718271797,1.89859121425881,1.3460873607735
"800",0.0497059676412139,2.01719180379042,1.35825192374485
"801",0.124223853783708,2.69620690098379,1.1644232923736
"802",-0.219469112618016,2.08855480949062,1.6374870787193
"803",0.0952579416183875,2.41015168037145,1.22550383095847
"804",-0.218508647869741,2.06913504502384,1.55492279162434
"805",0.326894967546409,2.14213929949613,0.852840992968292
"806",0.0997976171484852,2.15813075702404,1.1948494484058
"807",0.153703963978102,5.62139555670054,1.1570159085338
"808",-0.00198150611141402,2.54557517258505,1.34232083630444
"809",NA,NA,NA
"810",0.0859799385969335,2.27166884182103,1.34450866074002
"811",0.0735568271626326,2.35188049106397,1.27526531765971
"812",-0.364326002714139,1.56092966799501,1.8830514932724
"813",0.0973148631985921,2.41330081686379,1.32923402886006
"814",0.213275020965289,2.2143195638717,1.16608840099522
"815",-0.112299677938945,2.06357590182675,1.26863306484083
"816",-0.21708055972622,2.08702149059297,1.60520901888266
"817",0.0211976083332044,1.9991629054054,1.47856251043219
"818",0.0656525282878802,2.73877130923272,1.12475779845974
"819",-0.162949930716281,1.77570405147453,1.56999604883262
"820",-0.0774844152258886,3.07472985649459,1.45062592770588
"821",0.39713040670528,2.65043989944814,1.04813667877297
"822",0.0312015140272555,1.95832932724325,1.32233690773626
"823",-0.343982876244155,1.76918638663514,1.68166661715112
"824",0.101697358257298,2.11928736915128,1.38135741037958
"825",-0.0711460605800481,1.85268441946887,1.44391479783953
"826",-0.109333550128855,2.32843419501877,1.63283752859487
"827",0.0372053474033808,2.26486814399215,1.28022651225199
"828",0.00703741681644414,2.42982343900501,1.41016931755209
"829",0.172856165057745,2.82022082805391,1.08866290473196
"830",0.078627311799151,2.20002264331306,1.41892319864012
"831",-0.0287294447390621,1.96884381430837,1.45998185807937
"832",0.34095737535098,2.65463043172008,1.08006225617187
"833",-0.0231801388900592,1.77008679249698,1.53609364636
"834",-0.004771700521582,2.15911340986358,1.56665708922731
"835",-0.146011377458776,1.79811694445918,1.62875031791094
"836",0.20682393289868,1.95253852444124,1.30250226103946
"837",0.155424523454255,2.30556513858578,1.24477449179238
"838",0.0235403521183777,2.67010537749296,1.3439139666992
"839",0.232884905334311,12.3340252411991,0.980044540629518
"840",-0.188775778175371,2.31425780280362,1.593839941777
"841",-0.110829162706993,2.26034889191009,1.40756700764021
"842",0.181215390177599,3.25234777999068,1.11849771111807
"843",0.485091751109993,25.4656519393008,0.622266865831557
"844",0.107571565348419,2.94643619222437,1.1475403859345
"845",0.21669404497383,11.5280047374683,1.00419817785108
"846",0.203604508102162,2.96906502943206,1.20217533950556
"847",-0.132281456941917,2.70120181162057,1.73022796280422
"848",0.0440866548019288,3.10795567798391,1.32379822772008
"849",0.300543211993754,2.90387567736298,1.01016985143746
"850",0.134376934983614,22.932634730638,1.3041523294696
"851",0.219987623657056,4.38883171400257,1.16903427825267
"852",-0.191342253976576,1.91094809200705,1.58220789841934
"853",-0.119681132304882,1.99598378066921,1.3530753921993
"854",0.414315745540192,11.2694636194216,0.971942925727425
"855",-0.184454511461181,2.11329773349852,1.53798451888526
"856",-0.158258350819064,2.02038342832818,1.55856823914485
"857",0.133475998935048,2.54115841873435,1.24766838848932
"858",0.0132381138723114,2.05141113792574,1.36633061581169
"859",0.29200797535539,2.03019159517754,1.17124695410784
"860",-0.140461546104538,1.92067521951312,1.51575080714909
"861",-0.141646127675175,2.41987784673407,1.53346690152062
"862",0.144093857234045,2.53272437133033,1.35292194093691
"863",-0.147085460314639,1.9567764811829,1.57715924347836
"864",0.182748926901829,2.64220251181656,1.2203162757304
"865",0.125938432231509,2.40453862314122,1.19064087224319
"866",0.0781342728553923,2.10370358647749,1.35206550935311
"867",0.3625303660936,3.18478080042819,0.878595900874929
"868",-0.324877958812192,1.7207328707486,1.82334528253069
"869",0.0617602990596326,3.89179848235593,1.26901143219296
"870",-0.0600900281498244,1.83136087132143,1.44238557577244
"871",0.175845531679138,2.29191409218164,0.94434325798851
"872",0.414938714013683,18.058215477853,0.760706722046625
"873",0.0202933768845664,2.5703498307548,1.29639731194298
"874",0.268826320585853,18.0351465772591,0.988486625212989
"875",-0.0816712265204227,2.3733810559078,1.44298012133216
"876",0.577202306883255,10.8437511327295,0.729768007111776
"877",0.492894234437118,14.6144540251905,0.829034052399173
"878",0.179681721927407,2.76196525307522,1.12496450276793
"879",0.238599618612524,17.6040905695315,1.04054724534973
"880",0.27730564026127,14.7961928458333,0.904062201761845
"881",-0.164091705579196,2.27660812622647,1.64474885580277
"882",0.322346350142448,18.3796147956072,0.732169183334475
"883",0.182783607597016,2.53568503623141,1.09140792604711
"884",NA,NA,NA
"885",-0.213720185473686,2.26484173706049,1.64283107338585
"886",0.0735120135415012,2.04481197855944,1.31295037938341
"887",0.0173921272158827,2.50724299599215,1.36639141247814
"888",0.143650412293156,2.10633355549967,1.24701237165845
"889",-0.0945971835651248,1.98410952797004,1.58322191366083
"890",0.303559220094052,2.4518955147485,0.943722045286834
"891",0.0237333860244228,2.31378755118426,1.42036418001449
"892",-0.131044160896302,2.26319656517747,1.61654443082673
"893",-0.162650372127857,2.49971700224753,1.50684266587399
"894",NA,NA,NA
"895",-0.0783369827854673,2.05531997241477,1.49275914552351
"896",-0.319602395826291,1.58756840815361,1.76187423204232
"897",-0.280555547751914,1.87508451040847,1.75793234908658
"898",0.012927914658738,2.46921642017497,1.43500288040788
"899",0.0846698448380983,2.37362655880109,1.09622776435443
"900",0.156609663513553,12.6277550716479,1.08205931182272
"901",0.242644846477929,2.30316390096937,1.22191547868405
"902",0.0419790658290968,2.40134647575968,1.41781344939505
"903",0.014511801046345,2.41781427485295,1.26804429003001
"904",0.0668956211735246,2.68445669420223,1.31380377993492
"905",0.144295993152167,2.02026146817373,1.15918282918246
"906",0.121013101057538,2.26207353068465,1.28707974609699
"907",-0.292532435215048,2.01117767445893,1.68753607144849
"908",0.118428683872732,1.97795094407492,1.24741383776242
"909",-0.00142490695512947,1.95684961673014,1.48868205949218
"910",NA,NA,NA
"911",0.0209560942502268,1.90478522832883,1.31001080744251
"912",0.204649360331715,2.37866452956294,1.27329653636239
"913",-0.0629693245445329,2.05092664303921,1.53381088079415
"914",0.134255089003904,2.6538623346201,1.21593343523713
"915",0.232092492426567,18.3069964410646,0.918062053076965
"916",-0.0606331432682301,2.16384152601876,1.54596983612524
"917",-0.435335111322779,1.79120307457597,1.90331195204459
"918",-0.0286465357215919,1.59959206256667,1.50458543654244
"919",0.0166267808608963,1.97916155976288,1.33504714830933
"920",0.349431235045181,3.13048308470887,0.915299912013311
"921",-0.0763194173850128,1.84780982487397,1.47108195321296
"922",0.111014537091326,2.36778479026708,1.21496107942296
"923",-0.138690573025902,2.6374092662822,1.33709563985837
"924",0.0229363073524314,2.57827652648773,1.33643738316011
"925",0.224792390584533,3.01591011889612,0.864694161068801
"926",-0.0475275758997697,2.06966628299979,1.37719924261274
"927",0.356495109924355,21.6032597284375,0.81888192926203
"928",0.356911611746307,28.6236620480845,0.933496275344807
"929",0.264887058794236,11.9340060806585,0.953901575024416
"930",-0.264850413884963,2.62772250733162,1.60356997347556
"931",0.0856517909926439,2.6237787480393,1.31910914149896
"932",-0.0903776998628768,1.79141046340984,1.55938958138486
"933",0.124622625591574,2.84374110771761,1.07263596459002
"934",0.0645565024199353,3.98927219946273,1.09448591157753
"935",0.0452390307234497,2.96796646654512,1.37832675614542
"936",-0.080218629923251,2.28873320289209,1.50077970393472
"937",-0.272348661448171,1.48506622931532,1.49116969211463
"938",-0.122255339961228,2.1237220886616,1.54246660553089
"939",-0.284621898468616,1.44050574749761,1.79105848558231
"940",0.150075663058224,2.50779931799672,1.17141206174057
"941",-0.237890555729766,1.55981725597867,1.3965414583668
"942",-0.292845533457381,1.87260373068133,1.75235771588306
"943",-0.0921301607757064,1.98227713357746,1.47492162440625
"944",-0.0358759035930877,1.56473220031026,1.40636115223872
"945",0.176099956393842,14.6286440961187,1.15946902773469
"946",0.346813206764834,19.5568458106775,0.819371118343191
"947",0.116490440285051,1.97230514827297,1.28830714039709
"948",0.184648946406947,3.39508938334983,1.15101690219045
"949",0.143771033319422,3.34473328689341,1.28077341876459
"950",0.176433932779042,2.68808924797244,1.17153633761516
"951",0.376278400626022,12.5478113921125,0.785148300414574
"952",-0.290897084238489,1.70130253474922,1.68720058586565
"953",-0.482453490062897,1.3076523393345,2.01202529120306
"954",0.175590919033451,2.4396991083056,1.42218809616853
"955",-0.110083387442491,2.32507297737694,1.46583087158725
"956",0.252922712733029,4.02908378180863,0.968999154406038
"957",0.0113746636886626,2.23298947110381,1.41141751936809
"958",0.0772215459611495,1.71716574393274,1.43546203999521
"959",0.149529083618062,2.12584699706747,1.42244671327207
"960",0.0128728791458761,1.68387958879475,1.43112183749949
"961",-0.263489847016425,2.57253653568046,1.5569761333786
"962",0.259550307508076,4.6834498867319,1.00003520987012
"963",0.135542479929694,2.82977630228564,1.22443374178007
"964",0.0521211029556676,2.93011454946983,1.28753663030628
"965",0.160478517710152,2.19458511865104,1.24362673941365
"966",0.0120416318001209,2.34293641004004,1.50665922211134
"967",-0.0186053908037415,2.85023240707874,1.34335397251852
"968",-0.0703296710339779,2.36301107906603,1.33701240077868
"969",-0.032659912108472,2.35912264470211,1.29434862516407
"970",-0.283236024268682,2.20932823850419,1.79511073551545
"971",-0.332939163483602,1.95560218706878,1.86594008924105
"972",-0.0405323910682414,1.93006908293972,1.40610119322586
"973",-0.469074076159435,1.47301370093242,1.91734783090004
"974",0.267005398403614,17.7948108173719,0.992734480931677
"975",-0.362201645765392,2.84471498987173,1.6573756255491
"976",0.153575137362984,3.76623539158986,1.20080198461831
"977",-0.18912402684663,1.87696727616533,1.76107647184382
"978",0.0227401577580156,2.41137193179468,1.36269864046695
"979",0.171121386751252,2.09516845488919,1.19054614608643
"980",-0.0211514871465673,2.2007545534242,1.44750147974995
"981",-0.11269421561006,1.97671148695054,1.46493044998463
"982",0.228554243207836,2.45872005224606,1.02547270795808
"983",-0.0988916762473734,2.00096103482316,1.53923562147239
"984",0.0564283397762217,2.57500758498296,1.23140569748788
"985",0.235630858733249,2.95827501027484,0.978844073132644
"986",0.10917431757403,2.72167247456485,1.32011057233851
"987",0.451034065332971,13.5604851080899,0.796628474749054
"988",-0.131267759458041,2.26413302429106,1.56185699840116
"989",-0.00345265836221455,2.22737960854079,1.3945709721751
"990",0.141534091072697,2.39689899429194,1.36715069992584
"991",-0.156912228334318,2.03570388506846,1.6558560419669
"992",-0.0900239963681124,3.13209408416128,1.37404068787678
"993",0.0866682487049137,2.12379858947221,1.3681626619718
"994",0.281066012939155,11.3817545063881,0.914222525002676
"995",0.135164063635167,2.22754832881607,1.34764449540411
"996",0.110187504412758,2.39436127897823,1.16698674634742
"997",0.222947989056264,2.86090854061053,1.12770435441048
"998",0.06316475595947,2.87753586240015,1.32155288224361
"999",-0.384202431869125,1.82498248748482,1.78015290799541
"1000",0.363889732662294,2.36338710248468,0.990199872586745
