"","tau","phi","kappa"
"1",0.70121004652465,0.323637483223575,0.635545713864527
"2",1.18044232085093,0.623504587986569,0.406216136392892
"3",1.18513600285504,0.977500657229973,0.287778844438079
"4",1.62999812049642,0.758448748377066,0.269714103720243
"5",1.25775423240228,0.773605265440121,0.379805605324321
"6",1.1290514424901,0.585838696335281,0.477290998847177
"7",1.12818285117382,0.101224726010665,0.50604953976628
"8",1.38251083643076,0.715046870324995,0.294637328351654
"9",0.964385788758277,0.569686660810057,0.579238312060089
"10",0.491297285125567,0.445588324529095,0.71957917515664
"11",1.18013266733639,0.670557724990136,0.31227700038672
"12",1.39893729188016,0.89185567847154,0.284796885541838
"13",0.519141660728361,0.193396152909666,0.741463316370338
"14",0.637672773009021,0.177834156953093,0.718839165339938
"15",1.21362847204442,0.63899459867147,0.418760310323553
"16",0.799367006662626,0.383031899432911,0.608920251143529
"17",0.59623279071142,0.162352694296634,0.692028517194514
"18",1.07500093086535,0.697484767031586,0.444730924139801
"19",1.14461982820916,0.652274431354879,0.493531049464974
"20",1.40152007028824,0.776131826540561,0.384217895303938
"21",0.378821018579574,0.28984664159266,0.827494982431888
"22",0.395384856958042,0.249883115808061,0.799906448907873
"23",0.328031810230524,0.295093332356926,0.830562081492498
"24",0.768105667091663,0.48452193142591,0.587926144264129
"25",1.13209388548262,0.709649137215765,0.266778571578612
"26",1.61996475202896,0.654639368669671,0.188394412811143
"27",1.12476187780112,0.648987727850113,0.452936829863269
"28",1.44523500239512,0.434271118657776,0.353651608946728
"29",1.08068383659234,0.495796638858139,0.449753647356241
"30",1.3488930493463,0.569489234703948,0.252276580184976
"31",0.321665438467207,0.295337915234822,0.830702400806733
"32",0.995803031458685,0.669657591936105,0.452855477220503
"33",1.24543634471537,0.418426680265549,0.412530026077655
"34",0.936792889903806,0.50453879919102,0.601025174657663
"35",1.40428821501402,0.757352692350587,0.328734122842246
"36",1.36021745011142,0.920341532647375,0.303167289901935
"37",1.40128222844183,1,0.2835980427189
"38",1.27297108197587,0.639714010165088,0.413917549734866
"39",1.35913473116703,0.965035999005198,0.280119316119157
"40",1.5823584803266,0.901481614797498,0.207235230297293
"41",1.27429936397317,0.567541081059499,0.454495135285456
"42",1.06584649820005,0.578347912833187,0.496291825047233
"43",0.272129905164507,0.445377707576567,0.870167029978766
"44",1.17121354237734,0.591666936138839,0.439073973957212
"45",0.834231933519406,0.550652964342013,0.626908795384881
"46",0.593675420547018,0.463991179933546,0.691436891607579
"47",0.373425791282738,0.275824547753355,0.818725344037506
"48",0.974318623788428,0.445723040298603,0.508911983977607
"49",0.269998525058196,0.365187180110512,0.863083912242294
"50",0.947033233599515,0.69442299742561,0.441607763207833
"51",0.365299901187345,0.225020591937811,0.777798113633002
"52",1.86733416172943,0.86206060851746,0.17374594613742
"53",0.942937549390047,0.651270647591929,0.521836942499976
"54",0.782351596567388,0.315508575076723,0.626740650492658
"55",1.09684759423155,0.626514556103042,0.495005711679764
"56",0.215273415693471,0.503757111677902,0.896899705127648
"57",1.34003855546652,0.644073562547584,0.367906341761077
"58",0.403713413764858,0.219958012224289,0.772683888645913
"59",1.32425052166751,0.690639844901873,0.375353527515324
"60",0.928885988446883,0.587010137870603,0.576238143956714
"61",1.04158800513142,0.698094693602338,0.452947476296523
"62",1.55541357769343,0.881212790535145,0.26631435014461
"63",1.56799376151814,1,0.186725227428348
"64",1.26764300863856,0.699509340388532,0.43307557753195
"65",1.2361689123817,0.670352330638148,0.374408445150963
"66",1.19243279208851,0.804238517232613,0.363016670892889
"67",1.32068577506979,0.677933225297959,0.303435772642516
"68",0.544761240242114,0.336638145092133,0.723190426706243
"69",0.46750001202407,0.217754005094568,0.770383098220005
"70",1.76109008466498,0.0568965783593413,0.121212532602304
"71",0.390936263144612,0.249145472503713,0.799314033293321
"72",0.481492522097142,0.387659032044395,0.777909353276226
"73",0.345998119388759,0.323701181375956,0.845536553844304
"74",1.07490150984147,0.586889982252039,0.443632758881224
"75",0.358937815505891,0.253525808841689,0.802781420051708
"76",1.71102631309286,0.782784038115484,0.139322780134378
"77",1.4578132705659,0.632690034690726,0.320049780519638
"78",0.977028704927432,0.554390474963577,0.458409808798541
"79",1.57956109728715,0.849954706501544,0.143405044855123
"80",0.504169599619204,0.195172418317806,0.743816260356096
"81",1.04249644567354,0.486050426455345,0.464837553555676
"82",1.20154339341232,0.799847535072617,0.356775485325311
"83",0.804856672038825,0.132694433319984,0.623194441929389
"84",1.57174613877957,0.708439413622956,0.262783236970183
"85",0.884487300326461,0.467014199498201,0.515083716926282
"86",0.8413574366331,0.413238715682778,0.602383063973015
"87",0.729599229750237,0.460623989236445,0.637376128354753
"88",1.0357070014337,0.701660259820966,0.51237900120824
"89",0.30098801273021,0.327587796954492,0.847369161901516
"90",1.46627668821329,0.562516326295184,0.286830404565522
"91",1.25628934419102,0.923121034010857,0.334592508373402
"92",0.581787618332324,0.253779808653121,0.706760273017981
"93",1.42014970746165,0.681092786362378,0.367134711469854
"94",1.38402220197869,0.645633738601824,0.359248980565422
"95",0.633146258665475,0.16520669366423,0.697348824729697
"96",1.00256516801528,0.449671982639458,0.519844268191915
"97",0.808167298111448,0.650868689673541,0.53231059137069
"98",1.49450781513356,0.84906743598301,0.237496012686957
"99",1.38736802883251,0.905055362849612,0.287798753166062
"100",1.45511152527268,0.920700616570943,0.307089749870153
"101",0.405027784063316,0.245909055919063,0.796672799165002
"102",0.424659450486018,0.237366670833854,0.789355431306539
"103",1.07621164839611,0.746159487735585,0.512585304168428
"104",0.853936166878221,0.385515865447611,0.571317185302098
"105",1.16417254771954,0.487416140089306,0.445632120133554
"106",0.737570602030358,0.297090472945864,0.601743735404774
"107",1.32741359001656,0.597718916016303,0.322748168358896
"108",1.15269708878766,0.56803256958909,0.384243008126251
"109",1.6013250638645,0.60522429472228,0.293948384539461
"110",1.10137676114649,0.783070757092496,0.388124021585283
"111",0.430769346623913,0.236321365013183,0.788423700086487
"112",0.371202613088614,0.303877171180022,0.835459834623841
"113",1.7497152230332,1,0.165212202751337
"114",1.62305437694492,0.859480677278752,0.22118312046789
"115",1.23707904422736,0.875801375324493,0.383924778771236
"116",1.07343064006268,0.426420758295096,0.510296240847318
"117",0.677470263735285,0.449233602644854,0.61507371378677
"118",0.947113651693949,0.556182896415015,0.55659473235302
"119",1.12247292497205,0.376030480523412,0.328664518557389
"120",1.08382912369953,0.684197397356994,0.450390910902873
"121",0.75402604659683,0.388640998463113,0.640254748761055
"122",1.42708324646768,0.55544648576621,0.285028433633428
"123",1.14929950705388,0.532321243171968,0.413622700482713
"124",0.325390174410782,0.328221342864437,0.847663776024915
"125",1.54400983843005,0.680684870297169,0.249022452125461
"126",0.814372494881065,0.125004221827098,0.60001350939044
"127",1.13038892695853,0.688062964032772,0.396159761240102
"128",0.951143325075075,0.518403120171385,0.475086465190356
"129",0.451582956778556,0.263601468392302,0.742834307073716
"130",1.55366641877325,0.835457120280322,0.32213507034326
"131",1.21439500941955,0.742103771910774,0.362187495052755
"132",1.15042888784495,0.516511142089257,0.363700836368941
"133",0.4346035015448,0.230094786729858,0.7826982492276
"134",0.399511497517239,0.266325251366286,0.812259634625357
"135",0.392637565848005,0.222597142001012,0.775378966906176
"136",0.753274022024914,0.340589780309261,0.61091217870614
"137",0.986705862607732,0.602482165292626,0.477380369381498
"138",1.30573939527056,0.760083269392803,0.390979759668581
"139",0.454176250338878,0.303371104755508,0.765888530753156
"140",0.871739793132064,0.324137609126899,0.642729592978663
"141",0.301561306937388,0.330281099427255,0.848613801738259
"142",1.26970038054835,0.784444555066186,0.393068651745531
"143",1.46899077122658,0.36131378173777,0.310979938449072
"144",0.38368090301405,0.247601585728444,0.798062682624184
"145",0.298633971241341,0.346912977011164,0.855871635501283
"146",0.465490941453113,0.206663527542974,0.758060841240586
"147",0.407696243351937,0.273733206571793,0.817340392763469
"148",1.04844354252488,0.327270314645138,0.476824579578403
"149",1.12480562688964,0.66410503240019,0.439837835214321
"150",1.13268611110536,0.487975841260299,0.450152373249825
"151",0.311148362377041,0.305320584926884,0.836237704012084
"152",1.16974229182024,0.38648907736094,0.389487321596951
"153",1.29919832848979,0.631833584614708,0.360630743853449
"154",1.1635855222338,0.539233900558099,0.473013803336142
"155",1.05538788964896,0.655985637805822,0.486679041999532
"156",0.300006527285848,0.379120136557013,0.843746600371954
"157",0.430591627635064,0.46952294239697,0.771448180660794
"158",0.399325834382914,0.247417000086352,0.797912027134153
"159",0.534112742728835,0.378341525809387,0.712223737753861
"160",0.732008624583491,0.436946930172865,0.643964676759002
"161",1.03594990622806,0.470459138499888,0.460442757172886
"162",1.17784754986791,0.744221161652401,0.372149493673823
"163",0.396080530017053,0.225711675340747,0.77847845077346
"164",1.00651486369195,0.641616856974528,0.466888313722486
"165",0.370193711709224,0.27445090715048,0.817818055261209
"166",1.11714755560645,0.664276365234172,0.482802057589609
"167",1.05115646604746,0.560527020464923,0.462598943738519
"168",0.466747387467223,0.236959012454605,0.788993043640496
"169",0.79122451761222,0.60085674603093,0.583566043361989
"170",1.44259063731585,0.774647120535356,0.370597453178074
"171",0.759107608315295,0.390436034801316,0.613488997802803
"172",0.434863495377954,0.205121839262395,0.75624243532626
"173",1.41789658100408,0.501212190574576,0.349588724310056
"174",0.36906493830716,0.277457946749675,0.819792510592207
"175",1.20821236976553,0.67267507877558,0.41800945579695
"176",0.965236408741008,0.449825823990254,0.498317874874736
"177",1.13339502686949,0.487180487082459,0.434433619326602
"178",0.956969678865801,0.507065957454723,0.516681980370808
"179",1.55605772762527,1,0.321091741873793
"180",1.16990695415156,0.661128210466571,0.409137901943654
"181",1.40161310405161,0.765263015836732,0.320923883695923
"182",1.03467820665743,0.69095940198665,0.461105100699257
"183",0.950706786973699,0.108340448823207,0.538491850983641
"184",1.21974534221499,0.549728262326609,0.373847360259245
"185",0.680278502368663,0.456574056557238,0.689086607692567
"186",0.385408915847685,0.280221851542952,0.821569946366813
"187",0.360987458796877,0.265383180676937,0.81159318434401
"188",1.42668234221535,0.721751586010427,0.293721612764678
"189",1.46402660033023,0.758276403197544,0.235894258700295
"190",1.20817967216254,0.622007903739558,0.404250654752198
"191",0.433020735565838,0.354007511006809,0.756729923839417
"192",1.15185167716322,0.668686958900541,0.427509106777723
"193",0.975429264101754,0.498487604914355,0.495119428518761
"194",1.10404928048096,0.576532866003428,0.517460978810769
"195",0.448073586111623,0.278128803928554,0.766141134597274
"196",0.966916274374066,0.592972034279236,0.441734252670862
"197",0.323772161583749,0.323066688279633,0.845233192359585
"198",1.3147099586544,0.674706901773739,0.302170934896813
"199",1.17255532509826,0.466101123248303,0.414892552346179
"200",0.8636800398555,0.405064020033207,0.509272704627557
"201",0.992496937611769,0.513678432722205,0.469820011959525
"202",0.912352959916297,0.503690816560339,0.497602995640806
"203",1.2988313936728,0.353379249282052,0.354457557816699
"204",0.594942010325494,0.392238320413946,0.704889875830608
"205",1.27767235440124,0.550142049936842,0.356011918144536
"206",0.461285227665609,0.223289179497996,0.776075132201161
"207",0.556080113757151,0.627217299436995,0.67056865298747
"208",1.49632419645258,1,0.239672664404175
"209",0.526829551165578,0.218286919831224,0.770943673406271
"210",1.02270605004165,0.508506899985974,0.468447998938854
"211",1.16221227120429,0.72574260951436,0.393417394987325
"212",1.11473702087557,0.641770800757062,0.449240602334206
"213",0.55335278087758,0.328342704722032,0.709373539455053
"214",0.463169180377256,0.205540446198209,0.756738875852282
"215",1.50325129522746,0.658135520307898,0.297546123725485
"216",1.71840349529214,0.948996697158959,0.251566421911089
"217",1.52542260745284,0.99828107661373,0.179880318573744
"218",1.21016885413922,0.753725332391276,0.444876672413204
"219",1.04549624984937,0.606042999829932,0.443884973484377
"220",0.9515632292456,0.598472780841751,0.461785503820362
"221",0.376965359012934,0.257318073612891,0.805687959271683
"222",0.369132537910073,0.263320054499449,0.810117007247905
"223",0.942301832085449,0.545169577146116,0.50716431376284
"224",1.42337303932026,0.791062353634201,0.2995211420668
"225",1.36977680873233,0.630353544486265,0.4166197577801
"226",1.20453229443781,0.911724203064469,0.360651648387574
"227",1.33562753875477,0.412301165007949,0.3591038681599
"228",1.0302280969811,0.0850297135718747,0.411970264280198
"229",0.797464933541223,0.421494131574334,0.604432076616457
"230",0.51597249998893,0.185281192315581,0.73013990586353
"231",1.01627605413593,0.519187899671664,0.465117866244248
"232",0.842409443496268,0.632937635775228,0.594995459857563
"233",0.574445634106497,0.39114050625443,0.734544531374077
"234",1.67048397151703,0.892043554613191,0.138925787877818
"235",0.37513518622731,0.271368839121146,0.815748926214484
"236",1.35440136965564,0.81297736678131,0.306146839315756
"237",0.646767382499586,0.152141253041719,0.671358037347771
"238",0.605651729937195,0.177990080225113,0.719085468489241
"239",1.40489352202952,0.651028428405076,0.260582356826569
"240",0.608952097914878,0.381159199025028,0.694913778599761
"241",1.57102724621499,0.268264998750668,0.219171348799709
"242",0.251125987117213,0.351218131633795,0.857638329298632
"243",0.803698623229227,0.480506023581351,0.561299878149985
"244",0.345997023623904,0.389803697203857,0.830393615870635
"245",1.56986074673256,0.757579257656957,0.249588553187112
"246",0.708820277111945,0.491195741064017,0.606210957160031
"247",0.966116304989659,0.553454459763338,0.423558290578963
"248",1.02130198178379,0.703610427000412,0.455595958537424
"249",0.870674769086524,0.579594991671002,0.635395825340652
"250",0.70463093353504,0.500200340774541,0.621166164766107
"251",0.34682344433323,0.300441050634063,0.833578001759487
"252",1.21626401398725,0.708914859033301,0.393081829347678
"253",1.10009582538701,0.495017550519338,0.419780682812756
"254",0.659429379128608,0.51691439009308,0.674194970786261
"255",1.20252694013148,0.530211132266367,0.442241678974269
"256",0.439199280546223,0.214481225658761,0.766879362767398
"257",1.34189670621521,0.416727440126194,0.32364077307701
"258",0.972290489849917,0.526497054194552,0.539635184730153
"259",0.783332908987219,0.514604832464783,0.621212326408502
"260",1.56316313071268,0.876742882873719,0.238224595169258
"261",1.25943784142474,1,0.271158656582906
"262",1.23825143411597,0.696132101402902,0.345533068649063
"263",0.906042363098318,0.643045110840055,0.46197009317202
"264",1.05436163512772,0.468824286163458,0.503596216983185
"265",0.855931771139848,0.548236867631301,0.56507531954276
"266",0.445536744453519,0.216368237188251,0.768912476943196
"267",0.253920470076933,0.377283485537715,0.86747365862373
"268",0.899270980099188,0.633045831293644,0.576614416149158
"269",0.262332721279508,0.323253613145911,0.845322687924818
"270",0.647950962823388,0.319198996991168,0.691451922465053
"271",1.40048308074882,0.830215609548114,0.296946244604007
"272",1.28836247706577,0.810180598284108,0.438866516957416
"273",0.615038610909113,0.454759253277461,0.691864423392228
"274",0.878116782077177,0.654377273377495,0.572900397822385
"275",1.01042949798902,0.0914462614006188,0.453230791131482
"276",0.651329111399901,0.354234847726801,0.662873130745393
"277",1.08789553532514,0.39232959944208,0.441532066054856
"278",0.651792636665116,0.336199670739852,0.620167461150865
"279",1.06186324718721,0.490435722391199,0.526798909453116
"280",0.669081721931127,0.146469402447804,0.658631774524935
"281",0.511653128560048,0.281856675254449,0.782829741697772
"282",1.05807144741837,0.484835091872688,0.507415527272638
"283",1.52631463582719,0.833545975752696,0.239883149488454
"284",0.481092634207117,0.335359180458608,0.768705464323501
"285",1.05804383009255,0.510952405487326,0.446629795976702
"286",0.561434177682482,0.315597372013366,0.740557219185544
"287",1.36007154104281,0.681856170878158,0.212921561896522
"288",1.01596356607244,0.568021997556378,0.41878514526748
"289",0.392164309706436,0.279984683160468,0.821418802501623
"290",1.41233029571844,0.901961427763694,0.340032572094188
"291",1.07507212065359,0.647368130623935,0.506847651076337
"292",0.97565610080475,0.464425528956657,0.492902234508966
"293",1.71746291825566,0.711280639831213,0.212172973277221
"294",1.15664826209145,0.631720512682819,0.389953448264002
"295",0.66537571638598,0.152094519694336,0.671257057121551
"296",1.49589632608772,0.438169898263332,0.307455404589019
"297",1.22187536960366,0.621545419506204,0.371463287240914
"298",0.927891237732288,0.117255121694975,0.573579394424499
"299",0.600589637435705,0.158510893405469,0.684564266052676
"300",1.83194373319407,0.996517482844963,0.217118062737579
"301",0.868945168688209,0.401601341199927,0.512923111721856
"302",0.453542820507808,0.193587013243193,0.741718211555918
"303",0.358705110282655,0.280453211053304,0.821717142006633
"304",1.27121194692267,0.658585865462692,0.387662838669234
"305",0.653096598211164,0.349332117668364,0.699863695675017
"306",0.336696332070769,0.270867221626967,0.815407712680499
"307",0.744821243587081,0.543599447584329,0.574873719413767
"308",0.838041607794161,0.450347585415114,0.590799996194257
"309",0.498191690121749,0.195908526647942,0.744778847273694
"310",0.345126159504808,0.287431124149886,0.826045282507657
"311",1.39386854332018,0.727580868188111,0.340024363958249
"312",1.51110749493499,0.53993776393955,0.27905176768369
"313",0.870743116820843,0.474915772472211,0.553006613541662
"314",1.35961678101839,0.605979704174748,0.376322577514501
"315",0.334658090785095,0.300007687740242,0.83333760419069
"316",0.743998168927835,0.492710929972273,0.609244659176557
"317",1.43889352217616,0.556196820781635,0.38085476670561
"318",0.887743403636171,0.355645127868389,0.500144479934589
"319",0.515198349680503,0.214674600702017,0.767089353670658
"320",1.28391862418286,0.839712616600664,0.289868017597974
"321",1.10479585620351,0.534028115075511,0.458433403821811
"322",0.550443975409917,0.17840144390148,0.719733210076417
"323",1.18423583292606,0.556489897403338,0.405504099936715
"324",1.23169603003533,0.522244786308151,0.370298553151671
"325",1.24574158918066,0.823443426178828,0.37336942194132
"326",0.995412070506815,0.522585036290119,0.546715814887607
"327",1.02325477546116,0.875234148015461,0.389466124426514
"328",1.25984251968504,0.675531914893617,0.37007874015748
"329",1.32858862610276,0.597313705484432,0.362481465401749
"330",0.671845206417765,0.515032188730943,0.625921377272959
"331",2.05122185367244,1,0.129362540886061
"332",0.534121317806857,0.29771016923967,0.709084249560536
"333",0.941539677301906,0.598392417537631,0.458885242929939
"334",1.24196588760223,0.854654505844872,0.346333743367249
"335",0.894063018031308,0.581313369797784,0.541975912893797
"336",0.442295370794561,0.257294124050098,0.805669872234376
"337",1.28288586657812,0.0799759375895757,0.374811955858618
"338",1.492264205367,0.654051804888149,0.221156469015138
"339",0.575058603462636,0.496934402841257,0.690162390375735
"340",0.425715925716161,0.219395127966796,0.772100682164796
"341",0.653007361120398,0.161713337838668,0.690810908560418
"342",0.899581694056962,0.804272814492152,0.557292473397164
"343",1.24466660767616,0.954088414886076,0.266116386983396
"344",1.04952407357587,0.513034995932775,0.467786980945297
"345",0.97794742951266,0.646106954830666,0.539572773299124
"346",0.30101617561434,0.340845470482126,0.853305957302953
"347",0.385354715624657,0.234737612406441,0.77903972727944
"348",0.367432693753641,0.521192231054663,0.820939233063528
"349",0.430698773560797,0.245182959605279,0.796070656457956
"350",0.491230728791144,0.215377405766859,0.767849372026869
"351",1.24520423045654,0.534463838375711,0.44999813142379
"352",0.505875996104941,0.203607209658221,0.754429128104397
"353",1.48724011149171,0.889518349797333,0.116840788900407
"354",0.913588767142163,0.454034323260729,0.559078780336794
"355",1.21746106553964,0.531831923370903,0.399674030798992
"356",1.11767403466936,0.0966292466765142,0.482558317282706
"357",0.784910177746642,0.472093744474801,0.586017838741222
"358",1.16909759482569,0.613034440656229,0.42578703594023
"359",0.380603742897772,0.454646657702187,0.818760122429632
"360",0.550935844599685,0.473937571223157,0.734104322104399
"361",1.49348763309769,0.954863274050856,0.295524701369015
"362",1.39942919806598,0.833529060608596,0.250840900392943
"363",1.08817963710543,0.502227115207288,0.513336477144264
"364",0.993547595236681,0.594762633656285,0.557242604618235
"365",1.16983255877208,0.789872997244281,0.431015292426033
"366",0.985823922793457,0.688908240522637,0.522372130429526
"367",1.12204837101127,0.746301428887042,0.399331707167413
"368",0.433731128847298,0.22041304771938,0.773153175289071
"369",0.927960260313607,0.482075097620678,0.51869281104066
"370",1.00527864449504,0.564055009016812,0.514826909027489
"371",0.468184856037842,0.511639526221733,0.779158086774603
"372",0.462371589172288,0.200704373220953,0.750877376523551
"373",1.15217078165149,0.867585661176796,0.29401300143904
"374",0.738731428406523,0.385059542777185,0.644156344698206
"375",0.313865526665636,0.308412335143522,0.837879376722296
"376",0.405304114065697,0.265271773090118,0.788020860844301
"377",1.52747323248901,0.97291879707446,0.246808070764788
"378",1.42070094242481,0.841330704088527,0.314333521995748
"379",0.824564747065587,0.460701901904718,0.571432044144706
"380",0.810277480652265,0.617522684681251,0.601241397316799
"381",1.1138062809343,0.607082562017625,0.449700454083845
"382",1.46312388591852,0.877717716070306,0.221742613873129
"383",0.737370775196356,0.401961847395494,0.603564099356798
"384",0.797059074244352,0.653646715271814,0.584865065497734
"385",1.31605623526865,0.56132220836463,0.304410023642361
"386",1.30852258524894,0.278652722442975,0.314191517165124
"387",1.17048430152254,0.580148094143742,0.466019935436796
"388",1.17946017775114,0.386819217077351,0.407901517193204
"389",0.46257397300537,0.360070067042429,0.772802567286164
"390",1.59441410217803,0.75685092321128,0.23639171351627
"391",0.663985728893795,0.256180586447391,0.666673830876609
"392",0.359523135414671,0.272027000118361,0.816194716045669
"393",0.813743070240945,0.379299120529838,0.497689462814232
"394",0.311600608754209,0.325416565793633,0.846350784637964
"395",1.20739408708593,0.774323217499609,0.393878470338391
"396",0.831244870602879,0.333854839182518,0.577619476319675
"397",0.615730655572026,0.14356926880289,0.65173605454071
"398",0.458157472045538,0.213463723648011,0.765768163575901
"399",0.469889558760596,0.229841242450388,0.782458537610835
"400",0.337514907708907,0.26843258751148,0.813733494641883
"401",0.606484208828299,0.147406970698737,0.660803015196701
"402",0.987707162448885,0.54822971502176,0.486638688955881
"403",1.79435526679665,1,0.0595622291422183
"404",1.46810343714091,0.838596961459038,0.361694157764822
"405",1.11966452226067,0.499445864415726,0.465808911135179
"406",1.3861985472155,0.55492106147128,0.306900726392252
"407",1.52174633783512,0.729177597516734,0.301951221176549
"408",0.990998191584912,0.558885094385213,0.524473036667509
"409",1.53139980579493,0.717197170806067,0.260907429635652
"410",1.15715018672325,0.231798470192793,0.463288410610737
"411",0.945582500740034,0.329155774996971,0.530961061140857
"412",1.39519787545724,0.714276397463828,0.314735817555385
"413",0.935118799454452,0.488534349142331,0.513971517955067
"414",0.777978432725782,0.257814308636328,0.628827083623196
"415",0.423769213734034,0.251552015920875,0.801233952282348
"416",0.867887309875811,0.340631684527404,0.573729219117971
"417",1.60127628109988,0.494429967064503,0.176298209310764
"418",1.00874726086059,0.606420772078426,0.487425172326934
"419",1.51228103129665,0.772301867228634,0.277112317735827
"420",0.989021908313401,0.626150464329811,0.483809024888622
"421",1.32824621105851,1,0.318148762290292
"422",1.49588353908828,0.703576016632925,0.273842942190155
"423",1.26034224696191,0.661875667714409,0.388183375261211
"424",1.45877048045672,0.821394303314182,0.257245172883546
"425",1.32135699251958,0.709533029410477,0.357316637879583
"426",1.60153338060397,0.686781657740321,0.285029740801798
"427",1.23851672549352,0.688369117665927,0.425548828620815
"428",1.05830547567989,0.395873717315337,0.448799231416722
"429",0.692815059041658,0.303389482659529,0.630695597525769
"430",1.11039383397886,0.928718551486876,0.460973867000554
"431",1.66370835025722,0.926486085154719,0.128035455840029
"432",0.974095648649305,0.538438140187175,0.523436571110907
"433",1.63383491450342,0.977293903445801,0.181445433615523
"434",1.46347359505465,0.828709611404459,0.295051254790631
"435",1.11264558143856,0.443098514667612,0.442562333948616
"436",0.625181262552081,0.430876656549629,0.68037767763186
"437",1.5207554281615,0.85067911169745,0.175295320953632
"438",1.61133008273784,1,0.128068137046622
"439",1.28858775946563,0.620067631952875,0.350510201882242
"440",0.594413408928444,0.172607142535627,0.710324849450076
"441",1.15984229771054,0.582729231763492,0.445582075664177
"442",1.23298558866728,0.638105222348728,0.435446159035128
"443",0.392298049274993,0.264959231668677,0.794393055935538
"444",1.03785875042436,0.838191357911119,0.491245710576293
"445",0.285764543557252,0.337340660951126,0.851781875748313
"446",0.75428716645253,0.513904839946743,0.564499326528562
"447",1.21376756034493,0.535323678423124,0.400312470185313
"448",0.807322429371286,0.124609445173404,0.59874630746954
"449",1.14470179862853,0.628681724304584,0.376524074821062
"450",0.435351447907147,0.206270130561626,0.757599416532768
"451",1.48849488773038,0.740817811622683,0.187502790540186
"452",1.14852033840683,0.945835183979905,0.412821912879945
"453",1.26671085489336,0.779347260166887,0.331903557545698
"454",1.1518600569892,0.560055047156749,0.445154115130445
"455",0.685565760467698,0.398488615474463,0.690629169464035
"456",1.01896496787697,0.75492002527958,0.499526047211706
"457",0.701984439084081,0.425701539827364,0.641112249957013
"458",1.31606580347031,0.754836206998055,0.36483310643325
"459",1.58907862835959,1,0.189245597775718
"460",0.695703639796105,0.522813259928372,0.646492052949134
"461",0.329505256387499,0.31987350112573,0.84368820854483
"462",1.30020067302455,0.780830098380138,0.358875407778822
"463",1.29557955121904,0.614379970838993,0.387722329291567
"464",1.2311829914742,0.524129100720466,0.323525828860328
"465",0.663553328711265,0.149498157431692,0.665547717383435
"466",1.73490513544246,1,0.162690571697653
"467",1.03755622676655,0.633949245510502,0.464072196918102
"468",1.48347534014605,0.671323564518203,0.255283463782105
"469",0.825576083214403,0.554789683737944,0.597672474067055
"470",0.971334548801979,0.510638730390566,0.518187227776796
"471",1.22062074286277,0.849347019055003,0.320367069675517
"472",0.702501039206693,0.308139247126507,0.644483279753698
"473",1.16275702305064,0.854838887936694,0.348230368245157
"474",0.456661814751983,0.205403642191857,0.756576857808112
"475",0.996032010670835,0.492404211522024,0.474666661038589
"476",0.447824713806952,0.257690110532279,0.805968494884336
"477",0.711079052537361,0.38005603335454,0.675602622017627
"478",0.689387681502044,0.62198685860665,0.658041824651764
"479",0.679902011243218,0.452943736902991,0.676237137503229
"480",1.06138987453993,0.629777006562156,0.450626358933786
"481",1.50540860009656,0.813063114127033,0.257688067013532
"482",1.25567853360601,0.700389866662584,0.314585953271828
"483",0.353899790542562,0.283130995489949,0.823403298132454
"484",1.53543839027483,0.8943668920577,0.270228901960633
"485",1.04325609335682,0.621064074837183,0.424251604107713
"486",1.23420576406906,0.456928416653291,0.484889080104731
"487",1.44224355713026,0.632055610897144,0.29023446991621
"488",1.1488407368319,0.78358674931137,0.384988898912258
"489",1.39327392524892,0.821221193249056,0.24606389326357
"490",1.49357519563123,0.605135544472661,0.321102183803987
"491",0.606548974127687,0.164207680250784,0.695507543108591
"492",0.959226115757369,0.449102927470821,0.505553548578676
"493",1.20652563339191,0.51529036447833,0.445530499360334
"494",0.604496521599299,0.561666881364625,0.667127466079681
"495",0.48053461285904,0.193118242716934,0.741091264623363
"496",0.459834456214387,0.223123775553186,0.775909134398447
"497",0.675855423664015,0.324675071043248,0.679385472645154
"498",1.04395671719699,0.654715636998872,0.465186107993348
"499",1.64830991482112,1,0.159025553662692
"500",1.02762609166232,0.598625378495707,0.49724750897147
"501",0.337315626530575,0.284007002537478,0.823948002854606
"502",0.874480369784514,0.606777461349176,0.537801073052582
"503",0.455019740380449,0.199112240546417,0.748885352990922
"504",0.352791864217696,0.290823033086412,0.828074140244787
"505",1.1802859878981,0.711934519778924,0.413376745577483
"506",1.22931100888676,0.700419181682609,0.402086085171811
"507",0.898712847407968,0.26731969761656,0.553323634489081
"508",1.08170645069614,0.64202065415088,0.442419355311269
"509",0.527463233722458,0.490997078243361,0.720623287223274
"510",1.30884262562682,0.754373014807711,0.311135460196411
"511",0.562883822234739,0.186894694507899,0.732469666238241
"512",1.54083063502354,1,0.192436774096679
"513",0.850585712383858,0.672473306747565,0.56691155173938
"514",0.576686564541488,0.280321253923751,0.744828953742704
"515",0.583622227187479,0.195126639663388,0.731297317132837
"516",0.687717854731556,0.345856015337922,0.6588701117403
"517",1.52872523640076,0.72794581311368,0.223208721341077
"518",1.13033499422933,0.787260444453296,0.348885371987714
"519",0.433966752782712,0.391944244007392,0.773975649592337
"520",1.20950860356689,0.663039234152622,0.349726557222103
"521",1.59603928867113,1,0.220683941078552
"522",1.57874210929897,0.923262146469951,0.269100875324551
"523",0.402028772295521,0.280576933227764,0.821795756961205
"524",1.07871680283894,0.652827613072117,0.407298459978606
"525",1.00016625850268,0.556678718298926,0.562098836032103
"526",0.763619763617963,0.550948176738316,0.64842552319615
"527",1.24056488401047,0.726714401153939,0.433014221201798
"528",1.08714936443444,0.540306855103309,0.427816123981872
"529",1.16953023962312,0.542686249465621,0.412886425892006
"530",1.48798762438449,1,0.251515279484664
"531",0.48700824605014,0.178231068373047,0.719465296054067
"532",1.57854873020323,0.690567910597991,0.321929239603425
"533",1.75000185663774,0.658618294421205,0.248280989416778
"534",1.01777561183454,0.564634091060155,0.485971913214879
"535",0.421397368045601,0.236356483340024,0.788455136523293
"536",1.20611518266167,0.601013666105964,0.387136594175979
"537",1.10103586993163,0.395360455765765,0.424144419491825
"538",0.657314161241393,0.136008023668866,0.632374630178192
"539",0.860028309115454,0.401747510443378,0.575084827512127
"540",1.71765202028339,0.946688538984305,0.207725082895113
"541",0.821052601739042,0.465596947269485,0.519290045820233
"542",1.03089797357946,0.26856217019089,0.515555463543486
"543",0.465329857351305,0.216620529303152,0.769181618377329
"544",1.27175529120595,0.709890823973253,0.39440224228288
"545",1.23873930377663,0.487958967363792,0.399835608635356
"546",1.37035200698553,0.54310297816934,0.296533877317491
"547",1.62167010122787,0.575394031860841,0.227776142272444
"548",0.339490141926821,0.318713230922985,0.843119158074482
"549",1.02689858582476,0.508970234228725,0.415205816728496
"550",0.562523925140808,0.408296583221159,0.762045716945513
"551",0.888252280422817,0.511306139785393,0.60203750877114
"552",1.57102277357756,0.690704982165206,0.169649696840614
"553",0.439214160834696,0.229956155803484,0.782567247111537
"554",0.96635965841863,0.419605465232763,0.595326776206604
"555",0.843275837966332,0.568892885202565,0.573240972689103
"556",0.263691735707915,0.343583008988783,0.854474759543093
"557",1.33078731512437,0.812743699782703,0.331934078752825
"558",1.00332825468673,0.507796153320818,0.46857613628881
"559",1.41843504094766,0.65276042227453,0.350533406159495
"560",0.79736369153802,0.522674821904042,0.560923077346906
"561",0.343544024010267,0.234613308242531,0.78688335979512
"562",1.15236557454358,0.605438487638788,0.340751959643259
"563",1.4653828552797,0.689556615360388,0.327806029688212
"564",0.953715426774627,0.594009899820168,0.540599505407212
"565",0.461751724979572,0.51916243932733,0.773206421915731
"566",0.726436683320916,0.122515839361437,0.591889503752295
"567",0.552728964669547,0.172236314876164,0.709701174018095
"568",1.73995929452627,0.674612426037919,0.148747898959753
"569",1.37831557630581,0.798324738697753,0.366582915300641
"570",0.655174492806351,0.419913866332503,0.676935654434738
"571",1.38178200512664,0.971891644335935,0.34450569016763
"572",0.466082546631194,0.327091316365645,0.760737912406985
"573",1.1484254065108,0.56828081286279,0.393009827425579
"574",1.43732065283037,0.767804595367544,0.316862807590127
"575",0.565581935928053,0.385395576950395,0.700433296648277
"576",0.339768657511267,0.31433152422677,0.840932276446036
"577",1.07821768522819,0.552607369965709,0.498969477124448
"578",0.465524865135749,0.206218844984803,0.757539132741797
"579",1.21183550564621,0.768812146233663,0.349873655769203
"580",0.395753413826899,0.430223506567671,0.790384844371346
"581",0.372074050866752,0.26392595713472,0.810552927257254
"582",1.39763030069848,0.641507358699441,0.362394935812738
"583",1.44898392009359,0.712852131777524,0.343757282566308
"584",1.53142424779011,0.717128730654212,0.218661098066272
"585",1.10918520240306,0.546320177826426,0.460513033850651
"586",0.958729949784243,0.679002035718011,0.464994447665043
"587",1.68433727214237,0.849192125007426,0.147602595069648
"588",2.03592443607149,1,0.102326086388233
"589",1.09649395537487,0.74843708142154,0.455022885002548
"590",1.06824342984195,0.37384156606748,0.418168066534888
"591",1.67841629081447,0.516084714744804,0.245316416000686
"592",0.363833007119197,0.244617718179819,0.795599434202698
"593",1.13093077449976,0.69417337708317,0.407268986111239
"594",1.49181411039809,0.784920993566165,0.306777829740663
"595",0.80269209160768,0.124331609895539,0.597849653503165
"596",0.297111894950625,0.324456885228443,0.845896320046356
"597",1.04761366230441,0.518405258906334,0.478280048653182
"598",0.974709264050324,0.540478472764496,0.481537625505147
"599",1.36902156963842,0.7582203394422,0.304358958517062
"600",1.45728007221617,0.556794532351686,0.360842073589399
"601",0.563864883882023,0.534086567375958,0.727338063886836
"602",1.29401135208192,0.46965667220011,0.296732960825046
"603",0.56717355904767,0.286830545655704,0.756368746113544
"604",0.682276772715737,0.323439056304741,0.619265193797022
"605",0.410412287004009,0.266561220178409,0.812425828608771
"606",1.13481814240246,0.631733408290905,0.463696530055547
"607",1.48908907534053,0.815095148882971,0.222813634999723
"608",1.22820033908964,0.768946948511322,0.409519067745365
"609",1.43342573512672,0.877368856177204,0.220964274387654
"610",1.20632962620077,0.605765090725754,0.408661947940797
"611",0.557827466465509,0.423400990860268,0.681605327359869
"612",0.968817524616328,0.583855964010765,0.550641222348642
"613",0.584264009216248,0.298267928613593,0.731988986598052
"614",0.875610299444195,0.379761077833681,0.542044822466425
"615",1.47715028015026,0.500540118832123,0.305850432260217
"616",0.756337001389447,0.423238958644889,0.673992671814894
"617",0.856136879729441,0.53137348838674,0.553164467782129
"618",1.07488434409843,0.439477123047129,0.517556398519556
"619",1.15326696844134,0.655338448313643,0.488800102641251
"620",1.11859477700245,0.547018615573533,0.475330780017611
"621",1.35191049291818,0.616245052903453,0.343732770428069
"622",0.899555874339143,0.541838498499818,0.562472823765008
"623",1.25267676886135,0.643694453619253,0.293071800868312
"624",0.385547579967896,0.381353261965195,0.810262017732335
"625",1.5216609832441,0.675737348013039,0.237644797973898
"626",1.65182496114896,0.644487177557046,0.275515367917122
"627",1.62681018403961,0.915373480613073,0.199404436988381
"628",0.419512894672035,0.267453042385539,0.813051294709431
"629",0.705918742930008,0.472988816667678,0.634617627883019
"630",0.851727179031534,0.34298131464886,0.573282976437107
"631",1.32781625294245,0.836229848696754,0.326665186134661
"632",0.51926795241949,0.189112383197239,0.735606948869913
"633",1.22632304660778,0.597631339953179,0.396494563677273
"634",1.55505057198018,1,0.256667986625152
"635",1.18204992499375,0.717608393298508,0.44347931968279
"636",1.21939676798482,0.677517034460063,0.489364837527296
"637",0.643959708784579,0.165848885486293,0.698520735587745
"638",0.840577932275728,0.246648214016849,0.629374809402236
"639",1.30898120670293,0.527805194536329,0.395110348104006
"640",1.17635714716243,0.24154881130854,0.446159535234263
"641",1.39157098824494,1,0.334813103133392
"642",0.498923701764217,0.280873951690455,0.759206707642753
"643",1.52812249808387,0.716822198256358,0.312894560214088
"644",1.40588703655743,0.769219211244633,0.269289482038757
"645",1.21070155202847,0.656390849428042,0.439490022209043
"646",1.17028027682366,0.728118309425497,0.349844290653521
"647",1.23463293589596,0.655014803604957,0.399497599272392
"648",1.4474743932171,0.790053634340833,0.211615254239051
"649",0.903158434012435,0.53776484583214,0.518572263319597
"650",1.22723771102543,0.748409808781742,0.258914425709282
"651",1.35495083539004,0.591482777465454,0.412932913609167
"652",1.49550156246768,0.580308326964029,0.297226709366693
"653",1.61685514985087,1,0.274301997373936
"654",0.718587490695562,0.248310395137054,0.639263307883754
"655",1.03117984516406,0.668412553150528,0.523484359905703
"656",0.563401593938914,0.301542473237146,0.716027422409821
"657",1.30465923832079,0.927891093395175,0.382263618219325
"658",1.52106340210129,0.661227787243701,0.32216425931315
"659",0.488895825462367,0.211087914081492,0.763131867508543
"660",1.12211080967583,0.712741721475538,0.449945681531454
"661",1.19549993522532,0.758150969803549,0.351681163109913
"662",0.423627979019256,0.207729433272395,0.75930228464815
"663",0.348884994230738,0.305544812080681,0.836357882630986
"664",1.4129139825441,0.598672966730336,0.333531140309388
"665",1.77116376140815,0.959052958775751,0.135173944624926
"666",1.26374576633566,0.389514978734953,0.330643132237468
"667",1.32617538520817,0.909636965568749,0.377966517256957
"668",1.12907470493748,0.506668229233318,0.414380339762718
"669",1.15451988056484,0.483014516507225,0.351393325525368
"670",0.662399755911667,0.390471950420248,0.649894420765504
"671",1.20294917298068,0.778995524021429,0.381198985092244
"672",1.38743966926243,0.864203857065218,0.297854418389457
"673",1.20875231422221,0.593856339428907,0.334387492168389
"674",0.546133475622593,0.336227432980932,0.733333263856156
"675",1.19967842533741,0.545161142901838,0.408442591056506
"676",1.18596709385935,0.56334801318278,0.415203602633458
"677",0.765883766194042,0.506836181036157,0.616290698299578
"678",0.54220948108589,0.246077944303028,0.731046884381999
"679",0.518684267761204,0.20282088071434,0.753477059048857
"680",0.547178021892749,0.268337891583459,0.739439037193929
"681",1.43737432455299,0.72752384708444,0.272583843849703
"682",0.436939436634016,0.319138278123938,0.82324456446844
"683",0.801223818752616,0.132547232763671,0.62277597987165
"684",1.16734142045031,0.724107229654636,0.264898349842372
"685",1.55369123386272,0.595777716485275,0.28598748443809
"686",0.487540213450442,0.194855721393035,0.743399887657662
"687",1.95568526709763,1,-0.0249922783530551
"688",1.69345352508131,1,0.0856082477962691
"689",1.20103434575462,0.446596831573622,0.411257673649694
"690",1.17462719018362,0.764185201988841,0.369835198399343
"691",1.09731849262228,0.682335641501839,0.4446768762033
"692",1.32985291335468,1,0.27567924109222
"693",1.22363743226114,0.525911578834077,0.401351549774395
"694",1.26810080230729,0.798921158674582,0.277846923515209
"695",1.02515029833927,0.208420081166301,0.513685816727101
"696",0.336344211489314,0.322974043794847,0.826983430303851
"697",0.976761638309804,0.501484966496076,0.490207913199476
"698",1.1069882500818,0.527942996374265,0.440915025211214
"699",1.51006219441517,0.771008562864043,0.276790136774346
"700",0.75150427923362,0.378119022420906,0.639393340099031
"701",1.17758474871605,0.834935432357069,0.413553411994001
"702",0.55058479706988,0.42251196539453,0.735295770639481
"703",0.328658526216229,0.28966234680115,0.82738522782761
"704",1.12358976298784,0.802842888365494,0.424390490272624
"705",0.532376733809952,0.332323919802443,0.735924239181572
"706",1.34316744276728,0.810839862320881,0.347976969530448
"707",1.09509216745604,0.679927911634851,0.418740887762188
"708",1.61453008251465,1,0.0847335133136924
"709",0.341777234650622,0.314239771147393,0.840885831168239
"710",1.20847582004668,0.747077046446178,0.431037749507213
"711",1.05103005842521,0.561810396550866,0.408203795931749
"712",0.987548870304573,0.66496270041285,0.492001609925631
"713",1.27001159657215,0.784012283034577,0.445893718773059
"714",1.27839404712389,0.622762343660821,0.448016387252206
"715",0.857112442444479,0.384078356890496,0.569722669455583
"716",1.07574604014885,0.661629934179588,0.422883025671217
"717",0.431303010933559,0.280181701830368,0.788161585985482
"718",1.29931767840225,0.795770223675592,0.38595572854336
"719",1.55537369631092,0.885479058783043,0.211270945075597
"720",0.640557174440869,0.40604683961902,0.621420109668517
"721",0.611026429691254,0.450887059486992,0.692022968905618
"722",0.687603047470365,0.545866994713356,0.628724056441487
"723",1.22055547162188,0.791244767463835,0.273478885939355
"724",0.54502305592059,0.175038466655069,0.714348503186274
"725",1.20320489413783,0.737111997270461,0.355886030975465
"726",1.17632808108329,0.664397001792428,0.357899519059341
"727",1.11638801762056,0.421476857310511,0.477346433698238
"728",1.12520652733185,0.505171104432765,0.425915037075585
"729",0.962046325775426,0.749311591475062,0.49472356839526
"730",0.891264079381036,0.451946950906209,0.57396554522895
"731",1.01550701102741,0.720856811966755,0.486079447860621
"732",1.21589355633775,0.601183021899887,0.430761443662101
"733",1.24727332993976,0.718227522828008,0.401500321526028
"734",1.5066828395068,0.828510979148271,0.218525498181119
"735",1.07133181645504,0.60028402453079,0.51741810069593
"736",0.44373547496433,0.210485762959358,0.762454242524448
"737",0.408804552969235,0.241680282869637,0.793115104772655
"738",0.885911697068129,0.628458853775904,0.59136914341876
"739",0.254944286406568,0.414992630316403,0.87951593270011
"740",0.677843711579269,0.169065520624216,0.704256670340633
"741",1.4826525134732,0.892310552352724,0.252695305709074
"742",1.63208046945564,1,0.188826804445505
"743",0.422996960115513,0.418775700988757,0.790595564299251
"744",1.14934795870798,0.734386341637183,0.328651893278047
"745",0.979571561713981,0.729950819803768,0.474478775904517
"746",0.442502136691182,0.367045643757394,0.780504892514295
"747",0.967402116186845,0.611888554137196,0.520137839193033
"748",0.636647711775134,0.164612230691588,0.696255862702703
"749",0.499855476924561,0.226865574621111,0.779605168904515
"750",1.22600514171606,0.614953174409408,0.34786960547018
"751",1.10116780586462,0.577019902265232,0.415516026611136
"752",0.942371593129777,0.667186710070769,0.492256684736112
"753",0.322144334148428,0.307936503872496,0.837628863836477
"754",0.414356803884145,0.246164655784244,0.796883919664635
"755",1.23434986946367,0.461427582981857,0.431698955127224
"756",1.22303166652864,0.639672134095219,0.440003815692013
"757",0.330495541341413,0.306812005960621,0.837033756735004
"758",1.44358994329383,0.55692903944843,0.341427945577634
"759",1.09072447728766,0.799878741726075,0.430728352146313
"760",0.439947951856378,0.220480626380245,0.773222705228671
"761",0.603245537978926,0.302834539259669,0.654893856991461
"762",0.382348918840888,0.240617915904936,0.792201674542996
"763",1.29200388108946,0.82854770242793,0.381224194880528
"764",0.661051945229299,0.158837744533947,0.68521335941462
"765",0.365070999072944,0.276110675063126,0.818913194904294
"766",1.04362089414171,0.844057457920989,0.446061096527757
"767",1.06233446088499,0.671458442442038,0.475131195214925
"768",1.24009728978457,0.856165402350141,0.379951355107714
"769",0.343928338416151,0.259356354323059,0.80721505694162
"770",1.15663970543148,0.745560886205628,0.379485136571092
"771",1.58796464086172,0.958164974475201,0.183145760873601
"772",1.38481120202321,0.814603747265805,0.344312877829919
"773",1.43482949747207,0.933908747497193,0.211632144246115
"774",1.6160985782564,0.387893919119575,0.281094938498044
"775",1.49101954994264,1,0.191421068360825
"776",1.27348543283192,0.882125756129886,0.319719320068418
"777",1.37807464473268,1,0.230985131287565
"778",1.05210740942757,0.485119659996522,0.469703926699813
"779",0.374420519891482,0.275625919300338,0.818594709354902
"780",1.02432415400663,0.62777766499566,0.475243773562177
"781",1.04676305078211,0.510381582710454,0.550359514268853
"782",0.792867247117922,0.280496587399163,0.58961322612944
"783",1.25412457127226,0.504673951841192,0.40506424512701
"784",0.971785097564029,0.636217068916737,0.520816026842195
"785",1.66757524182567,1,0.214889245844787
"786",0.901802039281698,0.587131929390517,0.577808034044149
"787",1.33333962919905,0.94294843919571,0.269002396272451
"788",1.62383302114725,0.942272950454428,0.207112782642945
"789",1.11668722755592,0.894825903496164,0.411029943272193
"790",1.27389997506592,0.679555160983296,0.348721894138079
"791",1.02850949968751,0.434078427358271,0.517584662435502
"792",1.11029864514274,0.755515648794449,0.44037366676273
"793",1.37609361188618,0.653300067190122,0.347204168934448
"794",1.21479156837001,0.79357603703702,0.342645255211035
"795",1.00040389788846,0.448192777863987,0.517179585961166
"796",0.629543141087193,0.508689403242708,0.716932040878061
"797",0.879318889850248,0.756348441729445,0.491134901707032
"798",1.10617704513781,0.428208111615632,0.427444593613973
"799",0.394271272114575,0.228269230769231,0.780960404380792
"800",0.761045742108045,0.496497082646293,0.597755950260018
"801",1.07879513395294,0.818577343758056,0.439295668423627
"802",1.47057547540907,0.881480727616326,0.283345284888368
"803",0.765135057514312,0.434772650358443,0.62419692656468
"804",1.46239454989908,0.909926829815767,0.201749699836745
"805",1.44423649190997,0.856807365988749,0.220174680394185
"806",1.41435654082261,1,0.236308563270731
"807",0.338632098931467,0.288809006318662,0.826875205045262
"808",1.58323362785661,1,0.197143190742083
"809",0.421893739035567,0.342494256532178,0.729555295490021
"810",1.0702160351797,0.624879670458306,0.475384296480541
"811",1.68632553788587,1,0.196987839101965
"812",0.626838205713133,0.339524338481329,0.674876449318914
"813",0.825577815862731,0.769960187390172,0.61421597389592
"814",1.33180024571299,0.765555262428602,0.378824512260733
"815",1.25178470596327,0.504688946111657,0.325547033424964
"816",1.08138902282407,0.799088878373581,0.409722149113497
"817",1.28419326622213,0.835992849617989,0.386140886127087
"818",1.33673161003725,0.583144254540592,0.312380859034339
"819",0.475037033245619,0.196195230008122,0.745151806198702
"820",0.779422129372101,0.629228239573029,0.623103419065715
"821",0.536345839388418,0.208447594424305,0.760131556624142
"822",0.293753989405631,0.337016699587,0.851639399290085
"823",0.915675781763247,0.500810942103369,0.521090072299557
"824",0.381622337467373,0.279857831983252,0.82133785699093
"825",1.02358642989293,0.465358787312892,0.453212377193948
"826",1.18224695424058,0.496909705395139,0.421601294402846
"827",0.861835806287933,0.349092979670315,0.572502080214319
"828",0.779127821665188,0.369895298606617,0.596724729986962
"829",0.35606363299673,0.292644320687917,0.829144130039956
"830",0.687210381550434,0.374756193620784,0.654320733626542
"831",1.03687321327272,0.231884824416726,0.476326659963275
"832",1.06443691736477,0.600007580866313,0.470955806478743
"833",1.21314216487518,0.632676974698501,0.432049548279411
"834",1.55210150186889,0.864395961709158,0.285404465069573
"835",1.34023552064847,0.572715647499428,0.358124750647282
"836",1.21987035615387,0.611136184699799,0.472374413428255
"837",1.67485245124119,0.604317703241201,0.258914844583542
"838",0.608002238083887,0.395606475166986,0.699008793027778
"839",0.732761754878891,0.50446896897056,0.57594805851916
"840",1.02506905883621,0.0967739677096731,0.483332127602718
"841",0.453301802071485,0.209573400250941,0.761420104172903
"842",1.2570088891202,0.754545047761493,0.377718371722673
"843",1.12591108880111,0.563928070120526,0.398551768802824
"844",1.58545874162704,0.961303376124336,0.128868823281847
"845",1.61534310035858,0.775021064006964,0.118262499804266
"846",1.39275972361435,0.873849973423041,0.331689192123634
"847",1.22667227596693,0.452370648614864,0.365076461714841
"848",0.739065951531349,0.621248238453531,0.650063469918869
"849",1.48981736794517,1,0.250594885339453
"850",1.11917884928647,0.933704576427055,0.463994803981574
"851",1.33684397677697,0.593603261279797,0.299348020557143
"852",0.391554224472345,0.226277727227683,0.77903260469958
"853",1.39937264739208,0.921830604554632,0.0720340534535275
"854",0.361339871391186,0.285603688302296,0.824932232853108
"855",1.45446187297614,0.962669451069715,0.266904297895089
"856",0.382030741651686,0.27065884685865,0.815265598814466
"857",1.6486824079786,0.932998930836641,0.214913139057812
"858",0.467437352003864,0.494147708878932,0.775270503844297
"859",1.02550897320923,0.383350281232404,0.523462373044037
"860",0.399974123591876,0.254516464929803,0.803549055210277
"861",0.838314704007648,0.74435277933156,0.550260351927227
"862",0.890127712236135,0.420212543152891,0.591684535671497
"863",1.07205987609245,0.558834422764421,0.421133976191984
"864",1.62495289427951,0.8979870828553,0.253238559614198
"865",1.53318654492662,0.915611792941607,0.242496766340602
"866",1.19662705487831,0.633627592651028,0.393191148641831
"867",1.40708150134957,0.708760157278177,0.280633179269136
"868",0.422869155263367,0.243574161695124,0.794723711037201
"869",0.7919752722502,0.582860559379986,0.60637411915994
"870",0.938408547894032,0.641751989939805,0.520241028684032
"871",0.748314561857599,0.569229240088405,0.618206856195103
"872",1.0165878335003,0.580412360696386,0.454620260997693
"873",0.536430015506309,0.184553431273898,0.729075749744288
"874",0.648865055492122,0.524249233471038,0.670960925206835
"875",0.251220594762539,0.398056537102474,0.874389702618731
"876",0.34531059683313,0.304074074074074,0.835566382460414
"877",1.24421267605474,0.485712215323707,0.414212487733172
"878",1.23915774037926,0.918523198875898,0.347811715589864
"879",0.890480353501459,0.729548957267618,0.567727983737155
"880",1.12016463899757,0.543321793864257,0.360636621576729
"881",1.31428862752536,0.857881904909269,0.340216552447109
"882",0.998058484919282,0.515517802539351,0.411522119740989
"883",0.554271014331893,0.527294692545153,0.720629529066586
"884",0.806115134204146,0.398019083919989,0.628175676105099
"885",1.45120414551112,0.74275366674919,0.265584946603685
"886",0.769546873450011,0.208775659405306,0.619789094145251
"887",0.337288163641094,0.277507514611746,0.819824698909672
"888",1.16422527126835,0.764439897859707,0.444549011799449
"889",1.60957002712218,0.712972506088213,0.278866475303683
"890",0.89357696499449,0.447407768075086,0.560247556597199
"891",0.805979782441489,0.662977622223988,0.612509719980053
"892",1.01080445839269,0.20582959086058,0.517745964507305
"893",0.704708989950812,0.370584207675489,0.623552889983541
"894",0.651060064254367,0.348868311011041,0.655158864272052
"895",1.09012181502795,0.822897606463716,0.443815400495944
"896",1.21882491315227,0.0792566667760028,0.369138243710005
"897",0.794895424943392,0.490246429416469,0.604135744550103
"898",0.603696978020581,0.170284105673452,0.706373065165087
"899",0.53905443078772,0.167701061037377,0.70185042544927
"900",0.932556444735125,0.686699134145349,0.480759217853494
"901",0.628899241255551,0.180951084903214,0.723682231434292
"902",1.27742341211601,0.704156342924298,0.362563167606783
"903",0.561188071325288,0.427710877000605,0.727578606152773
"904",0.423733243333024,0.244965439066155,0.795889574502397
"905",1.41048583437243,0.870267663320267,0.271443267369613
"906",1.21121781667809,0.501084629659282,0.390735504689089
"907",1.19892170659242,0.750131207481201,0.36091593465223
"908",0.952552102758009,0.546101426488929,0.528439553090094
"909",0.444111568954171,0.221115608925139,0.773873946561013
"910",1.39104009716091,0.809172369179437,0.261655999383803
"911",0.7085858499447,0.416753979179138,0.621481917764583
"912",1.59015731355048,0.771651901679009,0.226577182125252
"913",1.14114750517139,0.626842385163511,0.439514977813659
"914",1.51422933006158,0.819116956395695,0.239844713824509
"915",1.13821250337083,0.978607294344667,0.380058549362292
"916",1.20435347652067,0.577123661229138,0.370108014372035
"917",0.643261653256431,0.690788536547996,0.648874643418979
"918",0.637481454185778,0.160004654771141,0.687509091085403
"919",1.04907212992093,0.6588448122333,0.507014976540916
"920",0.69560009025518,0.394243258479313,0.646544669585783
"921",1.68034844495005,1,0.121156671051228
"922",1.3816008083866,0.838731589811303,0.286363218808574
"923",0.697109147115508,0.524098388155602,0.604813408664678
"924",0.988441489998362,0.525602689496374,0.502796031187946
"925",0.58993462023806,0.138659433085976,0.639404266358154
"926",1.5130817767791,0.688225331390651,0.232717151734735
"927",0.43846565637553,0.202068277667151,0.752558884663922
"928",0.385638239397166,0.281092456415765,0.82212258330389
"929",0.29686117771042,0.318667468510416,0.843096629117114
"930",0.335552452571428,0.385722075171328,0.803540718634995
"931",1.593123270509,0.58516212928169,0.262442930319906
"932",0.80810810810811,0.130923076923077,0.618096357226791
"933",0.712895574364801,0.424402403798266,0.617545292722746
"934",0.635017843700764,0.146452577549654,0.658592557150127
"935",1.06659518723409,0.566660508673706,0.522134772744583
"936",1.34221979841892,0.463639679256217,0.348436991058775
"937",1.02136208793296,0.316273049554066,0.42099654879084
"938",1.37391979421571,0.840387147932155,0.25492418968779
"939",1.510499490316,0.837673981726582,0.244750254841998
"940",1.44270149877706,1,0.214214869947137
"941",1.15846651809218,0.764171439981708,0.334214644774611
"942",0.386000160229802,0.263730460472851,0.81041249497554
"943",0.39466324384235,0.285535253282213,0.785974379695038
"944",1.51419509478865,0.837409116647315,0.260646926372731
"945",1.89762853509605,0.940560907435056,0.121468270788866
"946",0.95197325233505,0.73986284087131,0.495776879059825
"947",0.893220134284267,0.112626211768738,0.556053611190722
"948",1.46536213018166,0.80819343155476,0.284491147372238
"949",0.521567643358548,0.193646981913271,0.741798196357155
"950",1.38514749882247,0.577879497013248,0.311556909133962
"951",1.45676844114238,0.994822973131173,0.259772133565863
"952",1.0086853967871,0.546918663835289,0.481128911117745
"953",1.27444987119491,0.924886040880191,0.332049333755287
"954",0.383328274912151,0.301569196862643,0.834200573134883
"955",0.950994971426031,0.476658856046423,0.493073042949877
"956",1.13503860983998,0.515690463577549,0.440316267337286
"957",0.366392108035629,0.286578225068619,0.825527567602082
"958",0.430806492914611,0.252549582676705,0.80201907494733
"959",0.618562091023775,0.27716392361088,0.726783528699746
"960",1.5561181412677,0.928272158459449,0.223493941483182
"961",0.851379246150353,0.474084533327175,0.555647575078104
"962",1.14969496881497,1,0.354103950103948
"963",1.32647191719164,0.672665537002093,0.363497160656604
"964",0.874887058025042,0.510136833672558,0.573641784588186
"965",1.24104439829064,1,0.341271550801145
"966",1.14548051567344,0.618700911984705,0.484017785732685
"967",0.442508968918333,0.207905390539054,0.75950599515308
"968",0.727708313787959,0.683623178197068,0.617800255363467
"969",0.81270331194163,0.535167124377555,0.585355453091005
"970",1.81298686705048,1,0.1729074511631
"971",1.2466339078008,0.492852559901826,0.398342708590346
"972",1.1122797336594,0.420241493093531,0.437105397945649
"973",1.42874114798977,0.63003741151905,0.376639987788058
"974",1.126735606636,0.847959582968072,0.415593565022821
"975",0.545751338421472,0.320431748415859,0.675148012844362
"976",0.40830672127324,0.239525814551929,0.791254232477893
"977",1.43281812091155,0.473782680783933,0.326683213857354
"978",1.07788222383138,0.741932352654686,0.467449494154456
"979",1.60714661143939,0.645293784727026,0.209081392008176
"980",0.968580536032531,0.390815474441131,0.557321510039977
"981",0.733091187211283,0.288969727751603,0.631241857539596
"982",1.19420336689405,0.603172360116935,0.421413097435052
"983",0.455115736840722,0.394791392625129,0.786531080281087
"984",1.41987263362909,1,0.336508115126595
"985",1.27761163963919,0.785745634642221,0.314586030236487
"986",0.361989285751293,0.301113884555382,0.833949868921425
"987",0.911635241761684,0.551580018994175,0.535827269978776
"988",0.806589235923099,0.432426291930442,0.601487531658548
"989",1.00164328678211,0.634724736569594,0.505116953170895
"990",0.849075440778491,0.521348361687916,0.606909518158106
"991",0.800668101796497,0.406567519193404,0.602053627337725
"992",1.0359414759856,0.709601057898652,0.445427475382442
"993",1.3218142788488,0.910733729502764,0.346929704126086
"994",0.774357603145509,0.357443037263905,0.608910301441662
"995",1.78457151608371,0.938999661025933,0.20189109298582
"996",0.938343423085121,0.687454672678291,0.52608918026004
"997",1.73263648587338,1,0.205212621159002
"998",1.44947990849604,0.91488909697379,0.321404537220956
"999",0.434039386765115,0.223942810177734,0.776728710511772
"1000",0.740790862868837,0.3258637345407,0.646569244814486
