"","tau","beta","kappa"
"1",1.07516524104574,0.101436030691682,0.792238600764108
"2",0.945065834853018,0.108033848302995,0.802700243245716
"3",0.968980361818202,0.0758901707900395,0.808084697599881
"4",0.996832184239157,0.104227033136552,0.792153422802511
"5",1.2447768074452,0.0521948555236682,0.749592273698411
"6",0.970782569346545,0.0993535490763926,0.805998687180946
"7",0.955440194562778,0.102931204343366,0.817942036097032
"8",1.06097321880582,0.11744559844312,0.7831207647576
"9",0.930693357969673,0.0980447677320335,0.82373231856635
"10",1.18711519485462,0.037462029515408,0.773796647321909
"11",0.998780363173993,0.0895379145668355,0.789553231526761
"12",0.996390662609941,0.118489210129753,0.798749613692195
"13",1.0570249011642,0.114079775957941,0.789101176942498
"14",1.10664518466389,0.110396901095493,0.76829037172029
"15",1.06101668083922,0.104962017427672,0.790312908925055
"16",1.0541947563751,0.0641712070827257,0.784550427881648
"17",1.21687008844562,0.0946060079356582,0.747484937031413
"18",0.951055552687004,0.11058709832695,0.812784340022243
"19",1.24449864561732,0.0635784870766714,0.76053518460317
"20",0.992696658838212,0.0894689892609158,0.810119231285729
"21",1.11753660215286,0.0952124230948036,0.769056292177545
"22",0.862423603307424,0.1379092320728,0.815996670939316
"23",1.00190708640287,0.0887218929323784,0.800575818789237
"24",1.03739333312941,0.10377312993533,0.798603507449154
"25",1.18146003771455,0.059743791981885,0.75957264189773
"26",1.06204184939904,0.106124938250208,0.798397522893121
"27",1.01838394772542,0.0659409832786858,0.817624651195305
"28",0.839910744549256,0.124370829268151,0.818004172362025
"29",1.18719519839171,0.105394302932533,0.767262262616798
"30",1.10685567183161,0.0483857782643715,0.774064978193179
"31",0.844599149214839,0.10131752549676,0.83468405769919
"32",0.955281777166194,0.0802348673812524,0.807013782390668
"33",1.08196607921701,0.0803775963423543,0.771254528706764
"34",0.987951856750816,0.0894444528407069,0.809312515585637
"35",1.19295142449781,0.0875311527932189,0.754283949639997
"36",0.973194003914816,0.103589374751931,0.812811309114288
"37",0.952194816330906,0.0934417077770491,0.802326174728896
"38",1.09061278106206,0.0670822448352608,0.774387095353319
"39",0.773272987622083,0.0914452734503316,0.842574717503648
"40",1.16634060763069,0.129388725238232,0.768537287630345
"41",0.987169680731632,0.123497280617053,0.80181295307536
"42",1.08455242692285,0.0806559050229168,0.779965017869172
"43",1.13943592755588,0.0914104788368832,0.76769909733825
"44",0.979943484756655,0.0702508625749538,0.792955105692657
"45",0.877775632892439,0.109081049688823,0.809840634122089
"46",1.06785997544682,0.071311527833357,0.774760604208644
"47",0.868644726046641,0.120242951228378,0.840410669475172
"48",1.17370504358108,0.0804120089483618,0.761004878114218
"49",0.758938834911506,0.148552902645872,0.853373486299941
"50",1.00267235273295,0.115741842257245,0.800184863943214
"51",0.925336272239864,0.170420952681762,0.804285898426425
"52",0.870557278816342,0.138323618710729,0.827030145277898
"53",1.01432951795013,0.0679882404381752,0.795827391716963
"54",1.34570807662843,0.106386319464056,0.733100341803167
"55",0.879950574270086,0.11086118334593,0.825059527978114
"56",0.919385986669732,0.0810985600767938,0.803466013965427
"57",0.908941329242221,0.115037853938395,0.827819411016818
"58",0.844332645903378,0.124898084580611,0.827193482213799
"59",0.916120441102552,0.148250107432335,0.80989407738067
"60",0.945105965368497,0.0969607751520222,0.810524064681536
"61",1.09472457692678,0.107834665434652,0.771217434289074
"62",1.05204372764015,0.093030845997891,0.78789440974997
"63",1.51316071767906,0.0364219406624764,0.681975469172119
"64",0.978022232567384,0.082059445842958,0.805678078170597
"65",0.871191920103101,0.0867327073840436,0.818160734689397
"66",1.08874948068861,0.104757223852083,0.786435959064612
"67",0.937611498477277,0.106286763935607,0.815793418766743
"68",1.19424019699381,0.0640303583697623,0.760864998599558
"69",0.718558383929277,0.110047144131704,0.85954683660491
"70",1.18499216401871,0.101353128222263,0.740701933475117
"71",1.16399183690142,0.0730819641718087,0.767248182983119
"72",1.10652027607087,0.131093804215747,0.792592263154477
"73",0.865875027199258,0.121914541392892,0.81403027766339
"74",1.11672229210692,0.0663607425793503,0.786232333057635
"75",0.796879892900924,0.1183811431565,0.845296079809566
"76",1.34323393496259,0.072057480105836,0.724634289675567
"77",1.03066786031662,0.133835310492047,0.803420205928549
"78",1.17021406574731,0.0882199993314631,0.766331057159083
"79",1.05962678372148,0.125187256460459,0.796147213597253
"80",0.983526447510033,0.151936356648041,0.802742389187719
"81",1.18151855786339,0.0805593795806734,0.750629261742635
"82",1.08781237343364,0.108256455080526,0.792679174112132
"83",1.00763471254108,0.165558365535416,0.795653069855795
"84",1.2616374612098,0.0440876097944981,0.73862907370835
"85",1.01391062567342,0.091983249923048,0.785279410064926
"86",1.07634741808968,0.0637788846528816,0.778346907312668
"87",1.17322088241375,0.0577100276107153,0.766104289789922
"88",1.05773003979263,0.0866647435192551,0.798948861472605
"89",0.965785896052015,0.104518454776413,0.809884666131493
"90",1.05340757197831,0.106136901609736,0.785281783127128
"91",0.847303737877892,0.0800652892857939,0.833959682955537
"92",1.11004581470935,0.0858204030238244,0.789524873964855
"93",0.996960501772605,0.131599177354727,0.804095008494281
"94",1.2594303510506,0.105913632002761,0.741443163405749
"95",0.782359000771438,0.129310987568067,0.838555715895287
"96",0.998967286104697,0.100954144547515,0.797738958067484
"97",0.806735674261042,0.0946111999486106,0.83478687809522
"98",0.869891747923054,0.150271403496634,0.812523330188997
"99",1.03340913142345,0.0998922825764814,0.797211708904347
"100",1.4103122730962,0.0780717591503495,0.733249049915604
"101",0.798712373320383,0.124665036887702,0.842120503395852
"102",1.0571022032325,0.115008095973257,0.79096258587453
"103",0.91024740563317,0.0864854365208853,0.814952753479738
"104",1.19524498181161,0.127112237382177,0.743344431648784
"105",1.42560617332785,0.0944174846153545,0.726108324048444
"106",0.855002166952358,0.105757052377497,0.821091825287224
"107",1.11168880051702,0.0556847761367438,0.764472711754869
"108",1.05717096493449,0.080008890422786,0.776968150857703
"109",1.1135784678989,0.126306830937468,0.775804616891705
"110",1.17299385150911,0.1069379308755,0.756387569780039
"111",0.904385102136717,0.138695709531503,0.824969014488733
"112",1.09809836016519,0.0912996161909466,0.777397453848533
"113",1.42674548572575,0.095439798913321,0.724672812480558
"114",0.869997235935044,0.0720142844488116,0.813824687366778
"115",1.12033135562165,0.104484449007232,0.793525367559593
"116",1.04966285426575,0.109399578136526,0.784596171913452
"117",1.22042798805942,0.097640228985993,0.768067657153284
"118",0.664506626249717,0.0965220403030321,0.86545725323958
"119",1.02728362714872,0.0636592986887319,0.799710737541681
"120",1.44338248563653,0.0326626491171371,0.710047712809055
"121",1.16749126788923,0.0842217297425166,0.774004787477888
"122",1.23159420105656,0.137035192297265,0.763337009789286
"123",1.22790760006234,0.0716799626261909,0.752138150976515
"124",1.02296880201177,0.0972045763063781,0.792543337657316
"125",1.0360559640078,0.0663782281655223,0.791956633733373
"126",1.13451956325455,0.125315014421942,0.776757268151406
"127",0.981599698454924,0.111759579549394,0.802335944733201
"128",1.04546033842372,0.0911593100487778,0.800598829215387
"129",1.04353201251611,0.1047293129225,0.791042848915477
"130",1.09815957483282,0.0962469712539678,0.786100589241756
"131",0.973808893998273,0.0600032254283607,0.799710223365226
"132",1.02271838719557,0.0918867459143172,0.807107056356928
"133",1.04268892255355,0.10407795922625,0.785675452712529
"134",1.40958415331326,0.0807903108317537,0.715062835392508
"135",0.999256577960952,0.0929694653500822,0.787798560636876
"136",1.11421129350734,0.0608430212151579,0.763286319628778
"137",1.41236365707527,0.0776646798515487,0.717640212499945
"138",1.00390091804081,0.0796389448278607,0.811650859654632
"139",0.953441288895549,0.142487796537193,0.808044838152698
"140",1.10853325535362,0.0593351322894961,0.794373352744645
"141",1.15950975017373,0.123044396663661,0.781924064289312
"142",1.00966308783804,0.121628081266258,0.792250393448962
"143",1.03727840862214,0.113493497226646,0.797762057199816
"144",0.829732780692054,0.064789573930857,0.817360162735625
"145",1.20080410043379,0.0584009318869023,0.769209283022527
"146",1.01130215990952,0.131549041713961,0.80506897457411
"147",1.09549126109489,0.0696184405919303,0.793303535642474
"148",0.964067712404104,0.106769548717967,0.804923570942108
"149",0.776263219795787,0.084344696727197,0.837431786430202
"150",1.0735722314226,0.0551415916307507,0.7919030371346
"151",0.924425103773165,0.0852674198316582,0.816836714132521
"152",1.03021280194234,0.128135553905893,0.791031886015753
"153",0.979776940733441,0.0661935425938209,0.803020317504334
"154",1.06292023669455,0.100707241104278,0.798192474521634
"155",1.13601297773174,0.104445816671282,0.778727507259108
"156",0.955188147177023,0.120758160083919,0.810928711960209
"157",0.755904482161856,0.0756439611484794,0.843562814122132
"158",1.10346969993928,0.0654052655805475,0.793473760071257
"159",0.983481261193346,0.0656618694172089,0.808847179554257
"160",0.995581361518412,0.0887022095050851,0.807356547693806
"161",0.935874554189177,0.0861220494483648,0.818523452745942
"162",1.13455350585096,0.0965779444194216,0.764859377025709
"163",0.926881947101023,0.0525210845487811,0.812485950414521
"164",1.06217085276093,0.0803158329530697,0.779769675977414
"165",1.08195026531845,0.0967927648774733,0.792252253203063
"166",1.07705981921054,0.107206173510111,0.802265500420316
"167",0.992230411257921,0.0795979257155631,0.813068875045607
"168",1.00404894552465,0.033114581145633,0.807505953695428
"169",0.809529096841102,0.0871471268216709,0.84238140637829
"170",1.07462457201168,0.0779268293225706,0.78635694393406
"171",0.977846614523459,0.095487954800754,0.806251909149305
"172",0.854772245020482,0.117755330426894,0.829318641170032
"173",1.30805691311331,0.108409361381474,0.743919946532241
"174",0.964727183608474,0.111971943528219,0.818796547030715
"175",1.02380181356006,0.081682736591187,0.791952486575886
"176",1.01791455983064,0.118475750510656,0.797510531165577
"177",1.22445741967771,0.062770768443716,0.774501396007789
"178",1.04681024655243,0.118574727552874,0.786321647978683
"179",1.09514612924424,0.0706945036124057,0.782103834213242
"180",1.38788499433314,0.070073807706444,0.730612384640306
"181",0.803955203706841,0.104099070936915,0.824808192698444
"182",0.941243598930523,0.0896189237654214,0.807831033293074
"183",1.13187799181081,0.147934498515992,0.761709896460881
"184",1.07652501744676,0.0949503129975992,0.791935636365141
"185",0.825465606284235,0.0901919561101893,0.83763461717462
"186",0.922023553630081,0.0988340622960112,0.817203894998002
"187",1.06558718874967,0.0867175657948827,0.790197442656099
"188",1.24015444934811,0.0955001328561422,0.757829633011499
"189",1.09951525262639,0.130493132422258,0.790488709484301
"190",0.893771889578764,0.13809827375431,0.817261932206346
"191",0.905399396091197,0.0997678688264768,0.810069352613552
"192",0.984864251593072,0.114211626331359,0.813825283252728
"193",0.970017730488791,0.147890115673535,0.794051437263526
"194",0.784005155192628,0.0864954233576473,0.840357329425244
"195",1.00638301945898,0.0725155455816259,0.792455553833991
"196",0.907881369557285,0.0903186229072458,0.827726495340174
"197",1.01619457283557,0.0972472410185833,0.798932613210216
"198",0.814992423978799,0.11152188067954,0.841595252870982
"199",0.823471895683437,0.0920171605138868,0.835338553152682
"200",1.15508882459082,0.0976762260906714,0.763010089333027
"201",1.00478401166325,0.097551504441906,0.806883718688593
"202",1.22293761079197,0.0762824460365834,0.760911513041648
"203",1.0336626174811,0.114789430733248,0.797638485222964
"204",1.11377862854486,0.0848596809545757,0.769547149069965
"205",0.982476902601988,0.121165666927899,0.802636218842509
"206",0.932224855869062,0.0545760822192247,0.801612075788665
"207",1.06220269698312,0.0699148215171286,0.781754120200716
"208",0.948423220100707,0.149750884379886,0.81204454615523
"209",1.08138584815224,0.077785819367559,0.78311555392053
"210",0.977625797782615,0.0984629223130078,0.805834002426492
"211",0.937010592692726,0.0976480591709499,0.802360136533911
"212",1.0787587766307,0.086088571629527,0.780873699648445
"213",1.13127547542212,0.0853577901974442,0.778788526511123
"214",0.84734760800638,0.158566944396674,0.82409225492913
"215",0.891103061449562,0.104292830978169,0.827272133853545
"216",0.981734584812591,0.0840234802104203,0.811820091084418
"217",1.01879268371818,0.131065075198722,0.796729312905392
"218",0.916527904396944,0.118744901883279,0.804076976400824
"219",1.10358813737664,0.098086405453596,0.769942018474747
"220",1.07356892159134,0.151088603394814,0.797056914633016
"221",0.874566456332056,0.116766681952246,0.823498192465781
"222",1.12512618849573,0.165558845664263,0.770850063442825
"223",0.945184395600633,0.0742569647433458,0.807889350487676
"224",1.15655291907087,0.0586622184011353,0.769473207281069
"225",0.736119020371039,0.0993272569082053,0.842743212909413
"226",1.09974621033662,0.141865169846002,0.785540910620784
"227",1.47730013399416,0.0917893977419848,0.691972449125488
"228",0.819176697864179,0.111934436783007,0.83691485210747
"229",1.08936252333536,0.0744263296356351,0.771861251657517
"230",0.918991664515064,0.12473983132688,0.810204117200524
"231",0.92027833640423,0.0802819218706715,0.816054699899215
"232",0.783716478460443,0.0976332075897295,0.849169268964503
"233",1.23196247243655,0.128697786161575,0.765875622874088
"234",1.2162410846289,0.0937672980034022,0.743787426874047
"235",0.744274396306134,0.126179480353898,0.841441330143559
"236",0.92888728495442,0.105518388064495,0.818647542960871
"237",0.974653842524304,0.0969969977326733,0.798500342666052
"238",1.14200949907728,0.0796333096569249,0.776032653642425
"239",1.11388479044686,0.066596261768552,0.771417034589194
"240",1.08852200722196,0.0979964562917517,0.778800648806755
"241",1.01904371306953,0.103768818382651,0.79375759703106
"242",0.773886328626522,0.0897861791332208,0.852170710864083
"243",1.12146761785117,0.0614245355878056,0.793544252972906
"244",0.889823752430134,0.0918588379031519,0.823096669496991
"245",0.914957242140482,0.0928257380988227,0.823094114048631
"246",0.832101641563149,0.0995914512550548,0.826392313464813
"247",0.970713939992051,0.119395861048837,0.803697888778149
"248",0.929228371766101,0.0945461027699157,0.810901837247435
"249",1.36332780626529,0.08998886257184,0.70712614258533
"250",0.981271798036147,0.0718925379062721,0.795397873637167
"251",1.13475287781968,0.0987741263211721,0.77084958040798
"252",1.04424639422335,0.0893431015819903,0.793504766813655
"253",1.30771262795433,0.120012938933331,0.741660879503293
"254",1.18353256644411,0.0891145056720376,0.776227535177896
"255",1.19558691015581,0.0862331545389047,0.769325311565539
"256",0.93037514059003,0.17061368000355,0.810011202656722
"257",1.00198404292721,0.090814094051189,0.803494010016236
"258",1.02253195121447,0.123435717545316,0.795942536177515
"259",1.05521572620775,0.139514894712707,0.785044667710786
"260",1.22013280002611,0.105901144526391,0.762896851918751
"261",1.20393817997704,0.106702595363041,0.758778164701055
"262",0.960828885046528,0.117156454893247,0.816109304297315
"263",1.12361327846693,0.0894461643224721,0.761238147372092
"264",1.13988916549038,0.127462252405726,0.762374574631983
"265",0.878942370374766,0.0994794352691559,0.812312113949441
"266",1.12134885970089,0.147939507960254,0.783104669303503
"267",1.04918605209457,0.081752675432035,0.793426648534244
"268",0.658313972007735,0.102730726445368,0.863250109678493
"269",1.02380526303167,0.120155252313147,0.777771811801244
"270",1.04571578810849,0.119351913746757,0.797538085554988
"271",1.12892850584154,0.128600527283625,0.78343976484912
"272",1.03851506152211,0.115217329505786,0.788876791721465
"273",1.06902686873672,0.0684057483217498,0.790469057480063
"274",1.04759195471988,0.0624711520526625,0.788450736122802
"275",1.10125783484929,0.0839138513576814,0.776847449878564
"276",0.971844008876101,0.087129114995128,0.82441842658065
"277",1.23617112601736,0.0888817089723869,0.740409255351248
"278",0.606366993721424,0.0978084689171574,0.870683089417483
"279",1.06398970563393,0.106905379717259,0.798372236946385
"280",0.866594595932858,0.143436209279465,0.815814113510551
"281",0.720837917899837,0.105032395704253,0.852166136607909
"282",1.01237427077182,0.0811150441309159,0.808733370343506
"283",1.1349278065314,0.118419890349887,0.777944080115163
"284",1.10152353164883,0.0889740403458422,0.789905868462935
"285",1.25653385893866,0.0813302812511085,0.727492114738959
"286",1.03833030764774,0.0848716546591801,0.779031643403333
"287",1.08167297888411,0.113819636522995,0.789680540757513
"288",1.00821872374348,0.0541412885383162,0.800234055133053
"289",0.721603045715626,0.098907124208211,0.849194765785658
"290",1.11676888783293,0.0976431611890124,0.78976489310374
"291",0.853889989537325,0.0904970872878603,0.839161802686509
"292",0.904976466135823,0.115826652505632,0.81228449157108
"293",0.910447953530487,0.128419032464729,0.828217367258399
"294",0.950104142547662,0.0692644402854342,0.806219836314978
"295",0.88803382400103,0.0935883817707325,0.821965953488166
"296",1.07854697168687,0.0910467580839491,0.78839572852916
"297",1.0726642691766,0.0910824677366843,0.787043027759261
"298",1.22744766412854,0.0548409297859075,0.745764775449764
"299",0.975142823257049,0.0859352522171796,0.802602667356873
"300",1.23805780142314,0.095768605098921,0.759366802444483
"301",0.79982216444912,0.0889581214693458,0.849345985223372
"302",1.16363526523895,0.0924685040758509,0.773831824054626
"303",1.06829676513076,0.0867895817773845,0.791103487459766
"304",1.19998629364334,0.117118031316055,0.765673443928268
"305",0.97783611048123,0.135910581979358,0.807398835831942
"306",1.03866859509201,0.111011729896329,0.792722291939332
"307",1.10669264821591,0.11058376101134,0.773821244999815
"308",1.08904582817636,0.0681486449409489,0.783833698257967
"309",1.18922420064072,0.106086935179455,0.74654215672619
"310",0.967047980125434,0.116367289836862,0.800567543797601
"311",1.15810811487177,0.0624141756229676,0.743781390515096
"312",1.12472070493271,0.151000501479939,0.789496405589986
"313",1.20765106322077,0.0911057056348338,0.759767045311167
"314",0.930553107568536,0.0939690228189639,0.813216959540639
"315",1.05490916035258,0.055374175567575,0.780135648113259
"316",0.969189951750989,0.0820245700086125,0.799131616217412
"317",1.05075738959777,0.0645546488917718,0.794251539142791
"318",1.16885776961626,0.0981968079043204,0.765195305420599
"319",1.09651100015735,0.0952308566555626,0.775581047859732
"320",1.45517615791667,0.0744814661533071,0.740007833139777
"321",1.08457870987708,0.146069951096677,0.791146021591165
"322",0.910981330808476,0.098679886334694,0.825348671240706
"323",1.22659733871378,0.103086374960273,0.760289752059062
"324",1.23008194901881,0.109050898517981,0.750692754556382
"325",0.864466667771375,0.135245819018659,0.807938976278299
"326",1.05698805010614,0.122264138457288,0.784683632082677
"327",0.973054925454643,0.0607199352877434,0.810135624301533
"328",1.04791945284337,0.0923274168725677,0.7805863792204
"329",1.09450565192252,0.100689663394269,0.775532064823109
"330",1.05285362602677,0.0806719036394282,0.782333341735214
"331",0.902324404090407,0.0870697644296508,0.834009491521264
"332",0.880693760105159,0.0883348140884109,0.814629812648882
"333",1.04737092348067,0.109692295645381,0.786207200759202
"334",0.979465515121871,0.0948304954940782,0.813541687583881
"335",0.902505347864079,0.0905616097143698,0.809718459231693
"336",1.17580723546826,0.0408529576639795,0.765682097355867
"337",1.06036355920953,0.0971575023144745,0.79702075819113
"338",1.04564718153323,0.0942790195858303,0.797001129580037
"339",0.919981095536015,0.113511887503774,0.81832916754818
"340",0.99669468580855,0.0891558250164775,0.789059325754804
"341",1.3349232344682,0.0697478054005382,0.751457226872426
"342",0.993634422930597,0.091815706377236,0.804287094163759
"343",1.04904070912882,0.109786037827075,0.789897714975202
"344",0.962566641657282,0.0854881953391411,0.801368831684424
"345",1.21693585098271,0.117877563224403,0.743749031168097
"346",1.16364801568485,0.080965747881822,0.780485188514459
"347",1.13319041317911,0.0500784534005712,0.763228079151878
"348",1.16819618110769,0.137417632649531,0.755862867062135
"349",0.971776118051054,0.110767518367592,0.795027184549451
"350",0.993879708174167,0.0934751445394287,0.79194479627922
"351",0.99897037780027,0.0984518952662184,0.78493640951555
"352",1.18296986298624,0.102400278027531,0.762598863538784
"353",0.90567996401047,0.0955981003968347,0.826730444995127
"354",1.02920249690648,0.0734337572801796,0.794938733431664
"355",1.02758964408082,0.135033710298137,0.807351022856989
"356",1.04748781863605,0.119475814027695,0.805732971321208
"357",0.931833196351905,0.100214573773558,0.812546128273606
"358",0.90052861725298,0.133174358322503,0.821500769622799
"359",0.997560360409702,0.0798805921233425,0.808013787450019
"360",1.1330233921569,0.112928903072948,0.770782239094296
"361",1.05466581346869,0.121091508900138,0.77641174189767
"362",0.974627176047245,0.0831188742222477,0.804918499590223
"363",1.1116979743271,0.106182935742426,0.77303022165637
"364",1.5638570839769,0.0332564279591154,0.701838496858552
"365",0.852976425290832,0.110881512639078,0.828236724669587
"366",0.995312296221583,0.0947979598396165,0.809655326788758
"367",0.998072466982046,0.108094382188602,0.803606362262486
"368",1.06398824248277,0.0740213082771805,0.780213129005831
"369",1.29988744278733,0.0618075491431614,0.749250107487011
"370",1.21452844958129,0.0862759434314732,0.768969288647272
"371",1.03411411086673,0.0657591711289157,0.802272636545559
"372",1.14657589191001,0.145751744653545,0.772955268928711
"373",0.64882884683737,0.121682893639837,0.871059450151556
"374",0.917095364444693,0.0891792879273667,0.81442829533697
"375",1.09747186488028,0.0989385359832032,0.789877108006838
"376",1.26967824384552,0.128690126200158,0.735813931784119
"377",1.11126487105894,0.119798242908995,0.769590530570404
"378",1.07092266603093,0.0786960158773895,0.791039479798843
"379",1.11220990972568,0.0846666145397721,0.756521473352523
"380",0.893946883552002,0.0872954204866808,0.820492593664256
"381",1.07757910071859,0.101603227926656,0.74974939602448
"382",1.00487222332348,0.0875476057223183,0.791130279916133
"383",0.890983291417876,0.101998007835867,0.827295349599171
"384",0.84702465543783,0.0706789096178901,0.831169093992858
"385",1.12860894298214,0.110248181925842,0.767056977712664
"386",1.07581851059052,0.0651477926185849,0.776337107985339
"387",0.935547339430745,0.0715850377802132,0.821970059099763
"388",0.913833428893398,0.127128886142177,0.825604307463092
"389",1.15129677108494,0.115291171865124,0.773767582809012
"390",1.01602880762333,0.120922033125032,0.80998152092326
"391",0.891925523406997,0.117956425618098,0.826608568544518
"392",0.676039864303056,0.10520484095494,0.855577896965807
"393",0.849237502425458,0.10140797947422,0.83055915753682
"394",0.956718230226542,0.0990767842243453,0.801180750160735
"395",1.00423982389955,0.113929518224452,0.790215202862011
"396",1.1358085364143,0.0865015091111667,0.768580167804747
"397",1.05277373307795,0.117109082966283,0.784840847521367
"398",1.29426644614585,0.109199980797274,0.740211472070284
"399",0.866445594609187,0.0802269342506345,0.826606845185274
"400",0.935084434351753,0.0861087775190756,0.819655846798119
"401",0.882883348169931,0.132888777790151,0.820333058980478
"402",1.07541155885437,0.114803893863131,0.787970907165936
"403",1.27310970218091,0.0865981718142887,0.740816428709098
"404",1.16487028850874,0.0837446709693469,0.777356596233039
"405",1.06022749944747,0.0767560370386354,0.776276113220622
"406",0.90900876230455,0.0964858202043976,0.812845632632376
"407",1.30481933061471,0.106370944549398,0.727822417477114
"408",0.931070675214888,0.0991386954129105,0.800499105374997
"409",1.02424068152143,0.110629403634981,0.799089705468531
"410",1.03722009380915,0.13043138827429,0.791973507057932
"411",1.06543360015096,0.109686098258735,0.790268976348236
"412",1.05739269107063,0.0776188319910437,0.795039214756614
"413",0.937380839409838,0.0714374371136953,0.811884238529031
"414",1.07148052772164,0.0642777886483098,0.800840050609361
"415",1.00616558729757,0.0921671158076282,0.793395156612408
"416",1.17624350701667,0.135110244713916,0.770444280441712
"417",1.19360738390478,0.125924519240599,0.768141533818031
"418",0.951169134106952,0.101010811225235,0.808347947993764
"419",1.15196663498884,0.131260629809708,0.777869912265938
"420",0.975089481226493,0.138573485302544,0.801366982842434
"421",1.18619533737137,0.0995481344408417,0.747025946391262
"422",1.1003597674976,0.139032550069575,0.779531202665278
"423",1.22420762836777,0.0632362500188625,0.734790375136965
"424",1.11590114089085,0.0954813660303157,0.782644888801939
"425",1.02583158154187,0.119084143783872,0.795732460863826
"426",1.11700938945135,0.0991263504090754,0.786300097675273
"427",1.23134346606616,0.0919396221445526,0.759784731551666
"428",1.06589972200518,0.0544331175857745,0.78295668458457
"429",1.29146103371845,0.107169721129893,0.74981382531607
"430",0.97206439958098,0.0915798372041001,0.813673682273149
"431",0.97225112235863,0.137655375840441,0.804494043362431
"432",0.722442911216065,0.111263581020726,0.847970767841737
"433",1.04130989106544,0.0906606501512851,0.788695233144188
"434",0.982427171979703,0.121171597110776,0.803789260639164
"435",1.21826292771436,0.0915385238440092,0.738738381360848
"436",1.1865434411861,0.0866946363192707,0.768659886686275
"437",1.03778729804389,0.121426105560127,0.784512604226767
"438",1.25050029741909,0.0806003606792964,0.764678152536867
"439",0.820864162502809,0.0819858487058345,0.826345639411295
"440",0.949630620555978,0.0967944772014123,0.806749975466834
"441",1.03674676425451,0.104124444308278,0.801199086432501
"442",1.19652404096253,0.097887045849945,0.778092722373418
"443",1.06225530448233,0.0936566538089711,0.7936967752025
"444",0.999557713411704,0.130782490088296,0.810150481783152
"445",1.07101294602171,0.104930217125602,0.775657112270274
"446",1.08484750141069,0.10596122075774,0.782856785145979
"447",0.857573971054693,0.0914106103688379,0.822742048149092
"448",0.919402304452852,0.124718655586257,0.81384849069592
"449",1.15359554106653,0.0960924144705908,0.765957488117969
"450",0.771131130512989,0.108764547144183,0.839781605960318
"451",0.81054497620731,0.173100002567362,0.842551480923211
"452",0.833308037245802,0.0951499922890865,0.843891338095579
"453",0.961710229901609,0.114695138037267,0.8052035183509
"454",0.886222189354322,0.104226366583324,0.834814130595653
"455",1.05321118228567,0.116285654569337,0.795612035263795
"456",1.0278178109441,0.0885220671523016,0.814305725213352
"457",0.855981511299929,0.135861637707402,0.817410087180049
"458",0.826391829758547,0.0984394289696878,0.834091180534321
"459",1.11482593115718,0.108816350071105,0.794236631384795
"460",0.823589363359799,0.102465240251498,0.836945285416789
"461",1.03564458717912,0.0678928333745119,0.789074422163113
"462",1.13435378525219,0.0976622342914772,0.773717577248715
"463",1.04964735137517,0.0965286640284543,0.796894862350006
"464",1.08068119510116,0.103371309774908,0.788516400175899
"465",1.35504204455757,0.0592379568822844,0.739915154595475
"466",1.12514730889923,0.0705534940760859,0.774429168223891
"467",1.30679313857458,0.116928299142936,0.744417535972115
"468",1.10407592982588,0.126395325727605,0.786899067781147
"469",1.32510718895972,0.0985373052476204,0.742747585136921
"470",1.20862342955136,0.0892024655342695,0.759573616560302
"471",1.03522596296754,0.0972546366783055,0.797491008809166
"472",1.10415197393552,0.15621204547788,0.790602697907166
"473",1.03969948688111,0.0741051940259991,0.792723387782873
"474",1.0384282406147,0.098349761431103,0.796346687465247
"475",0.856745735597113,0.0988282463425181,0.841519471772639
"476",0.979448700750586,0.0849301135603678,0.808888058390129
"477",0.787674339840912,0.0814068977699964,0.842117791172397
"478",1.03642421383091,0.0743693974060984,0.794441845729688
"479",0.857257130719872,0.133061822555282,0.819410758222062
"480",1.21184854242855,0.102071707598159,0.760882292338486
"481",0.880337898864894,0.179972465555276,0.824598944238914
"482",0.943114701902623,0.112435135736371,0.802695669058029
"483",1.06927801816412,0.0810241197449889,0.783634557231056
"484",1.02110375243153,0.134235927754109,0.811151516102917
"485",0.917942642670626,0.0623044915098738,0.810459912725454
"486",1.35549412611857,0.0510404435079636,0.737815449493508
"487",0.940299794044566,0.103854450126514,0.812689284054867
"488",1.08683378459334,0.100927431659765,0.789046237462472
"489",1.1474398572473,0.092788031454004,0.74787082899422
"490",0.823456561819129,0.100841175850584,0.825723478980078
"491",0.871396047866771,0.115964689121208,0.817546891150174
"492",0.989190639028996,0.0973796788887139,0.802832242569465
"493",1.16367185970676,0.10065802462464,0.775179316130843
"494",0.976258559136211,0.0712629121697853,0.807215924341191
"495",1.02415352989476,0.0984309140991249,0.785786753839205
"496",1.11899429761379,0.124724371660686,0.779203966532401
"497",1.14085280499599,0.0666737924175684,0.766122836204185
"498",1.02643348320669,0.05822665970685,0.795571901372896
"499",0.908798058512498,0.106297535979247,0.824251003962
"500",1.10742505743826,0.0815331564046078,0.785424325239632
"501",1.36278716894728,0.0632947956011572,0.737875135805486
"502",0.879278110019761,0.110491943946685,0.820774946999641
"503",1.09340572312903,0.078653033434245,0.765413919088386
"504",1.10020187438255,0.0814689374855375,0.794776744192772
"505",1.09117387463188,0.0719457300015299,0.78298053408276
"506",0.843143450746315,0.08280087122862,0.842960802617561
"507",0.836076465582452,0.0973715159329861,0.839770704181209
"508",1.06914755139232,0.11335195267586,0.80123674448925
"509",0.92831169394779,0.0724062998039909,0.798805441277028
"510",1.25444990171379,0.0955230073109529,0.758480958468658
"511",1.06569795455329,0.132717823931114,0.783526720586372
"512",1.34994349287769,0.0852979783129543,0.726399778500671
"513",1.10014195128063,0.09276132469457,0.761409249342739
"514",1.03325660014043,0.076882503320309,0.791007969227259
"515",1.05858116000469,0.112590907951996,0.808158542949495
"516",0.897094623574308,0.0914508080133253,0.817329541117021
"517",0.996936149750878,0.110955508713858,0.811293554845566
"518",0.899048328012886,0.0822542228344528,0.816857134240602
"519",1.01666830263911,0.0668707094676546,0.798599781569115
"520",1.12352075643508,0.102077183880512,0.766662355880565
"521",0.976630969456447,0.109650665946158,0.800239114449489
"522",1.36044553727447,0.0866807913103631,0.74698799753125
"523",1.04108944357538,0.131321468387642,0.787141802581193
"524",0.877782565364553,0.0697636139372535,0.823915232624964
"525",0.975866950251863,0.080831734702692,0.806144825138684
"526",0.903568313937771,0.0940664079542092,0.812498793538541
"527",1.02229536422015,0.103847957197281,0.795745181973996
"528",0.979801007650693,0.0841184247462279,0.805053520165004
"529",1.20168456213491,0.0705527469859764,0.772580514357512
"530",1.15363467543272,0.146371345413598,0.768346450716321
"531",0.887855425621999,0.115764876475403,0.810853126198977
"532",1.05808804185932,0.0800767410015938,0.778688968446073
"533",0.895043598468501,0.0847496967347959,0.822164991363302
"534",1.06356400259428,0.0993176865008749,0.795664937061617
"535",1.42927113596974,0.0933737021194005,0.724981501641382
"536",1.1977825384943,0.0911616820332307,0.755304895098203
"537",1.16139196458128,0.0661857739229079,0.772721729044759
"538",1.18291161220271,0.0841908971944085,0.76160588226467
"539",1.08167101687573,0.121552388756616,0.775726515265243
"540",0.834605321422562,0.0875016805255524,0.820746279763195
"541",1.18217431679959,0.147594099531293,0.773008003686714
"542",1.21541477186247,0.11322974040159,0.761027374781268
"543",1.15344886416072,0.0639492682463459,0.75716866017669
"544",1.06281697880372,0.0719549522269706,0.798058715788766
"545",0.940630843112871,0.107890394645005,0.813847052619657
"546",1.1687532568319,0.107774295712791,0.751593356677598
"547",1.05046386246822,0.120084990576038,0.787656385189363
"548",1.08626150761146,0.0967331659439403,0.796694458616609
"549",1.10915407158174,0.0948467935214832,0.771732028898592
"550",0.645517846102092,0.127711350118549,0.877254640406524
"551",1.17794175168978,0.0741497058794276,0.780970295334737
"552",1.16744490920978,0.0759769844683761,0.768639534441184
"553",0.902559923643493,0.113805225481556,0.829544868055997
"554",1.07270799842501,0.059478373560353,0.785329598073842
"555",1.05009019457053,0.0736331859600868,0.804815948964586
"556",1.07400501853854,0.0879357833998199,0.789946211903277
"557",1.12760345640202,0.0828118023070407,0.784108087995019
"558",0.990704828502687,0.0681183814151731,0.78354712071167
"559",0.904587377438071,0.083252028636925,0.828546744230843
"560",1.10812562683054,0.103508635176899,0.78126221341679
"561",0.888209964363896,0.11396400915596,0.818769646120405
"562",0.821804602108284,0.104595321866735,0.826769687582571
"563",0.978311950812755,0.0959519052169729,0.804220141922602
"564",1.33281252975597,0.0936585660090201,0.745160128153734
"565",0.939867827687962,0.116220036163887,0.81288715355605
"566",1.18838942951572,0.123545036409889,0.77062547201009
"567",0.909000409472742,0.105324256690443,0.82095717757086
"568",1.09094554811927,0.122723243815567,0.779071375431497
"569",1.11035042681685,0.0827760241100832,0.78330397603106
"570",1.24302295911445,0.08303085180435,0.748630341938432
"571",0.986399080607012,0.0564077479373063,0.799756581281565
"572",1.00393837927365,0.112245006138278,0.809643841624261
"573",0.906269595765514,0.0887216830355518,0.805646666145075
"574",1.0329663963781,0.140489459112633,0.801657757991917
"575",1.02960026110715,0.10349743236389,0.796602081962238
"576",1.13048833782026,0.108407010092414,0.782347258794714
"577",0.938032112133088,0.130647546142598,0.814728004713986
"578",0.876277284310772,0.124605278033735,0.815908133548157
"579",1.0528890924245,0.0846726752355111,0.798451551986122
"580",0.985874077704502,0.0998140134242393,0.802311193562362
"581",0.921581151361995,0.104789802453502,0.817291603615782
"582",1.07475400709206,0.116194041406047,0.789139884816154
"583",1.12982806997981,0.0972118669829013,0.774215013992844
"584",1.36461073729887,0.0548413438921697,0.728111030623855
"585",1.12966773682635,0.110453369570957,0.77709792091035
"586",1.16258554205705,0.108412508685041,0.762301054578398
"587",1.04293120088505,0.142972603011404,0.780712531353018
"588",1.16944324099446,0.0765106464499842,0.762597799229708
"589",1.14549177056096,0.104880212423639,0.7618520227524
"590",0.957346450400655,0.157052884705832,0.80438364315475
"591",0.968259297876758,0.107471119093501,0.812860591828999
"592",1.09166304517872,0.136514054253363,0.778612239874525
"593",1.16354741400713,0.085306436182055,0.770458194119723
"594",1.15933759526386,0.113154296208755,0.760615817620511
"595",1.12106628495456,0.116522733917113,0.7690903635521
"596",0.891638236189437,0.132094546954764,0.822205735555446
"597",0.972468435460158,0.10763580916907,0.810287078529037
"598",1.12558238659527,0.0805223031274518,0.778820517469979
"599",1.33483939543067,0.0951034279376537,0.72115324933556
"600",0.963270538024241,0.132156178981348,0.804570797722816
"601",1.01940602549658,0.0760349412752523,0.801401514612005
"602",1.00492320153448,0.0850505133873021,0.781205486275968
"603",1.00950551668467,0.106539163875205,0.799860127540708
"604",0.98384398888395,0.103580219248397,0.796684441230843
"605",1.01280601748658,0.0875488683383502,0.796502708963919
"606",1.193200356399,0.0806449097816053,0.773672163050265
"607",0.913543270517604,0.082827478658088,0.810428871027681
"608",1.04798664481293,0.115234273115348,0.789434067749059
"609",1.33404403359291,0.0644391101275249,0.702155830856684
"610",0.810406895216697,0.135749460713706,0.843792040243505
"611",1.40849873624597,0.0503992707890468,0.736433619714451
"612",1.00244030602891,0.0909947642255449,0.814808737109013
"613",1.15928788250059,0.0765739169663919,0.775070259507064
"614",0.87146914184178,0.117121409926235,0.817378637501723
"615",0.92669321652992,0.112341951400291,0.805846801481265
"616",1.07166664289108,0.09386147947896,0.787367729585103
"617",0.930101054935349,0.112373779809125,0.81064717936984
"618",1.09765268677919,0.080028474789547,0.780117650885579
"619",0.901705524147145,0.0946145681947398,0.814730732659309
"620",1.05388413342818,0.10292894437681,0.801078872512613
"621",1.24668527907399,0.0728562321044942,0.747378869488554
"622",1.05995751229457,0.0954711410035327,0.779954844863075
"623",0.881654956641301,0.0912781360522786,0.828003324884647
"624",0.817854942746937,0.102523033762296,0.830144352492848
"625",1.14930352995571,0.0689367100219918,0.782493654436846
"626",1.29511167572853,0.0822465742763067,0.752179166527262
"627",0.85785823962481,0.125323749255324,0.819055422985697
"628",1.09023007753003,0.12832320449294,0.792731924423949
"629",1.00779506049242,0.151750971861667,0.80715747024638
"630",0.949958770905774,0.107594661246562,0.80715412689692
"631",1.14758617993976,0.0991937056320586,0.769561008044224
"632",1.10321527340393,0.145986608029188,0.783979778068547
"633",0.929528196409327,0.0877470571577078,0.801890836229896
"634",1.08636348633531,0.0918788960998393,0.773391012445702
"635",0.819285025391676,0.104782627873453,0.8413775362262
"636",0.773822328941679,0.0712233088526969,0.844301342265256
"637",0.992634346716996,0.0925545638066639,0.818564367260648
"638",1.12718337413695,0.0943609246612358,0.77233218054192
"639",1.01593556597409,0.0752684205428585,0.804402085873298
"640",1.50903205617951,0.0689323611495457,0.716985735900317
"641",1.05849511349657,0.121769664760861,0.781167022225228
"642",1.04090424730024,0.131932161738647,0.79198556209028
"643",1.08098631362228,0.0834558847726276,0.787123608975525
"644",0.972258869261098,0.099362777387628,0.8013365612462
"645",1.25238475966273,0.102002526622812,0.741509853526784
"646",0.963322074296236,0.0913665546626533,0.805389479940154
"647",1.1052884899277,0.0458691582173114,0.802838300048573
"648",1.1794469802455,0.0824795000316172,0.765610695499702
"649",0.942822328053536,0.103607605732391,0.807035954143771
"650",1.01648064570002,0.108074050896397,0.799708247152706
"651",0.998603023168157,0.118529506670043,0.803153356363462
"652",1.11153572902482,0.0935785138518498,0.781494843910985
"653",0.954532447778681,0.123762465234288,0.81533518131579
"654",0.904567667843989,0.0853377372889168,0.817957804821093
"655",1.14273707292884,0.141724746874476,0.768442335779363
"656",0.963704965771904,0.0609197379631559,0.805154677361119
"657",1.02092881655332,0.0938078974188812,0.789064294100553
"658",1.31448315429209,0.0872912422676423,0.73396414606515
"659",1.1609028693211,0.0745909750625896,0.760441009219748
"660",1.00604228910751,0.122376156085828,0.80188218016788
"661",1.01390277835327,0.0960352363744024,0.801506895388945
"662",1.02149567055629,0.116837963308753,0.787365597303021
"663",1.33310224102855,0.103959442515874,0.735127708915449
"664",1.25700189321338,0.0929761858607402,0.741197880746679
"665",1.01085112395728,0.0995534009264926,0.799910703888108
"666",0.983625584982486,0.145759910410536,0.803274883003503
"667",1.20907866743513,0.101322273122979,0.778961852388459
"668",0.893525871438657,0.10138679447446,0.820071310624515
"669",1.08777679423414,0.0433364526439578,0.76841030567721
"670",0.816875476994262,0.0953200780175677,0.841260109406478
"671",1.00660749737898,0.116805925717208,0.796356969981998
"672",1.32656757159171,0.0746054662606976,0.72282332394657
"673",0.814643225514597,0.096254243777531,0.831789546662276
"674",1.2201042701181,0.0869493137187249,0.777109194351827
"675",0.891893995068128,0.121030720018236,0.830728032820625
"676",0.976032884755527,0.0632079908804762,0.800768955959272
"677",0.73924131624981,0.123578982823846,0.856122748880924
"678",1.14582433688425,0.114259386762109,0.784781304116407
"679",1.01054132811203,0.0555165829426207,0.815223746916798
"680",1.17649099158655,0.103696958035618,0.767813106061467
"681",1.07677512915111,0.135563668164186,0.790306693446716
"682",0.98880961918668,0.137151461640377,0.803456644963888
"683",1.06971689274666,0.0712640416755853,0.803973448278054
"684",0.983166046400441,0.106957874310556,0.800169502764138
"685",0.88698556433632,0.108644509863402,0.825910585998759
"686",0.928399545379985,0.104557771240719,0.814357219480107
"687",1.13143540579537,0.0950438874848437,0.777582975074628
"688",1.05995646329388,0.0436403973623997,0.782751288523492
"689",1.12952086770329,0.063495818376556,0.787684047424194
"690",0.907392432614567,0.0792131708261741,0.805029558956904
"691",0.923856184045444,0.0867820792598394,0.824295134262943
"692",1.54655378130716,0.0478444859138504,0.708911390681882
"693",0.934570121298844,0.0851439995366983,0.810854053572385
"694",0.986717870646877,0.0800750287329217,0.811262840350636
"695",0.97239949745757,0.13997856680749,0.807407506940469
"696",1.13523827563403,0.115468135961253,0.782187591014192
"697",0.932089026758378,0.115588253400663,0.794149949920853
"698",0.946297568174555,0.105483980257976,0.796188333367531
"699",0.976244297834108,0.108489926117348,0.805954224242873
"700",0.740243180970452,0.141343461353856,0.833466101019021
"701",0.807285464851333,0.0848907257031485,0.833274377354124
"702",0.967917907448973,0.0989603350910484,0.808862972462683
"703",0.993830710221791,0.0521970926293739,0.791080363627961
"704",0.727329217390962,0.122330224934215,0.842977284673799
"705",1.08376313915948,0.105174026458327,0.789478799697071
"706",0.731027349327187,0.171263304295193,0.85041388391095
"707",1.01173754662648,0.098312102737347,0.80354610745117
"708",1.35628559303252,0.0882020953759317,0.738622934470511
"709",1.2986661626768,0.0825005547274232,0.748855895827344
"710",1.11273659354585,0.0456912387586805,0.789692573512407
"711",0.921269717296156,0.102363730377214,0.809655017087571
"712",1.27649620636026,0.111703306359209,0.749559308149841
"713",0.633565438564394,0.112033493984608,0.863983375147189
"714",1.06923241884424,0.0990446697582629,0.795166203286544
"715",0.932665136720168,0.097307130168653,0.825048745691208
"716",0.870196372824964,0.136436892815476,0.821863587958042
"717",1.21427238815077,0.0851048371523709,0.755925148110398
"718",1.14690973478466,0.0652177925112087,0.765554019872309
"719",1.16727305563204,0.0547692965344488,0.774047027558645
"720",0.785014555029931,0.100407198755281,0.840573810919998
"721",0.837012224329683,0.0736320445661088,0.827562376528701
"722",0.965105197083995,0.111370228374058,0.802273059396846
"723",0.982493114531137,0.101321072388272,0.798669443743619
"724",1.18912109400703,0.109366191904115,0.761794652642822
"725",0.900601813582061,0.0984529586535021,0.810638811273746
"726",1.09362259535967,0.113997325904301,0.786193040985402
"727",1.00675266401162,0.0997420416909408,0.806765323606215
"728",1.16321072055265,0.0686010376848609,0.775917796079243
"729",1.26976725122781,0.0485467440969516,0.749947370770421
"730",0.968728481578632,0.147845256227778,0.809117540575639
"731",0.925695614048563,0.0997958562105693,0.809566835209101
"732",1.16936937096211,0.102865950533865,0.776965597756606
"733",0.802210280803114,0.0870741700234481,0.839846220642221
"734",1.23844491197074,0.0539062632347388,0.750615200972465
"735",1.22208336124241,0.0698415076488814,0.759621683469234
"736",1.15050753091681,0.0534247717850977,0.778578227306233
"737",0.836999045078067,0.137056497027068,0.831691324134714
"738",1.05162556746757,0.11843554524809,0.786818251070835
"739",0.693051258510252,0.104601819334044,0.861749200376969
"740",1.03497301602869,0.144626358446638,0.798682548914862
"741",1.15442532172627,0.130148059188003,0.772257778314013
"742",0.987378785295825,0.0734017774538622,0.801132168117658
"743",1.13778243414475,0.0936750702145319,0.783896973571747
"744",0.767163809104678,0.12501034918596,0.847935815836536
"745",0.84128136615922,0.11749939011656,0.832480811198881
"746",1.06644718461629,0.0930191740966733,0.800998845938368
"747",1.1227243015339,0.0910966489738536,0.777325604614459
"748",0.950101022717108,0.0846503105815757,0.828315680752239
"749",0.849852780787224,0.106707856965402,0.826205975299136
"750",0.826244094367549,0.173561396751399,0.831481930579737
"751",1.34929943574039,0.0780363048899931,0.733655855558549
"752",0.829972381609927,0.108386488320688,0.827233059614919
"753",1.12859885473512,0.1225722822475,0.784864877099672
"754",0.782939364903544,0.117175909962481,0.849752568623384
"755",1.23226571998369,0.0908203057128252,0.759417079269096
"756",0.945606722189649,0.0881788001587509,0.800462814477812
"757",1.12020892696282,0.094267644418363,0.746788217232636
"758",0.947456412553375,0.144269622060652,0.806127192029185
"759",1.01802395247846,0.0970498156791945,0.805720619756019
"760",0.932181356667369,0.0871580661441907,0.82052727056847
"761",0.874935308491519,0.0918898000094059,0.815063346334492
"762",0.983599579242307,0.130048209612193,0.8081155717436
"763",0.982574040908896,0.115199790966257,0.807527122250951
"764",1.01800748975386,0.106259761131137,0.813449241386502
"765",1.01103262154964,0.0871591726594914,0.787240609943259
"766",1.125603045354,0.0578182013500789,0.77675465185363
"767",1.10898300900765,0.0825566467710459,0.781910912682861
"768",1.08160551994806,0.0997005243105583,0.787294882999399
"769",1.10801278558724,0.124738194139199,0.773967200002604
"770",1.00672377811103,0.118583014431406,0.801474309187335
"771",1.07391285113015,0.0730404586845158,0.801016703514888
"772",1.01030807486548,0.105937205239765,0.791603119870983
"773",1.0080919312538,0.0914880648385823,0.795144903220118
"774",0.736934021281875,0.135106615619591,0.854791325855788
"775",1.12822956299244,0.116073941280385,0.773720504814993
"776",1.07066069283704,0.0816010922260297,0.778834808337733
"777",0.883198956304131,0.116407214177942,0.81871942604595
"778",1.26665951716679,0.0424040361292163,0.740810411875018
"779",1.04726077931901,0.0789415702945949,0.80552260365478
"780",0.95276713887539,0.142865699415584,0.813985330168803
"781",1.06889005171028,0.101141649169461,0.786648692273396
"782",1.25373390705203,0.0686535435518506,0.750053048833326
"783",1.02515686505495,0.10303316581917,0.797399829040524
"784",0.686830627685313,0.105772109796927,0.861386351627586
"785",0.842487353049661,0.116171123221136,0.844387263936154
"786",0.928980830800723,0.0796373321516991,0.822713581908259
"787",1.0707857188099,0.125465840646085,0.784333188557926
"788",1.11589368846354,0.0972098779726381,0.794267387820143
"789",0.905819142680869,0.118383602472557,0.819305975926418
"790",0.945182551306998,0.0948393972211853,0.797475347909364
"791",1.28197025062406,0.0923933225510868,0.74533765382915
"792",0.865195483387646,0.127408867268331,0.820237796927562
"793",1.11759183999112,0.118685369688898,0.77056213508702
"794",0.880918035176016,0.11581740475037,0.834879468570569
"795",0.987544817339454,0.127854249169844,0.797218723338921
"796",0.804030224593126,0.0728430027409235,0.837240845224063
"797",0.98271829835751,0.100598214824475,0.803141366514922
"798",0.95726325600868,0.0710697792226614,0.803113275193608
"799",0.962722243476485,0.0860440545362023,0.811747703661227
"800",1.06857507379881,0.0814097770982812,0.773511005977362
"801",1.00873442251951,0.124849843077904,0.789144142449934
"802",1.14389379296147,0.0927151972102226,0.771677885636433
"803",1.09285618566954,0.0798134527154271,0.792034978940146
"804",1.08300436462131,0.101094840508482,0.786600125197771
"805",1.13300083770318,0.0796670747914112,0.781989448200273
"806",1.03308950416494,0.118300348366319,0.794940550979567
"807",1.08198510486167,0.095723615852635,0.760940100560832
"808",0.981073435359749,0.104755994372664,0.792584897386945
"809",0.994519452880477,0.142096447045035,0.781568316960141
"810",0.921128665265868,0.0686168333100932,0.809959012736565
"811",1.28211273290145,0.0993155903803559,0.766421436891702
"812",0.795853972472444,0.0856868580632494,0.83395494002244
"813",0.931053123818629,0.110307699299246,0.803492375724224
"814",1.01858952487721,0.177855945730015,0.80070641266343
"815",1.12533081262548,0.102968262838595,0.781743442081948
"816",1.04001479888922,0.0810232294904707,0.791371153683206
"817",1.10105010597257,0.059443523493644,0.772369215221714
"818",1.09288916518374,0.124688451607232,0.779035753096697
"819",0.837662414786374,0.0930570620855851,0.844416341978757
"820",1.28992339818484,0.0619360761612784,0.729519102917837
"821",1.06790061575682,0.106048761008173,0.7939211470944
"822",0.935858218415496,0.0885534336374589,0.820544924560787
"823",1.05038866762493,0.10015637230542,0.78912092599379
"824",0.729835481171651,0.161472523212473,0.856331598194557
"825",1.16378768553703,0.154497390527326,0.777052167521642
"826",1.17582780034176,0.138510516182196,0.753081100306224
"827",1.02773292445267,0.108231970850633,0.796003786333334
"828",1.08430706533095,0.112206750842658,0.801808249802422
"829",1.30760305298851,0.0794231417710637,0.725869380924839
"830",0.924894028589974,0.11164341595803,0.80827238213309
"831",1.10033776753599,0.144633670960532,0.788070537839755
"832",0.94937008332158,0.0772835211506077,0.813812495916536
"833",1.0303069451129,0.085471830283356,0.796059591228643
"834",1.06937102559306,0.121432714244388,0.786083011483684
"835",1.26236501632504,0.116422281491235,0.754355902641556
"836",1.34551068590651,0.0782925973224733,0.742288702182243
"837",1.05016917677814,0.122402759884951,0.794286155381364
"838",0.870383585533624,0.0997038980952729,0.829034848647884
"839",1.202671926434,0.0795253289620288,0.755106510601913
"840",0.816117710803835,0.125351677459227,0.827386270980576
"841",0.92823226320216,0.132187191931803,0.817313075535887
"842",1.09958295310689,0.104988646960485,0.79850046672038
"843",0.824958431324627,0.106153789870387,0.827125223947061
"844",1.10153476481746,0.0999159899634621,0.764528694994131
"845",0.789447489629372,0.0916205674623569,0.842708210872809
"846",1.15805798464844,0.102580163776501,0.791753644191972
"847",1.25683416501301,0.0791881662602439,0.734340696467341
"848",1.33663172726978,0.0997219229193831,0.757724899896723
"849",1.09955620567463,0.106108891431772,0.789357048721335
"850",0.708233133145323,0.0946046601984906,0.856400419070292
"851",1.0169935440751,0.0891412602877409,0.797934920708306
"852",0.978620301109389,0.0981812650679018,0.80871378008026
"853",0.927009147207585,0.13208446071786,0.816251903427634
"854",1.10781292495208,0.0767795833869614,0.781453358660074
"855",0.921569779948359,0.0955683125154704,0.823656758524998
"856",0.978914026317728,0.117863508906228,0.7988257241435
"857",1.19105071697458,0.065497807684607,0.728194724560798
"858",1.03332872936616,0.0993091679560563,0.792837063078155
"859",0.975630459631173,0.120211274375521,0.786045951835269
"860",1.04184900858186,0.0849383560593967,0.802230636184157
"861",0.859852661598233,0.096949674060383,0.820938637734645
"862",0.896059162003238,0.130623529603781,0.81467235532508
"863",0.885595538198841,0.118124370508084,0.823445865590343
"864",0.898216800805249,0.139046283188417,0.825283641158287
"865",0.99688465401663,0.117572412467616,0.809318161052672
"866",1.09798756072328,0.0758211479370087,0.764733756005297
"867",1.40353074006056,0.0942068642528838,0.715654226081733
"868",0.969399462335047,0.120226610232439,0.82232414546645
"869",0.924881389969352,0.11025083790523,0.813381479021519
"870",1.28163345598893,0.083464312208818,0.747660276434547
"871",0.900580297960004,0.102438251100246,0.822125163349792
"872",1.01433661943864,0.105907608927549,0.783076000975483
"873",0.853273891166211,0.171536522743847,0.824789755407349
"874",0.899210435837628,0.0814913993375089,0.829984791862804
"875",0.954427165848657,0.128010924581534,0.823286953184844
"876",0.853726640516248,0.1404370634999,0.816442347771179
"877",1.11315231816493,0.105657111974354,0.789693497418301
"878",1.00661541448496,0.0747714717512639,0.808955131052389
"879",0.947849076834551,0.130225135041281,0.820074207130875
"880",0.960253660034634,0.0883271553992544,0.816289714935023
"881",1.23716058294637,0.0718457037332318,0.746691117332849
"882",1.02000965955991,0.089556831503345,0.787719113515107
"883",0.967901797566517,0.0937574402359529,0.810919750426545
"884",0.896916721677465,0.0599232301491636,0.812242679154812
"885",0.997867846350089,0.0652151123284918,0.791980853377092
"886",0.908566301083007,0.0861643133238477,0.809923367974266
"887",1.25514749418584,0.0491834698305151,0.74550942940271
"888",0.960083238369724,0.137522658213056,0.81259355097214
"889",0.950217428269338,0.0741367103183653,0.807687223584429
"890",1.10879453647593,0.0550385544036668,0.765780621783708
"891",0.969745693892607,0.142303926179737,0.802052318046008
"892",0.86609352957049,0.103107821113895,0.819714086267592
"893",0.977193067841244,0.0668777189515495,0.802267691654949
"894",1.17872893083098,0.135405043887972,0.759639288166603
"895",0.906780536239939,0.11248235858774,0.827608263072255
"896",1.19713939880812,0.100264672422157,0.771973447846072
"897",1.13011201184365,0.0685426230985899,0.770115538681113
"898",0.996635523122062,0.0973877936907013,0.802997524585479
"899",0.981070341680587,0.10715023378047,0.805381800896531
"900",0.873295646585159,0.106372165278301,0.822860923613558
"901",1.23275799043743,0.150833403232882,0.75506497309012
"902",1.01015236588552,0.0653855185484418,0.79901465063957
"903",1.00230863516868,0.110276793660445,0.8080236285829
"904",0.84291186436471,0.10703295516101,0.81829880052496
"905",1.07878852188564,0.0700731166757215,0.783939811358775
"906",1.26617353636622,0.108010460072967,0.758133039853635
"907",0.911500430009272,0.106508612194312,0.807375226118075
"908",1.11109504316196,0.103520076985074,0.782692148804623
"909",1.1245307728887,0.0727451713199444,0.754897390390432
"910",1.44928022350402,0.0973489067518873,0.71907729724675
"911",1.25726928627409,0.089942222211998,0.764335653931755
"912",0.965982225922941,0.0581010134218919,0.802133915214473
"913",1.16681504525041,0.0978758206252006,0.773565875169724
"914",1.07709885620826,0.105283386187251,0.792586393951809
"915",1.01548348969488,0.0649811148356596,0.786438803429048
"916",0.964722338725953,0.130942448686013,0.80797724149563
"917",0.990819233980031,0.063784493754288,0.794393186557371
"918",1.26601387634129,0.0959560267173857,0.753261766450733
"919",0.800989585369662,0.139174527536733,0.844165450317186
"920",0.889606489659436,0.150843773855045,0.821936251068968
"921",0.885231112196226,0.0647732387552055,0.824776106057754
"922",1.20831159092841,0.0975292202054637,0.748896178111304
"923",1.20705036995568,0.0892853965828724,0.740586638737227
"924",0.967362027092212,0.0733986058353492,0.803261739456536
"925",1.08853277147018,0.138565709112527,0.781857160026017
"926",0.950113273129063,0.103350387407345,0.81355705001392
"927",1.00876473523655,0.0989624509210744,0.795174673048416
"928",1.31950921958459,0.080589882655383,0.748856258168141
"929",0.910266222483289,0.0677408569957867,0.79825659962693
"930",0.899463158484215,0.125421216165412,0.81654840740685
"931",1.13718447891661,0.0983038850486118,0.784420003996851
"932",0.997942005462672,0.11733075201383,0.795796602115271
"933",0.970151800370532,0.0886170169781927,0.808421840369168
"934",1.32326962537929,0.109321051649627,0.749949050381843
"935",0.899514190190001,0.0935968542021349,0.822230397195652
"936",1.15696965871072,0.0998669272357625,0.779624826912244
"937",1.09764520885516,0.115907023930668,0.789561884805376
"938",1.58165652080845,0.0541347321408441,0.68907872600581
"939",1.06092452037729,0.0817433150821187,0.787176625801947
"940",1.12545148166486,0.067286064562285,0.775538196716222
"941",1.12554870330584,0.0784655361554947,0.789144117027756
"942",0.814928797246948,0.164036625295773,0.826684645417493
"943",1.15668234785624,0.139222383852078,0.771992440793172
"944",1.04372527451479,0.121624337594141,0.786646509706708
"945",0.964373187133012,0.0807669673042135,0.802423030704156
"946",1.00941351474284,0.0865541257478369,0.787893777108039
"947",1.28563981551655,0.0933372427595961,0.748209985210233
"948",1.09777308946727,0.0963793833179746,0.793107220228558
"949",0.947862645933434,0.0868243702464124,0.801660881788359
"950",1.03224499025012,0.0725376273461258,0.799913744863323
"951",1.0440239328423,0.119364007934604,0.78671625478196
"952",0.816725083103582,0.100898817208016,0.833014703924845
"953",1.02785240665876,0.111082589716459,0.801304386882127
"954",1.07318029557002,0.120604716547986,0.789654979308111
"955",0.879010907232975,0.131438026578829,0.819764013280095
"956",1.02961964897775,0.106265567881539,0.799918451422901
"957",0.786490791810629,0.122596454686259,0.841369344128554
"958",1.0972417965864,0.0827766915279622,0.782638312879081
"959",0.884155277061038,0.0978583326782841,0.826907737458685
"960",1.18364346317355,0.0672617070845544,0.774113842905811
"961",0.865048772405906,0.0514094397893919,0.8160644753549
"962",0.95856370747802,0.133790979457395,0.806780143624669
"963",0.900773166095814,0.110486608832819,0.80383859623349
"964",1.02366231685845,0.0861362202467085,0.798054386100128
"965",1.16478599000448,0.124788838622896,0.768616211759143
"966",0.775148696639923,0.167432069018084,0.835947365790492
"967",0.934467439735377,0.118160164204121,0.812506532958391
"968",0.791545044556962,0.113139357850298,0.835300656563262
"969",0.82754537810335,0.100503122898074,0.832378898500435
"970",1.02231445412823,0.0801422747721687,0.782532556024627
"971",0.821866531919132,0.0905537471993468,0.83165372144221
"972",0.885035578899405,0.097698505980531,0.815155476420341
"973",0.82427802091574,0.155270520862068,0.831470451663108
"974",0.822674708353109,0.114234492314742,0.828466491169077
"975",1.24512684242104,0.0444097839186312,0.744536962982962
"976",0.979693076488134,0.092105388527669,0.798499984268175
"977",1.19031667908856,0.0916154112540574,0.753199942133825
"978",0.98389167288181,0.133840224260898,0.800143881194026
"979",0.965872220529696,0.11181402431345,0.814682996828531
"980",0.861073361582819,0.0942972078282065,0.833286861261797
"981",0.866876266993816,0.12735479884189,0.831018271541166
"982",1.14649582970495,0.126856101494203,0.786738126915001
"983",0.9213107328011,0.0813569433179414,0.802843840616071
"984",1.13520376968178,0.112682698494183,0.770665905114791
"985",0.895005376709203,0.08604986660186,0.805771402623871
"986",0.915109014435924,0.111890884678591,0.809431692120799
"987",0.94498355670974,0.104727442774845,0.805758775599231
"988",1.03763618631584,0.133085880540992,0.797178227850697
"989",0.941200781495985,0.0764602962186559,0.797023769356052
"990",1.08611746225991,0.0836804093344509,0.800566018681617
"991",0.941930843154497,0.13171860873871,0.81047669151821
"992",1.03889468394335,0.106192319902002,0.777013375414606
"993",0.900830452410893,0.113980406052772,0.825420454959129
"994",0.870116195145,0.112058913838212,0.817240874785759
"995",1.15937250668189,0.0913949320682451,0.778830120816122
"996",1.09693164294045,0.0977259733818328,0.761484748219079
"997",1.31596522163955,0.0806671817537582,0.739722068504835
"998",1.13171214204176,0.0715121036088856,0.76894402979956
"999",0.814536700465084,0.188513999300511,0.826028043471789
"1000",0.838384226647088,0.104717220583796,0.832557574066889
