"","tau","phi","kappa","psi"
"1",0.699211232508326,0.659002108410954,0.68304114573512,1.32149700107004
"2",1.10330829959626,0.68456509659422,0.598504985590882,0.682081635451228
"3",0.641749880779829,0.67162966226647,0.727841441569199,1.55728849092173
"4",0.97823147291269,0.801478784753029,0.608707410834924,0.799381508836338
"5",0.963701435916874,0.884798898791988,0.619090341534832,0.96984804299497
"6",0.994289880145508,0.835628049358521,0.605440523751782,1.06465064876439
"7",1.09645446150695,0.841829242147368,0.559656842768293,0.590509011783364
"8",0.921049663947554,0.678556964380999,0.591371045276152,0.689015161876443
"9",0.870643376988717,0.807029830465893,0.656144005928627,1.05145484877158
"10",0.794406463636048,0.731380693833616,0.694459052447674,2.738166070837
"11",0.931763264736513,0.762096436177872,0.65361960418717,0.656855304738751
"12",0.92093067585983,0.775952087118774,0.594303667022101,0.778971661566494
"13",1.21971804812478,0.884458081197241,0.523175118012205,0.490100889756992
"14",1.00931666564158,0.832966314841373,0.598521612712178,0.680672711250386
"15",1.13293228018423,0.753505018703328,0.582867348974878,0.531543439486197
"16",1.2898004805794,0.893065086094716,0.475690861553091,0.464537931577642
"17",0.897141992518183,0.85737369899967,0.628050583533092,0.997883961909877
"18",0.90333552616439,0.778277990933433,0.586384832342312,0.923906757916306
"19",1.12485687910273,0.858289286351935,0.568689846969812,0.39034240549842
"20",1.24394849740472,0.881878605309902,0.591612443399632,0.900664130908019
"21",1.09588071234924,0.828386498365067,0.622110099189916,0.355182736318907
"22",1.16586629232161,0.82118042503897,0.543155841566767,0.702736758425865
"23",0.823761710466691,0.826652672548271,0.684624153726382,1.60149985225179
"24",1.274651257365,0.899965403998843,0.506331813568938,0.357789259663837
"25",1.11153594214018,0.890054035685482,0.536860024108257,0.495916079761711
"26",1.16567242705087,0.916338031016429,0.573950136311815,0.569269460247941
"27",1.36216707664947,0.898650793798187,0.519348243948671,0.411107462463432
"28",0.983819435469891,0.865623213180366,0.602657740117168,0.522859853860497
"29",0.958374391329084,0.644882326652147,0.656003448912748,0.648225204700813
"30",0.947257041519728,0.690896181394555,0.564279189733336,0.683590265600913
"31",0.98708519398956,0.813977550014816,0.602942399843298,0.686882602839072
"32",1.2549376311629,0.848071231129186,0.532088877269613,0.47823611902862
"33",0.805654674798933,0.757447434371078,0.680295763968678,1.28787189509026
"34",1.06308982243542,0.946367793217532,0.586989190973031,0.844392033649056
"35",1.25049694511829,0.942522348784058,0.487080826448612,0.319042514536058
"36",0.81030180310172,0.676632900855135,0.702968547250103,1.21606149766294
"37",1.06961287497533,0.867936186921723,0.544069533258599,0.459527763569624
"38",0.871125431101077,0.865912828489165,0.633364717550052,0.769872413540107
"39",0.805239247472601,0.84592549621111,0.660236604441941,1.31652562934734
"40",0.912003815102439,0.751283675954438,0.619364017069099,0.471248398648254
"41",1.25634596259893,0.893360789201253,0.535031101924898,0.675119326387626
"42",0.932996891343923,0.867404559557404,0.617310544977882,0.968484517169548
"43",0.93316280582434,0.888338966120617,0.619117222112514,0.950461506686394
"44",0.989625224019765,0.785758615687038,0.605412590103762,0.730925244152123
"45",0.754846341706535,0.761246602558618,0.704907606838727,1.77869839366292
"46",1.06835640350373,0.692745542641231,0.577390663170994,0.799529469922258
"47",1.29007862601366,0.850191406842711,0.569686915939407,0.713443557295068
"48",0.648804952506528,0.659116050443166,0.705623887247492,1.45236816011315
"49",0.871591491688573,0.639435623062736,0.634399542076941,0.808551903219994
"50",1.12149095666829,0.843456067348546,0.553901767435049,0.747113427028899
"51",1.00886791305491,0.840582204308352,0.565143140924609,0.367455253681116
"52",1.05705109453577,0.81851953716931,0.600207604184657,0.753390257353439
"53",0.978415735378435,0.670396999804386,0.596363145470943,0.637489340139565
"54",1.03330324515253,0.788871245009626,0.625071391454088,0.702697019116206
"55",1.13227639084377,0.794664394678647,0.585853551264166,0.689941206175974
"56",1.09117082590934,0.731732288711787,0.55643462361409,0.542602882702191
"57",1.13981727700356,0.78443942222652,0.614926595606906,0.759928380668231
"58",0.925585189514376,0.687166474564919,0.622210126728826,1.09114994404035
"59",0.917050153710779,0.843922431287857,0.642336133498136,0.577853160399195
"60",1.14163769376579,0.895552970125924,0.558872606736558,0.570602022771426
"61",0.971616044414194,0.741109934891141,0.608850223665783,0.745400729273945
"62",1.38020643278922,0.766968017673817,0.503522865903157,0.461308275220244
"63",1.02334605250008,0.872955381864649,0.5736058114583,0.398471865741817
"64",1.15388045499465,0.847379367327947,0.557221621260688,0.887167848309727
"65",1.15933960790179,0.870096353222407,0.552723916704557,0.554775859523944
"66",1.03262007499293,0.75861311478384,0.601919786047444,0.409084798187531
"67",1.02578151773522,0.772739749745803,0.605468647024917,0.313860638447158
"68",1.19985047499504,0.770458051691467,0.541341561546237,0.378170315760259
"69",1.15897819234775,0.821669401539509,0.532292900586057,0.303655602173619
"70",0.808052624160151,0.799692690719282,0.637319288976593,0.640996103145824
"71",0.906460400662323,0.633769567155003,0.658712198545812,1.49772196081193
"72",0.770262739258766,0.699059109452667,0.69674695304773,0.774354523815534
"73",0.963610457206891,0.86905798370486,0.579209407333235,0.627844619617424
"74",0.848581034505235,0.592269300254019,0.685010751854033,1.22040073794457
"75",1.08299286384759,0.881624581336763,0.578601998502883,0.638147909819218
"76",0.97160277333884,0.819605144726831,0.563912579291365,0.451757249626842
"77",1.09441417747648,0.943794366067828,0.565708659731556,0.595194884068078
"78",1.39179093582191,0.69801047147685,0.448577283747261,0.140509154304669
"79",1.34431692571137,0.820858352045598,0.505765836135526,0.376081040132071
"80",0.638327286517999,0.798458534173301,0.740306230057771,2.22484519147249
"81",1.03156778903815,0.735386893244961,0.581683783845034,0.509853791703539
"82",1.00592350929919,0.741802294798575,0.602715833610115,0.395343489357
"83",1.40036245203789,0.834163430747512,0.523686240803439,0.447509200592029
"84",1.29020172269806,0.889922421562848,0.533886660874977,0.512504082726325
"85",1.12547428074399,0.860562048864879,0.500676894079864,0.506210213722276
"86",1.27774811889724,0.972062062780696,0.526759955963984,0.415425205746725
"87",0.943388544800424,0.878554239790713,0.592312642696446,0.741618115026812
"88",0.882105550456004,0.68820488411621,0.641420507944714,0.668845134506713
"89",1.18459415147008,0.840996713625086,0.548897885959603,0.178899050654693
"90",0.774614885128214,0.7593347596591,0.687403194056411,0.967324646324746
"91",1.03265298830256,0.772178717126,0.619789032289188,0.37708015113166
"92",0.935906564813401,0.852397941139777,0.630368655286967,1.21669629905462
"93",1.12025561431084,0.766824126141293,0.567802617935634,0.567668346105613
"94",0.642673904796596,0.651716686698673,0.738750445204636,1.69885175700951
"95",0.878430595248589,0.862918830251439,0.643494076603657,1.18875854944961
"96",1.11578877455373,0.648066704805272,0.548994028070439,0.421336332024592
"97",0.981646054874227,0.821720836003463,0.547211229301556,0.349342629435353
"98",1.08989074026844,0.84001773222406,0.540518237660861,0.556701492557961
"99",1.15193621749166,0.737315488619787,0.554893269902758,0.719442541955056
"100",1.1984626185051,0.857162629351251,0.554143371091854,0.672642790199415
"101",1.03632639210911,0.806485585171211,0.590060762615066,0.821822917018788
"102",1.06301153331382,0.829002682176116,0.557815501949327,0.369550160397808
"103",0.944702725150648,0.849248404282381,0.595243048350193,0.645593807168948
"104",0.800229265670345,0.554147999762748,0.685196984394042,0.744628664296344
"105",1.25088353419181,0.874101133024985,0.467255735012004,0.138924766454065
"106",1.09350228615286,0.702111059694291,0.551475682463962,0.49462935003821
"107",1.03976567847426,0.858665373673975,0.602839695006014,0.759337544824081
"108",0.872931856602164,0.74983376155156,0.642826572585039,0.472905935080756
"109",1.20474864486306,0.876166736228799,0.506654936583513,0.189074885279143
"110",0.904893371731119,0.785781952923932,0.626077119119372,1.02370076359819
"111",1.2175659893542,0.906163911797843,0.550049523520253,0.472694376104454
"112",0.914379998600294,0.744881306839697,0.627392013610312,1.17371934106271
"113",1.13747554029533,0.717634112359864,0.541340507945432,0.414775873228917
"114",0.918302754857652,0.829356651169007,0.657860374494168,0.502580269244849
"115",0.91633749467895,0.803102858161132,0.653165217759671,0.777266226338731
"116",1.14970675151938,0.825292736548916,0.533398233961293,0.417066777425925
"117",1.02531728359451,0.726937533332509,0.615121139791849,0.719461422778501
"118",1.20478097420345,0.928808232522051,0.57155726379678,0.439589361415061
"119",1.02519742952487,0.852794068064872,0.57354516242726,0.637554034997977
"120",1.07934138937343,0.806114192798929,0.583587426939262,0.642378633451366
"121",1.29840825580276,0.69821994975584,0.495959528026878,0.195718336412744
"122",0.989861474836843,0.743380935884399,0.595644822370571,0.6445458872789
"123",1.05168979167191,0.824470240868364,0.593314079013183,0.602248249980898
"124",1.07671923278505,0.875621269743702,0.559804074903903,0.407788173144884
"125",0.88790520188922,0.82101758731361,0.653162030512023,1.20917786038611
"126",0.763532483259432,0.831760080759123,0.669466457463449,1.16454456944008
"127",1.07185046661544,0.854373507995371,0.522773612370685,0.811255315220203
"128",0.928118731819467,0.813688272461422,0.629345554385197,1.09785972730432
"129",1.18814635969446,0.86158066119226,0.550965094597711,0.4442985709053
"130",1.13355910265734,0.929513978951174,0.52728978204448,0.652789794859752
"131",0.87373572765815,0.748138963853073,0.672021123251445,1.04567903832028
"132",0.967982484050875,0.71020555448118,0.61709553637228,0.533102947960821
"133",0.830673733399554,0.785959016906802,0.623106291561001,0.900481447013958
"134",0.651903533355045,0.481352841200049,0.749074852442246,1.55846075673159
"135",1.0393533342066,0.812558858719536,0.578526628464476,0.787681142959659
"136",0.864451662671096,0.73193936289737,0.664681279025952,1.20021118962859
"137",0.998518237956196,0.822310433424366,0.565861635671219,0.412961645501216
"138",1.09527009394999,0.829884180711579,0.562242168685058,0.296531323004109
"139",1.05807238094238,0.701625730436428,0.579796512731383,0.504163018126245
"140",0.968156206911892,0.761639019205242,0.605156522466602,0.945833819825736
"141",1.16453452199043,0.892667408775159,0.494120537797381,0.433177466696505
"142",0.812313090405674,0.757258516512365,0.62600686445411,1.04554907075328
"143",1.08340899965355,0.749136061834028,0.523147447335584,0.204706171035296
"144",0.905222779736006,0.777657719794612,0.621245698855228,0.979055194820445
"145",1.18070096731394,0.80495367543273,0.529226089587742,0.343427328566307
"146",0.957230293210054,0.879705877806661,0.600488191481613,0.540247846215315
"147",1.168123239848,0.91507073543357,0.55517012953237,0.673059717569515
"148",1.25463665322672,0.958472577037024,0.490813046580067,0.439559494956657
"149",1.24080447907765,0.87458180694218,0.556855543186554,0.425345808565653
"150",1.11437355450555,0.802094532556951,0.560924525411524,0.729603301539955
"151",0.835240835020892,0.780145308475299,0.672711271543537,0.937603448827658
"152",0.978643195733883,0.829645838382558,0.570393680538243,0.668527558903419
"153",0.917331500463871,0.781374228113377,0.560243767754616,0.63850929813791
"154",1.02672200366043,0.821887192318104,0.617180460976723,0.704137066698765
"155",0.926543366740846,0.854146489705957,0.601658053851743,0.307271553731491
"156",0.850542677427531,0.748455396678392,0.637449839118699,0.940919926584173
"157",0.946089174556206,0.822051468804483,0.631010462341573,0.890245077821117
"158",0.817355204797587,0.950857674076075,0.620540759146896,1.21278249222742
"159",0.869127473698144,0.734214097061722,0.683493272506138,0.948125175066648
"160",1.28522994277943,0.793198919267962,0.530252213896408,0.345525324689954
"161",1.17291237085714,0.906541150706333,0.472611344039056,0.180459721289912
"162",0.874025097615534,0.828645850107837,0.634299122336597,0.594451865217049
"163",1.03780023005372,0.793005932115252,0.604496863546599,0.775593351242381
"164",0.941850779599878,0.773748608115001,0.622958054603732,0.290431702339744
"165",0.954456830785325,0.958279040456185,0.603959821250903,0.966083357524314
"166",0.944053310714093,0.805695572244415,0.608601446635948,0.451295194044631
"167",1.0849723824828,0.859792165688807,0.547551133243203,0.491980827853326
"168",1.004108165288,0.815132955107373,0.634071368335279,1.00532581614355
"169",0.902619779550952,0.74319191933461,0.671056931650528,0.55745595939037
"170",0.64400078159051,0.607719722138605,0.752497778020557,1.91820550960073
"171",0.776147601006953,0.718539673907676,0.663714211002187,1.20663723534081
"172",1.10845237695113,0.922958247678767,0.561182748633757,0.4519755676147
"173",1.06125982122542,0.89055353044609,0.589613371529228,0.794848074028691
"174",1.28998237555019,0.844439146075166,0.491331870839831,0.196580475906881
"175",0.949722034538861,0.718787166121507,0.582723183418778,0.403656512054698
"176",1.01476463565913,0.810827291499442,0.594742557644117,0.77862047945522
"177",0.971042423329613,0.672644244687468,0.561408119543987,0.515497594409404
"178",0.739311037749326,0.711007873075828,0.672000426908019,1.29287099071351
"179",1.2027667799649,0.933889910833819,0.538462478908328,0.579739117115628
"180",1.16467187573982,0.785525481778211,0.573692578426127,0.444900984510727
"181",0.784411081873465,0.836768398171685,0.672889457100306,1.40183707818425
"182",1.21204475700838,0.799293256604257,0.449570955037068,0.387843831945005
"183",0.966110041248428,0.886633786808462,0.595092187238714,0.973821472673924
"184",1.16710991527296,0.917283038555722,0.500808419472645,0.320797965796384
"185",1.11353418433926,0.897391702101484,0.610924463892641,0.736511697914897
"186",0.985309904548885,0.872994870013367,0.629582742650795,1.13586565257171
"187",1.18383115675901,0.762047917640983,0.54292233329768,0.514149205736687
"188",0.826557605982786,0.782157752196729,0.61483802144325,0.819207151118894
"189",1.04280988869693,0.881649713015762,0.628893278043796,0.876476728327711
"190",1.05592140665462,0.846362753543136,0.549905623761883,0.814724772787379
"191",1.0525989000046,0.774532647874212,0.583953003950751,0.619471695109839
"192",0.846420294461464,0.730199856888737,0.680354873692801,0.743150159572883
"193",1.04135392085302,0.791989481015513,0.533861270880474,0.502786581660916
"194",1.15792034660559,0.711354671922611,0.521124753264853,0.381212598165911
"195",1.20765120360519,0.817039748959725,0.57596516727346,0.328317281053992
"196",0.736947168602574,0.669098222406257,0.721064659877905,1.37422435656817
"197",0.99673340361328,0.771310595307407,0.610346597492854,0.676479092856955
"198",0.92128340924441,0.83456422847334,0.625189825368425,1.11148278904771
"199",0.93793116346876,0.793045606638023,0.614020097337959,0.703394163222235
"200",1.16824211215963,0.838728147965522,0.523943719576352,0.27446526308355
"201",1.11594295889491,0.89330855206229,0.569133992704668,0.343870844065292
"202",1.09073010095875,0.783607671175211,0.6223233722442,0.747045921393468
"203",1.10802870612431,0.784477715698244,0.565478938774781,0.347902652955606
"204",1.12851842923168,0.998732877249201,0.53938023296666,0.566184325869158
"205",1.44507315786495,0.876409709730661,0.381389915297537,0.216835002976836
"206",1.18100681787274,0.811323998045092,0.526840217198421,0.783042212518915
"207",1.09544691661112,0.808245447551118,0.556858043442105,0.443535974927081
"208",1.17981858941695,0.880476525609212,0.534036892015422,0.607513423329822
"209",0.988303534936595,0.754322906649474,0.579802918819475,0.529177562048682
"210",1.17409808979633,0.974199457146351,0.48413967935135,0.523095164328872
"211",0.884968761919009,0.859859833561072,0.574534249077399,0.608499817129813
"212",0.807321634042994,0.838956129949292,0.679634272205161,1.02687627518147
"213",1.06438411553412,0.779525156877227,0.589674589231255,0.599518177202314
"214",1.20083617939996,0.885592393923784,0.562058286141518,0.530969963601566
"215",0.85916233873468,0.710973818080344,0.641418055619916,0.976807302843632
"216",1.11126789557939,0.755805236507752,0.559020676357387,0.360232786070592
"217",1.1188639157021,0.737668795142273,0.591655505218212,0.488723379830453
"218",0.864542507620601,0.777606693623841,0.638871132990559,1.14750589535293
"219",1.18866479739288,0.836669316913607,0.44298744264626,0.313083699240476
"220",1.27347906118754,0.823506670738,0.492637824228073,0.220097773566589
"221",1.09375775499046,0.792493141540166,0.548779804046841,0.606351383955416
"222",0.885926482573662,0.787306993341548,0.650659904347925,1.20485548592712
"223",1.07034923735796,0.835702749450223,0.563122760262057,0.458287801420586
"224",1.05118416442743,0.856605059402393,0.578176499025909,0.589193548604822
"225",1.01402012059852,0.787350581776285,0.606052789200264,0.507938681221756
"226",0.769412456001154,0.609328309592055,0.718987415631426,1.68828977911842
"227",0.88847889889611,0.943677553184107,0.595041522836777,0.540308682696546
"228",0.952553032042828,0.817584118801085,0.594313018721112,0.334072415379687
"229",0.983559623443361,0.68817894528078,0.587086640032174,0.681970616323687
"230",1.47431041548609,0.927932474372876,0.435994485276937,0.38050678988863
"231",1.16200226591821,0.822828578108397,0.549262115625208,0.751524016790362
"232",1.02493370194745,0.79809958373775,0.585047084231801,0.615639334329221
"233",1.04613328098976,0.865367338676753,0.545949096792639,0.603534901120348
"234",1.15987836306332,0.721738926205088,0.511012494492698,0.218709059745041
"235",1.08044607881812,0.788165592087178,0.558641307672336,0.63682874063679
"236",1.03635854830964,0.742773709653972,0.633795565968325,0.890612540046228
"237",1.08511317950624,0.909637063424882,0.561393217661182,0.638285135150603
"238",0.800417100336258,0.789873536479691,0.686110941044605,1.41702282184428
"239",0.973138825958254,0.796742030833724,0.581265565422438,0.677756693133736
"240",1.22367307321628,0.90348557858077,0.519751541123909,0.404579140602309
"241",1.00540341188985,0.759999399085523,0.606341655485571,0.471524337026184
"242",1.23483607473092,0.751365168816381,0.55453244057326,0.535922256871319
"243",1.1585742961534,0.960863372604294,0.507408887689883,0.341967552891949
"244",0.880631950141509,0.625083482275549,0.601524004460856,0.777004911715102
"245",0.684561023049742,0.621180046371507,0.744757262099276,1.64861140839701
"246",1.28944395897709,0.937567885701753,0.52065280335424,0.422716274945596
"247",0.95622789778475,0.704262412829797,0.627056202112032,0.610366735496909
"248",0.983471047506921,0.865778094000134,0.589193380322923,1.30599039794244
"249",1.04914020844208,0.798713881807179,0.604694721762591,0.818547271613846
"250",1.01330020522236,0.838935178203214,0.629912269823827,0.955782907324156
"251",0.977433298280522,0.755211350522547,0.574659139129451,0.643455020427515
"252",0.751028811268295,0.761368201291215,0.674879302481257,1.23301000628056
"253",0.706216842589695,0.754576430470506,0.695333545043272,1.34158858225723
"254",0.875881763214936,0.774179835430063,0.671954395799649,1.97619929293903
"255",1.38394135136355,0.905477752812501,0.441057612534914,0.256784367999069
"256",1.14202019709317,0.8553091333551,0.549676578433292,0.44994647289673
"257",1.07844186942899,0.748089900599384,0.546492065000424,0.476982110822945
"258",0.774380505541749,0.639144040181369,0.712979797797721,1.12640733894387
"259",1.17822865475181,0.810037633025217,0.544029158377783,0.430151404403641
"260",1.01400070608874,0.757883122466437,0.591458216724922,0.806034232878035
"261",1.00549308756871,0.690220517256863,0.602257481183265,0.597119109310723
"262",1.14668591234942,0.901434752243929,0.511216576151142,0.366140820122263
"263",1.10613690326112,0.900227259528661,0.499032199609999,0.666609836292727
"264",0.796883082461388,0.861360801011208,0.652925486732845,0.942646006126683
"265",0.864367118685485,0.75295339423623,0.630296356421948,1.24302910359406
"266",0.837247510750943,0.807330757521957,0.646731008121965,0.928684796999789
"267",1.04354225663427,0.761419142012093,0.592047593184414,0.749333452434842
"268",0.921264042968658,0.798872398258898,0.582760850104775,0.670198058735495
"269",1.0587919759675,0.819423076490392,0.604337826619021,0.887050512724866
"270",0.998412804013048,0.823936684776635,0.602542673561685,0.736829404375623
"271",1.08055559353453,0.796471561999827,0.592550681170992,0.382439765728024
"272",0.756539016192401,0.71344960017347,0.685037878354537,1.62412242145113
"273",0.867704596446393,0.721530833926619,0.667035841732006,0.651684691703785
"274",1.13443145911663,0.760914454123314,0.536588456243207,0.280826189037887
"275",1.38264678552908,0.76331099146812,0.497219350716698,0.360278758018706
"276",1.33667155418378,0.929930346840189,0.506398982945429,0.510705606270164
"277",1.14721548389479,0.825073998295879,0.552218780681189,0.517118558709519
"278",0.98443350924611,0.797064546345778,0.606855627297879,0.844962522344741
"279",1.16148443414197,0.860312769757673,0.589000554089891,0.432627361805684
"280",0.735146893666795,0.74221923013118,0.704047144256524,1.29558237642461
"281",0.781255711017977,0.685769466128374,0.722368261898374,1.20711543556746
"282",0.834322007872786,0.678791623682398,0.657784246155543,1.29172091010106
"283",0.972529082966726,0.844724463856767,0.593424296418593,0.490232662926429
"284",1.06288058023389,0.765082460082671,0.610951471363876,0.563731545786692
"285",1.16084256636038,0.829300786965264,0.532672074734148,0.427643642692251
"286",1.16383971812784,0.934215781103867,0.462181276281033,0.399247119948338
"287",1.13269993177099,0.930224720957462,0.489774805508565,0.335065546978083
"288",0.855982422123999,0.754025264150806,0.695162955084046,1.35894681987994
"289",1.02897170114942,0.813740224459033,0.592647782601179,0.922299704215112
"290",0.779846541877981,0.734878093037423,0.69702931550972,1.06964338112394
"291",0.796482986933145,0.651552189260356,0.694365699565178,1.19659914399604
"292",1.27183281668829,0.787064399534752,0.521147282873386,0.308493603450299
"293",1.13120782146178,0.788680733549606,0.572160430612033,0.84024969331911
"294",1.18948520400978,0.815996655837812,0.482832519995748,0.403515928062225
"295",0.983692948048362,0.836363448407929,0.582827418130466,0.850818664315146
"296",0.941500217882948,0.811792068103154,0.570875014638583,0.617970731991925
"297",0.799854537277256,0.74913478675104,0.697483155341431,1.10662251129888
"298",1.10784635799664,0.901383160310959,0.574886278589163,0.452214200054796
"299",1.19225263683205,0.847418951629752,0.514555115296398,0.526919104803625
"300",1.12294405011959,0.912402316095814,0.556849230418472,0.710506837663253
"301",1.01940005818086,0.841751473579359,0.577713314755235,0.904431241352742
"302",0.744848458737092,0.728705316543001,0.711522672836138,1.60793971500465
"303",0.966537676827121,0.847069495476478,0.612765353835288,0.891137889691835
"304",1.18075584043099,0.752329546281825,0.546560737161678,0.520381424092699
"305",1.33979560302835,0.888559566725022,0.444529186140815,0.331775001465788
"306",1.05991913503868,0.811868505982036,0.514244209423155,0.427497085738829
"307",1.19027634528112,0.817365241134551,0.495217834910465,0.206237727912853
"308",0.935910022709348,0.714963263557482,0.632688374132909,0.825129029301344
"309",1.34738901606465,0.980683291203705,0.493843344829208,0.528757717162578
"310",0.935387559929169,0.774559827868595,0.586477648130341,0.801145969767752
"311",1.18691074901358,0.863740906006005,0.478051561559553,0.449056816124139
"312",1.24976411934744,0.884146481743012,0.507579149193287,0.508817236240301
"313",1.03985871627778,0.770982998208783,0.552556490414035,0.641040767216838
"314",1.12296530678472,0.833617100249792,0.58035676129121,0.70803335060681
"315",1.16546546741169,0.891150005168525,0.510308627137947,0.362511581367177
"316",1.17118810220731,0.851513551659806,0.565583048142688,0.764428949731843
"317",1.30288474281044,0.921016139679713,0.459383924145047,0.383272668097468
"318",1.00493202389959,0.689238550035388,0.640324973550611,0.936511654724558
"319",1.11902358663825,0.749321960805059,0.545112363155181,0.247973364227811
"320",0.829352904616236,0.733551050054749,0.68585117249385,0.988441781864733
"321",1.28851893522356,0.862568581390845,0.504796719744979,0.351509310290639
"322",1.02355730401868,0.721510097787065,0.640857086309235,0.783325806850739
"323",1.10156597086646,0.853692576019763,0.581471895567454,0.608242842400817
"324",0.945123327910456,0.765046866893907,0.608806569573487,1.24252409144415
"325",0.776519067308524,0.717682484711042,0.696672239332608,1.27287762114711
"326",0.858817574776696,0.756984337171414,0.665569480227143,0.999913731895887
"327",0.653845401318204,0.732980559622518,0.698688755152901,1.02248706053794
"328",1.30422495049631,0.769542512793907,0.546514273123676,0.462593958065091
"329",1.06667192631282,0.735920065063123,0.532571460862044,0.483481376126007
"330",1.12819969472729,0.696220116484977,0.54944101648271,0.440893460306921
"331",0.93177638659276,0.790758976619494,0.619372391097729,1.1942575454912
"332",1.32506902943013,0.890567795986941,0.428356760383895,0.400097218797167
"333",1.116522187981,0.713828285227622,0.521627168817051,0.36489410072128
"334",0.811486266615365,0.792883728996371,0.659039383775057,1.0340132033387
"335",0.899356969114378,0.831254520957808,0.635297255022555,1.1019598486583
"336",0.99580777361885,0.775803929287835,0.558986814163486,0.39305093293979
"337",0.900964381794598,0.796327222153514,0.657948222553304,0.80713457534199
"338",1.23505833239762,0.814892233310788,0.505581131946508,0.285355649469183
"339",1.05727538524672,0.847003564558233,0.535467756921477,0.400624090783945
"340",0.816367035040978,0.814233842456604,0.647814048731243,1.42783881364868
"341",1.01540089661332,0.782035477639972,0.595457810114214,0.707872060030045
"342",0.843805086844401,0.868796272146799,0.629910049629649,0.881655020301736
"343",1.06409908040907,0.780431187707412,0.588833431062956,0.706589308668664
"344",1.0597084635516,0.744683437636411,0.588622490857297,0.256142536464361
"345",1.13571771741243,0.962629962974285,0.524406315991445,0.562952327541133
"346",1.20159540777624,0.854961168579093,0.568702294409102,0.470179751058753
"347",0.773322680128841,0.658313329307676,0.707074742375439,1.00389873040478
"348",0.893164210466644,0.871684191782109,0.647249521932605,1.42001846224142
"349",1.23540235439356,0.805141324446127,0.528832054007034,0.69682508710972
"350",0.873231912729385,0.661097445099336,0.614977110789513,0.345465728459631
"351",0.882700500848468,0.815836595856503,0.662834033289355,1.2692994327145
"352",1.20478006145354,0.899272153185232,0.510649853187026,0.591195241633452
"353",0.830542772335059,0.731617432551272,0.657649310661559,0.710356170903087
"354",0.971543916310428,0.695704068322696,0.593496269326181,0.427969267998361
"355",1.10127064787585,0.783679337391544,0.553780126468457,0.546852563489957
"356",0.938109992679045,0.849540438312614,0.620812452433692,0.944364131494365
"357",1.11646390484634,0.820620201285101,0.558360797133567,0.533394076857346
"358",0.9542903897353,0.818582385673428,0.642855393063136,0.425881918762925
"359",1.20666377934518,0.916357020088096,0.534825065788289,0.515022359403845
"360",0.93888498610493,0.700919534815398,0.663963856082702,0.922985159442709
"361",1.35181491481643,0.928546904498637,0.455352572596121,0.472084714288182
"362",1.1612350317059,0.943827583374383,0.560803694513653,0.72237068661095
"363",0.984460979194514,0.81535683999712,0.604316326690308,1.02117628223181
"364",1.03322125520324,0.735469220242622,0.631518810555194,0.603625432099274
"365",0.901897242252936,0.831154399402278,0.607870764237854,1.19387531618532
"366",0.914041561489943,0.750193921240324,0.617555832012576,0.695106691498084
"367",1.0654303606638,0.655375493223265,0.584141155088291,0.235121574370064
"368",0.973340360315312,0.76963100071336,0.587916866928319,0.414066946668231
"369",1.2007605742094,0.80757002292129,0.544130381849126,0.468756791683649
"370",0.794513665017143,0.69267648759945,0.68040480087806,0.67463461487712
"371",1.04343629380617,0.848721293044281,0.557865977200775,0.680380767347819
"372",0.760323294870121,0.73386303580398,0.669136947402036,1.64317917682431
"373",1.02392030726089,0.814782202199895,0.633528880722658,0.904749310764086
"374",1.31326204451667,0.83016129447751,0.488605122851765,0.407772946229379
"375",1.05299693308653,0.736445392403457,0.618755636101908,0.72088746255053
"376",1.05133232050727,0.728263386178857,0.605651792757964,0.0401309754618557
"377",0.924084110547867,0.707974254966498,0.606102254668429,0.703021501475434
"378",1.08074294981024,0.806911987051,0.614020375067772,0.569429174513572
"379",1.26558255659511,0.89724569325738,0.473988962346171,0.192046545716836
"380",1.2859543525587,0.971466009149696,0.461943785540292,0.131046322166088
"381",0.768122915390283,0.872047740494559,0.691268924682362,1.93393112977781
"382",1.3308773819844,0.964701301899011,0.472292869950675,0.325413280233539
"383",0.984263982856559,0.737901886565641,0.627736768964993,0.671069136491606
"384",0.6856443478161,0.668024670746607,0.715263975159427,1.54082999511513
"385",1.0018415665494,0.808143654164428,0.630861618810095,0.823758055779157
"386",1.01932461908738,0.805314182944891,0.590961228295594,0.55127888371609
"387",1.20569215656708,0.896492923048075,0.514616684151738,0.366919234174408
"388",0.904569280857134,0.817016931981466,0.612105797231075,0.775687502291403
"389",1.36164889141564,0.919465720571833,0.481078928576359,0.3405667454551
"390",1.16559059106779,0.804502041484807,0.519542213080053,0.319972005338817
"391",1.37937102179224,0.90775837476901,0.511554170753456,0.423201685398958
"392",0.960525411798225,0.720687342183843,0.639171520736955,0.765267833511862
"393",0.91866681845837,0.719623664566366,0.621324477139996,0.556170279029533
"394",1.20000609045151,0.641823842176847,0.516905760687798,0.252276314872123
"395",1.12180595220043,0.688614701013384,0.588176963215701,0.35568630604624
"396",1.13740308952047,0.85595263033473,0.528830534581411,0.496755197965275
"397",0.633351360626402,0.546524791655822,0.71925914865851,1.71169810650458
"398",1.07929431524214,0.771786331680183,0.606957641936584,0.750792947234618
"399",1.35774621021195,0.875278049294143,0.486868401280442,0.365593895427084
"400",1.08725816907596,0.826262893191024,0.564748531194572,0.721258731017158
"401",1.06686114896057,0.910247738710247,0.564901652136798,0.517557200061318
"402",1.21632578649307,0.823927842490806,0.539619308670298,0.332667738825529
"403",1.08136238049531,0.829920697160822,0.577262556491277,0.45017017893549
"404",0.922833466134317,0.786832169186434,0.615486055777368,0.494969394425721
"405",1.09083504729461,0.842366130849881,0.548121355718886,0.468906251145332
"406",1.35612030349969,0.944997062486447,0.461857022420759,0.436624239104423
"407",0.985778245911387,0.798269883389915,0.532363260952853,0.435966240864801
"408",0.925453339750508,0.707411303386099,0.646503689934871,1.35146676654648
"409",0.808002546673878,0.586767825191573,0.674192521502469,0.63666389297375
"410",0.888711845304475,0.671608346334186,0.608151743692912,0.926386390672113
"411",1.20228070109808,0.838231866331048,0.529991907311149,0.343318736797008
"412",0.938631709341809,0.762623308893393,0.662605424391873,1.04207912674076
"413",0.964137762091211,0.728698765674109,0.632289183031575,0.753197055364073
"414",1.08078595934608,0.841083795955274,0.576826170968645,0.461369269450337
"415",0.982441287877794,0.857340980668147,0.65528375863937,1.08194881719148
"416",1.06510555113574,0.808584038570408,0.58459221874581,0.834848842325527
"417",0.842425091698627,0.632797973631584,0.683536779977976,0.943451016362704
"418",0.450695328123406,0.566233276047807,0.811108412353979,3.08224231015237
"419",0.788049911260409,0.733215716139958,0.664944765620575,1.46087941536806
"420",1.08177709227534,0.797965312750152,0.543553969504075,0.814640555640048
"421",0.907496833770226,0.664378949997118,0.631098848060884,0.553890023841797
"422",1.17663226342061,0.741591429913761,0.56549768706772,0.543995657826525
"423",0.812224061767733,0.690207917112018,0.684695628195756,1.41245646274416
"424",0.683777186438866,0.649503732621812,0.715092838983806,0.966693214903664
"425",0.956701675532002,0.814021014434327,0.621857045244268,0.810208295843719
"426",1.21123031263307,0.837291835674141,0.506828048602168,0.296266879555172
"427",0.996520795538214,0.904477214795142,0.568978894663402,0.947535525825963
"428",1.10899056704297,0.8354169781381,0.546239538853121,0.411197566987363
"429",1.11786083869136,0.79774968813827,0.542984121548913,0.342758901712332
"430",1.03195482590076,0.800349132120412,0.577759891202637,0.531385103600022
"431",0.878539160216707,0.733673311970634,0.633024578021426,0.97045952565292
"432",0.857337357409167,0.800432735013301,0.604184045517467,0.929403495960357
"433",1.00092744546792,0.747576760353722,0.574797176946509,0.261233255861263
"434",0.793791516650097,0.734416909611251,0.638857362761557,0.805833441824308
"435",0.780670680852798,0.693367434330916,0.700892459443373,0.604376203579569
"436",0.781207393293594,0.746897122637993,0.702056676852176,1.28855018566424
"437",0.9132609507164,0.677959970437853,0.629959096144084,0.639787385974684
"438",0.894526451789252,0.779706281826661,0.648101317156077,1.0862682978801
"439",1.0547189266065,0.726925700297367,0.572295650200123,0.609568475999282
"440",1.24546468458123,0.705589403832671,0.548744679499553,0.361296174057687
"441",0.870056717630164,0.72060759953583,0.58998269668701,0.667585535912652
"442",0.877839060039588,0.684982069882083,0.640524545438334,0.645319425625124
"443",0.634044023919266,0.653515030729164,0.734487427169486,2.22583319406594
"444",1.04638982022417,0.799384263431298,0.625218545764984,0.662136597910527
"445",1.1796051225687,0.990209027667414,0.453380388058989,0.36907050851598
"446",0.924166063174327,0.777245752446012,0.620309752188033,1.17199162416155
"447",1.0814032156112,0.852968794784927,0.557527325854664,0.475411249946853
"448",1.08840864745514,0.785363673840505,0.603926984186629,0.782932143976894
"449",0.869675186993971,0.896646773474053,0.62642818428094,0.769223293238498
"450",1.04080033270232,0.841043059243954,0.570980901606628,0.5000423000729
"451",0.952117633202367,0.755937396406131,0.610745039573848,0.917024769254216
"452",1.00100981138954,0.788403013022803,0.609894851368067,1.00870211151534
"453",1.33080832614684,0.850001720530476,0.553120105390585,0.398554306836267
"454",1.0118014329199,0.75900391667436,0.631804427612846,0.716392973230402
"455",1.19026549938548,0.870754313563638,0.523512610334076,0.428341816460533
"456",0.917853761351981,0.921861634908361,0.613046474978086,0.654692501395415
"457",1.12767888572296,0.794380702081981,0.590827690231146,0.961494401267277
"458",1.2023737276159,0.939710257758304,0.539320410875133,0.708429558098851
"459",0.948153559553251,0.74571260618221,0.612048461721256,0.357497769007086
"460",1.2469942373153,0.869950050744093,0.43625938638549,0.111920433271766
"461",0.792503611953906,0.689252664543579,0.673059566025616,1.10055897812632
"462",1.0044256816502,0.709978047511168,0.596291928597186,0.619096624505305
"463",1.18991328837842,0.950062838677107,0.484439649749383,0.284836703317882
"464",0.818112682129294,0.828148704886968,0.667163270085722,1.43954222553398
"465",1.10358070064127,0.919755179846778,0.570591167065653,0.470445966628638
"466",0.963829606636277,0.951393457500138,0.562293548303235,0.213320728345501
"467",1.13813166179236,0.803972158785183,0.555069717829414,0.643418641257119
"468",0.890933424646752,0.682878005048808,0.643055518971654,0.789350729521228
"469",1.25312174409982,0.909698546100425,0.462179508970033,0.403588062098384
"470",1.1261300018303,0.816927835826611,0.55733883575853,0.581310766783299
"471",1.42486264075911,0.979959413424472,0.445146946744893,0.312963636421878
"472",0.617093520464846,0.585963802840547,0.767310135571325,1.459873601662
"473",0.934717969271142,0.711080757117327,0.62340130166352,0.712657812881912
"474",0.796611451923213,0.644948454341074,0.703641572945233,1.03311211836394
"475",0.983077944226807,0.947048906795673,0.632905920751752,0.919589461756084
"476",0.976878137341371,0.805799231330998,0.633579093270303,0.79538544989682
"477",0.96867728504208,0.722455033799173,0.620126554885459,0.649932794019702
"478",0.920823805457992,0.818446524644563,0.608825911020394,0.827384319371658
"479",0.877163994442405,0.738878626039571,0.602733698169201,0.859346370331411
"480",1.11293066515477,0.506700341384404,0.569299278190877,0.239968031396559
"481",0.935719172265931,0.892044181269693,0.603172530845661,0.820002867764322
"482",0.801883896419908,0.654029930145343,0.671089460041055,0.744034109865088
"483",1.01695643843368,0.884798686875399,0.592238797741106,1.05664028268045
"484",0.820625012631707,0.641726616187808,0.682420660746243,1.37486826462373
"485",1.15025465946535,0.774444822469508,0.562640813891503,0.484920314280543
"486",0.828072175626415,0.739513213086501,0.670090766682703,1.19724204008147
"487",1.19072355190247,1,0.479123555598218,0.391363491419685
"488",1.02744622921486,0.849492766287129,0.61804972891641,0.650793560658946
"489",0.993883204293175,0.709759946747221,0.597618135913694,0.682482683256307
"490",1.05553120853448,0.833626399358086,0.615891117709433,0.662699233203375
"491",1.07614611402506,0.835339785806954,0.556776724042396,0.492750104106789
"492",0.764614630244323,0.864610689429179,0.680612100983992,1.77948210396997
"493",1.24576894683015,0.912661770188684,0.466251522352119,0.315701517684515
"494",1.09391511738378,0.968328737290619,0.582793624186202,0.673916466970617
"495",1.12696390942728,0.972645901789302,0.537371137345125,0.897282947770424
"496",0.803155411042209,0.771328858476381,0.71047029162141,1.86951502651352
"497",1.13161864039404,0.884258287749191,0.557269702506243,0.57599502502406
"498",0.853660870725396,0.811778664607359,0.649851980834538,0.949873495816759
"499",0.862154696044317,0.748457344794663,0.655963808442012,0.590151780162637
"500",1.04683578687113,0.897647620749155,0.560153030726418,0.808093299246255
"501",1.21979265978547,0.859844468615994,0.584539284814212,0.716423744686752
"502",1.00240840297823,0.893832635151046,0.622587197673858,0.901370981271004
"503",1.18751938579603,0.914812732424025,0.522701211496773,0.444344403621739
"504",0.923701994982759,0.761724352707113,0.632284237666099,0.690333582776001
"505",1.27669638384322,0.897973094154541,0.516768969022247,0.366509519249555
"506",0.990610469334457,0.901909297177997,0.628984842945896,0.90131292575944
"507",1.07869511609908,0.87997562840332,0.552779802612321,0.483169561210558
"508",1.14605615161615,0.872019962142659,0.540842887974301,0.633602394009871
"509",1.30050354564588,0.978736802472335,0.444229253997487,0.352535769209965
"510",1.10700776098795,0.809483211327365,0.593310888689218,0.401037024162408
"511",0.93641859831284,0.881178570422219,0.677541804988692,1.01693410792433
"512",1.22020841449105,0.9076567343968,0.521861906547394,0.425200453480113
"513",0.929380919977924,0.849174448174039,0.612111469124406,0.918078337171226
"514",1.05857432333335,0.810702591621816,0.564013870126296,0.664214299858656
"515",0.991124623159382,0.862824274045598,0.644503363285731,1.37118229222075
"516",1.19076927978759,1,0.392464653169598,0.271601272781547
"517",0.790523883760853,0.886347557342261,0.636373558527667,1.16901595221124
"518",1.34243811521134,0.986895215784366,0.452066075423945,0.162685179458998
"519",1.04971515548095,0.772059910563217,0.555205442592819,0.576760375219501
"520",1.06150041756053,0.821855475692353,0.579103720237695,0.431006648350164
"521",0.796837980999983,0.631572061840088,0.703557298735126,0.893953224548617
"522",1.05651142379561,0.738985816144963,0.568770847430364,0.420174038666133
"523",1.09851639759871,0.8693789479468,0.552356806194493,0.460618714256848
"524",1.04365956094962,0.741183349717686,0.583867798664425,0.505639614803598
"525",0.965186890957601,0.758530498995614,0.641992992968249,0.706691766348222
"526",1.20808570240558,0.863554864550253,0.514825019114227,0.831700921066952
"527",1.29602805112894,0.858966574119767,0.516046284119142,0.31687984446148
"528",0.910706019167411,0.727602503306708,0.590877799116168,0.567770423093664
"529",0.966447138372198,0.757524397653581,0.650597563856761,0.68961794377549
"530",0.979351073351831,0.730603459788958,0.629874877795982,0.920429915840419
"531",0.81848646774356,0.727989592868041,0.66009698183407,0.790899966438046
"532",0.989654680038886,0.842593920939686,0.58935490454818,0.501001153871573
"533",1.13443805080656,0.714886571916896,0.625350709773262,0.786466861440008
"534",1.03021756780608,0.925994531488721,0.573585443788874,0.935380433527553
"535",1.2328599840154,0.84812861937578,0.506856006393839,0.300419116175059
"536",1.06496892477394,0.944224724014506,0.551024905238642,0.881720478301838
"537",1.16886332561848,0.75347623836226,0.522912928318989,0.421728426008477
"538",0.892474861325878,0.701698464947188,0.672846458458256,0.425274177813804
"539",1.10769843975583,0.915651530759381,0.521719153818726,0.370336202803567
"540",0.945041937393152,0.768187316359152,0.602255076854734,0.485293050931926
"541",0.955031172092039,0.734567760553819,0.645233591347683,1.0713559091608
"542",0.623459911504235,0.568412160219191,0.732420638839384,1.59414181120478
"543",1.27466475438118,0.796174121606473,0.4909485805187,0.38257026768651
"544",1.00117742087054,0.786934660510065,0.598887251253789,0.413870144554247
"545",1.01508999124128,0.92297093688011,0.565458051694659,0.52130207333852
"546",0.808058421172442,0.71893332364069,0.690872830461958,1.42858055677486
"547",0.994273917657266,0.720841853881182,0.602608346260085,0.513227800206247
"548",0.938668058829636,0.865886472743242,0.599202365999302,1.09887111906804
"549",0.873908583675623,0.833451605212672,0.668471705737624,0.814005736487648
"550",1.07582260481426,0.972755383406247,0.539853462440437,0.408075178565417
"551",1.05929103312018,0.881276800521597,0.618411011123855,0.732272973446238
"552",1.25473428550955,0.949284305840266,0.472357323166717,0.519029670553409
"553",1.09627337995468,0.747019775891951,0.541691730788177,0.447188747466089
"554",1.13356136316871,0.854564486379981,0.548741495553859,0.365848197017198
"555",0.862100039981821,0.878514130199975,0.610262188073318,0.833635538505744
"556",1.32090912530872,0.911336058100529,0.463916751092242,0.194945215848367
"557",1.07850826357777,0.842051525354337,0.566515971230801,0.430828381796236
"558",0.845275522239633,0.78522833030562,0.673638794502072,0.987530687011631
"559",1.12762973814129,0.817174175078862,0.573190863686112,0.484535856595827
"560",0.790835436778283,0.57728919716987,0.690111505964623,0.68989706935779
"561",1.0260182087741,0.739422262944073,0.630396898856592,0.974603849031078
"562",0.904943261147218,0.81201026482952,0.621995296095565,0.644706004795574
"563",0.666816749553657,0.719387559928251,0.744318730999365,1.93484618216301
"564",1.45990227543589,0.945849642967495,0.438066868577409,0.203317218453167
"565",1.18142616034505,0.740460860404498,0.571014466105645,0.499734753904134
"566",1.07155599922968,0.73982242460019,0.578790880805943,0.477030105313122
"567",1.41079538508772,0.856523917411937,0.499007320636462,0.28192759700778
"568",1.128193318787,0.824175078698377,0.56135563033165,0.755194509243135
"569",0.918351653413015,0.810333082629671,0.606533139068974,0.836290662141485
"570",0.802232435040305,0.831501827259378,0.646281995132141,1.17859850305346
"571",1.16701923337482,0.807565805172489,0.557947260085296,0.279654845839313
"572",1.200180334727,0.771570445748484,0.54261420170465,0.262886514036181
"573",1.06620354372396,0.711969530830118,0.594599413032716,0.659942934408956
"574",0.909158364206141,0.752686042947061,0.601595808849193,0.934606951387214
"575",0.8931008529468,0.785998469410584,0.649764371393412,1.15993803762535
"576",0.782293781355353,0.596705493676096,0.692494582800569,0.650853923433308
"577",0.82494536424495,0.707661293934233,0.655698929780906,0.83846061116522
"578",0.963390247477884,0.83904184121538,0.550237979702201,1.12127914053461
"579",0.92765818238182,0.736136574831689,0.650993911820233,0.539043690369844
"580",1.52665839092733,0.898704968300453,0.397054347974989,0.240677645230413
"581",0.957559482311385,0.74647756552437,0.608840080755153,0.729619654073181
"582",1.04981219572292,0.788148198224972,0.535481329326139,0.230431151830339
"583",0.95093786486237,0.833165186719568,0.604435164366735,0.608090268218472
"584",1.16640682889694,0.862318595105746,0.573057529686332,0.870119756498566
"585",0.889777084241659,0.749714060670543,0.616144484796523,0.63545524969634
"586",1.05371989071045,0.825211020998724,0.525778627043001,0.644098951585063
"587",0.832720311327363,0.776322204222864,0.655616082991165,0.865686638876307
"588",1.31534465216423,0.909877796116005,0.478451763614501,0.407837744863057
"589",1.15769285213766,0.779692367288361,0.541326128313131,0.506222056169085
"590",0.843647299655053,0.610672531103272,0.664420326310639,0.774976270353664
"591",0.956580079470054,0.729302634924736,0.627209633877609,0.906711176500612
"592",0.964532577579782,0.74398860943256,0.634646750916749,0.940522637546916
"593",1.30509672718707,1,0.438909403616908,0.341194728972981
"594",0.781639013564246,0.836582615951303,0.663086632084377,1.39015101481425
"595",1.27229635421722,0.850122963943519,0.495520874616488,0.221738889894029
"596",1.00485714300942,0.795950593962162,0.600930443602294,0.684234431728049
"597",0.727078838818547,0.665408329014404,0.679135552154216,1.4638200985617
"598",0.823381561386396,0.795479738868258,0.68905530159124,1.71223783025953
"599",0.980372373864751,0.720368280234562,0.665401920182679,0.738971084888911
"600",1.01304949611319,0.749743499801929,0.598633321666722,0.929069203687781
"601",1.01288723565315,0.710558206144641,0.600281280326302,0.406738247591852
"602",0.774853111750508,0.734836821433191,0.657144640818359,0.638240720184165
"603",0.855559151721541,0.781427999620312,0.662634403895291,1.09269412042977
"604",0.870476104092569,0.795978578990493,0.658636821924483,0.916410308597549
"605",0.971698586305017,0.710728962545736,0.645624147955865,0.481658276620718
"606",1.27277885074116,0.809862253012126,0.513091487857246,0.530823219678711
"607",0.922132029660641,0.626933627959336,0.58349953493196,0.286357517969479
"608",0.834027022524037,0.819108353854353,0.671642904518096,0.96157165355888
"609",1.20351051162399,0.814185480087871,0.499371667377708,0.303022657099979
"610",1.18371516774662,0.805958881644602,0.540483242334385,0.644916845287692
"611",1.60583069437718,0.999562924470751,0.399913791338871,0.263901381226719
"612",1.32641166212975,0.867423667013216,0.518369040621007,0.429583637014104
"613",1.00800364303076,0.825883180592894,0.623317024278491,0.702967943982889
"614",1.06904645571705,0.822819138957614,0.567187669750183,0.651818480943117
"615",0.859421806858673,0.797010598048127,0.637068493725223,1.0036998921806
"616",0.971762393199339,0.751463045077551,0.632186830734543,0.772642450181033
"617",1.11138999340852,0.884107472146681,0.52787171053164,0.473042773699644
"618",0.929532723988205,0.646863955091377,0.619355968882799,0.833190278431842
"619",1.35162709409021,0.863825912807252,0.503078274231539,0.326934852115363
"620",1.07039073666277,0.807073623194079,0.576920657445544,0.624950837931114
"621",0.820739190622631,0.675221112285059,0.666094714962315,1.68268300993882
"622",0.898562562609552,0.854882900380045,0.633538922263641,1.03151261930569
"623",0.839978060533068,0.75739134503623,0.65826767268793,0.951135943130156
"624",1.06074721314275,0.925833663409278,0.604493954831191,0.813772919008007
"625",0.945851644912452,0.796710024468072,0.598193863673555,0.780651337323608
"626",0.797993446892161,0.759507576235886,0.668607372553089,1.12540606035677
"627",0.999162660776791,0.808914459327671,0.625501251582912,1.17060987381382
"628",1.00151309836932,0.745821407557671,0.591219143522726,0.573740781659292
"629",0.697757606807109,0.685473810608255,0.71819159660456,1.74711071891242
"630",1.41440316322646,0.964104314595072,0.433785763320071,0.313977485891448
"631",1.03605648218135,0.77381478914909,0.532043142646184,0.565283367077191
"632",1.06989964016323,0.740003365043838,0.612916193862797,0.529137161060845
"633",0.842691376474806,0.792341819959532,0.618691684853029,0.792070492897177
"634",1.21972265804914,0.839426752822263,0.538682807091852,0.57566456186788
"635",0.830877639829139,0.833680747038118,0.65523749384683,1.12476876933603
"636",0.900750565920455,0.725856508195234,0.645652806482905,1.06037793200939
"637",1.00434944855461,0.798358963210581,0.56820745977876,0.612064550202727
"638",1.26793365442891,0.819915431228144,0.538261597076144,0.405472435150937
"639",1.08592203591197,0.943541177182545,0.572471639404737,0.585661466033838
"640",1.06992799778579,0.918778110819948,0.514991841438898,0.493459852788626
"641",1.21290693226818,0.757285174032829,0.548433755670818,0.360744553571947
"642",0.852983105051622,0.838403545222526,0.685013624427023,1.42254582972775
"643",1.03093004829891,0.84565498369941,0.589270897092066,0.566565333690143
"644",1.02743611994359,0.888856317651035,0.623649772914436,0.670853224396727
"645",1.05939134575117,0.748806021290707,0.581598994569048,0.605780754408371
"646",0.925559637028087,0.87286260924871,0.616586728654479,1.09093898050136
"647",1.06207080141329,0.832988125848754,0.624974999500956,0.664984841108946
"648",0.839358666827449,0.776095001532978,0.663448810414014,0.740825606690354
"649",0.812168603688272,0.710224079436355,0.661031467575846,0.98709933020466
"650",1.09600773311642,0.817547315513488,0.495856608502106,0.48142331068198
"651",1.03240781759256,0.784684297162858,0.588682144385435,0.407895949581186
"652",0.87405094242311,0.643489420496163,0.652049784067233,0.689906360102103
"653",1.23456981267268,0.800079026854041,0.528430170866052,0.309030432697048
"654",1.13864471242067,0.85445559903463,0.50015596469681,0.398172676773552
"655",1.12712520733521,0.831460819981404,0.549149917065918,0.283824230241497
"656",1.00746712016773,0.848176400175522,0.633648319939007,0.936719405093675
"657",0.942504994457246,0.872574807479257,0.624798967174663,1.09003510074855
"658",0.814285171818679,0.731039728895391,0.676357244905135,0.513368999479102
"659",1.26531618095661,0.784718988433206,0.473223904680846,0.438107243177153
"660",1.02036533131438,0.787347963588309,0.550499854046529,0.552812462394761
"661",0.96239562207266,0.852399967417022,0.612249950816817,1.02610061265899
"662",0.89187891297118,0.720728774430481,0.632669310967389,0.722952548620217
"663",1.2867782062055,0.928031077156889,0.497744650193014,0.556138109290433
"664",1.09617721621306,0.805428963163476,0.566728373038318,0.747250629121623
"665",1.16246006585629,0.819336783161647,0.580036103375617,0.4862561301382
"666",0.997645054463768,1,0.597073887534827,0.895558496452739
"667",1.28589645363529,0.891899998044361,0.517306136022789,0.435196301506171
"668",0.948368001341568,0.742714479819722,0.600182124223622,1.05444783339351
"669",1.34540854367031,0.890899746498217,0.474038880504178,0.252605080191711
"670",1.30398009573232,1,0.472499961273332,0.383647394396513
"671",1.03520720165579,0.839389870210368,0.587895222270784,0.565937574466983
"672",0.937524010841488,0.765009006068074,0.648867411669855,0.682925047895401
"673",0.917038608812535,0.659275248754322,0.673651740636109,0.766333226392928
"674",1.20655114518533,0.966010735697098,0.565050055809181,0.709971850422017
"675",1.10921373759706,0.968784839566753,0.537442144454939,0.526436125662588
"676",1.2735641729259,0.818563196200857,0.486879865863861,0.325318703018545
"677",0.763354430814433,0.732925944688868,0.70975116699071,1.08530457705475
"678",0.618013939860172,0.624825304762727,0.739893122954473,1.05106482134242
"679",1.28176659669893,0.968799733082784,0.51993760423261,0.495154565846796
"680",0.542509175585782,0.60887262592875,0.745778268235341,2.50370904967366
"681",0.918468677252454,0.806138955863052,0.632612529099019,0.770496442046976
"682",1.00092980255464,0.673869641775343,0.613540616774269,0.514897948272321
"683",0.832239610355526,0.826164223776924,0.663060886495739,1.0640369473113
"684",0.857102762180037,0.892070179502637,0.627993592803803,1.02732577820235
"685",1.0515985480729,0.843901400729403,0.560735777747327,0.815396735947794
"686",0.889300732485296,0.769924863583131,0.636128996528112,0.70355277145722
"687",0.840314446341428,0.704252100168183,0.640891262247253,1.09270335655306
"688",1.1810674520449,0.724785912235958,0.554985888453315,0.549416108249299
"689",0.773094700598714,0.642978352242173,0.701277163601734,1.54319894679368
"690",0.754305695842943,0.61717882886978,0.693122174189202,1.51936856368518
"691",0.832323752060393,0.739714714010849,0.652038565192143,1.33634952989613
"692",0.791135829762173,0.74066802077947,0.694306093600397,1.48593503408111
"693",0.739596610331417,0.736882447989127,0.712666429552674,1.52583178354893
"694",0.916779976778702,0.616952759540854,0.637922600008412,0.876395486080118
"695",0.79837070958391,0.666691457017215,0.687892607668526,1.11538882726003
"696",0.994210512298254,0.853793917502079,0.61072415336795,0.904649517318013
"697",0.834013193270249,0.656467129346174,0.677987184065541,1.00301808437834
"698",1.28605194890826,0.888019844741244,0.502301877357484,0.30838791551383
"699",1.02973570508428,0.844095031296112,0.570585610890627,0.765313752937675
"700",1.03759773424157,0.849100753548417,0.559967033824611,0.483352288154596
"701",1.13324838886169,0.840796280128985,0.52820633269705,0.633175277735209
"702",0.926369970541786,0.721759884506612,0.623120435092845,1.19115131355152
"703",0.998817756037297,0.835934881138798,0.575332586718836,0.46676074696867
"704",0.915024322790723,0.705052570084864,0.67780833704552,0.879818083887383
"705",0.912943020369012,0.776628588489138,0.649676507916726,0.706562052154032
"706",0.86335166655381,0.801077252817565,0.63448278300008,0.731774065025892
"707",1.01377422720944,0.927528403891857,0.607672512689844,0.808729847432747
"708",1.13250238451053,0.847417685851359,0.570370870823017,0.640142333326978
"709",0.893815102756947,0.915244068624398,0.632477342616387,0.792506142235268
"710",0.959827130981251,0.676647532003778,0.654986653133986,0.870854535929327
"711",0.928750136604973,0.841444534032921,0.616852253875836,1.06778107697173
"712",1.37173507017217,0.837274530370917,0.444191624727646,0.173943708797532
"713",1.10508601723433,0.816437393839196,0.567988265350146,0.568762077620506
"714",1.14925388390417,0.953282483420382,0.567949667705199,0.543632286993797
"715",1.1534852796849,0.896525581158051,0.594414458619937,0.993739336309504
"716",0.948495241078553,0.789902257913683,0.61285908527406,0.980389424514216
"717",0.927284106385207,0.73825465960573,0.612663280540849,0.902361585103898
"718",0.796418525049653,0.708303207624402,0.681687240187988,1.24266939582721
"719",1.27503802761713,0.976837366166122,0.521022529069448,0.294772988604567
"720",0.939934970970347,0.719923020331324,0.602732472117351,0.444762011707651
"721",0.755117278215329,0.784780914436949,0.657698423293142,1.13290781554149
"722",1.22983618987596,0.671537186959837,0.556015815929257,0.266414852837342
"723",1.12434964862137,0.908207464367625,0.549178168155024,0.583258372390569
"724",1.23273932948867,0.87893935901521,0.48678629080405,0.315157211627836
"725",1.27358255025353,0.862086803385044,0.533144226446651,0.492634753998487
"726",0.94376520127274,0.891588461188854,0.626083517720784,0.91570566947573
"727",1.24447734501162,0.884409452573564,0.50458704418327,0.412382310851459
"728",0.862238805439837,0.612999252784362,0.66785870360561,1.33642016594449
"729",1.06398248490595,0.809189472306613,0.61337845751964,0.700015628427502
"730",0.767196474872514,0.741471479595671,0.713518866739166,1.48731242907823
"731",1.1445805262505,0.64779022852495,0.559437826693419,0.395328083336649
"732",1.11057465158448,0.764593392918347,0.56034257656988,0.663280200267755
"733",1.12554465761291,0.921840209769367,0.602842393220567,0.499784738406901
"734",1.13451589249148,0.79193010097955,0.564652382006339,0.605296317033122
"735",1.00886912790818,0.825358771697051,0.591550960361059,0.856543551844403
"736",1.19216285071176,0.90807073132834,0.519289173100096,0.382103198337635
"737",0.979193230843258,0.915541096592684,0.621348325273295,1.39313776757586
"738",1.0321839288823,0.837716950370802,0.597432165022502,0.516850196029025
"739",0.642381055216777,0.69505270811383,0.729181679925473,1.57664094450226
"740",0.741479387173802,0.639412030468317,0.693856570118166,1.29991718043813
"741",0.594594439912217,0.630699894974767,0.738754639757374,1.90114799344226
"742",0.96899514650862,0.910365201070718,0.583048560022108,0.553079548339894
"743",0.936994691069974,0.7411975829976,0.643185570803513,0.849872658787307
"744",0.847670165819058,0.657045165171183,0.646804097575393,0.473283458219835
"745",1.04736635194914,0.779266828362275,0.573200345578996,0.641377107320919
"746",0.682646767350037,0.72717085102223,0.685705908218215,1.6448521286129
"747",0.98364717570286,0.787299690066067,0.595872154600304,0.458264386518233
"748",1.03965460847606,0.87613247977651,0.569679383908916,0.611227069474727
"749",0.881282494061565,0.828032189805502,0.658946403226948,1.14811828286334
"750",1.23807649967887,0.945359421064239,0.435184078613656,0.28568226982561
"751",1.05210507896028,0.764220305127085,0.571967014255376,0.665013017029493
"752",1.03878325861802,0.797345147746515,0.602607781706955,0.588577993917679
"753",1.02086032593746,0.81667786088912,0.608265415987161,0.797307690670636
"754",0.839904828898007,0.759751313745156,0.664842446569032,0.823836978606812
"755",1.09476955266086,0.871394191305825,0.549477550345325,0.247725024116331
"756",1.04092383644515,0.902920125253906,0.569866183287129,0.860721476913761
"757",1.20132625270062,0.933612734788505,0.539368768136266,0.46412907530507
"758",1.17632733888401,0.709149549157346,0.585216030012691,0.38532517051629
"759",1.2440774389415,0.909531672968575,0.512508840540166,0.541821463466551
"760",0.944706598693441,0.744128230544886,0.645912069455232,1.0646968655
"761",0.915905154908954,0.788391378652139,0.611575422006381,1.11885432948756
"762",0.982189370172304,0.768864151749096,0.623393646406325,0.765994488338124
"763",1.02343854672419,0.797849297507141,0.619822233757731,0.722744932554689
"764",0.974485211185759,0.723660793710608,0.57221895909317,0.520774256689236
"765",1.05959646649284,0.865472154314612,0.588665967976383,0.938133747009553
"766",0.987737029655211,0.728161058681528,0.607729535482442,1.33282626997466
"767",0.97274218961129,0.827726737844153,0.611214152833217,1.12149554338669
"768",1.01611327260735,0.906847124623728,0.570535387739921,0.578688212942361
"769",1.14012477689127,0.812958193757815,0.586311764553241,0.435282402768555
"770",0.923092483796864,0.761715476530883,0.635141310752228,0.303376044514385
"771",0.991955818189126,0.576213431542692,0.626522658814335,0.555782674941123
"772",1.00247759210142,0.835955368064234,0.611141352947472,0.84318605652657
"773",1.10220135472836,0.886114028042165,0.53611054093924,0.274239101009638
"774",0.751888933408761,0.593254266531133,0.698762446550977,0.829349905732718
"775",1.42949054849186,0.898088041850225,0.442476385143581,0.145454770105723
"776",1.13499912383822,0.796198948643371,0.527870580766131,0.37498779146605
"777",0.924144076316329,0.770823210803653,0.599590954802284,0.640871601170002
"778",0.643008346429867,0.556493139019733,0.761495420463699,0.698372147670688
"779",1.12636320318417,0.956261038149711,0.52028824395904,0.638562683736604
"780",1.08328797434863,0.809424494516879,0.605215752788399,0.391813703643201
"781",1.03169995662433,0.846736992990154,0.55221356049291,0.625052656092823
"782",1.12162744887819,0.937828402043494,0.564923410055009,0.671315901072433
"783",1.28011566688932,0.955375578691026,0.422330475230449,0.281310316526382
"784",1.00604104019778,0.777065585093427,0.61601487015352,0.614510208344816
"785",0.78668395322913,0.816443331743178,0.677588543758553,0.973022009347996
"786",0.83237672597444,0.795176490326073,0.661635477246163,1.19129555789629
"787",1.13543744646511,0.927814168049521,0.562957102977248,0.364896474094466
"788",0.99272197667014,0.849247419856348,0.566875228328909,0.680249869080608
"789",0.845214632662547,0.848733721721236,0.677890764991407,1.57292702695464
"790",1.04117014642835,0.774733598537004,0.542141536311194,0.915238591602921
"791",0.896833149186067,0.752951035661339,0.631236369578097,0.567099132821708
"792",0.952934000958082,0.804137746618216,0.614820533161649,1.21880911693715
"793",1.21796503174913,0.829414267309036,0.53899885247951,0.504951468685843
"794",1.03959831270296,0.770191785162741,0.592952892442069,0.762057654753652
"795",1.2206895064135,0.758333888387297,0.484070369225063,0.358229902905865
"796",1.06316164703713,0.925392379511641,0.531646851525493,0.227187771048526
"797",0.861731869859069,0.865468965480292,0.636400054911785,0.803286116940744
"798",1.19574074192778,0.857403151183883,0.542912560425159,0.340943455038642
"799",1.01506651973163,0.731790598656541,0.60036751191668,0.764134105737725
"800",1.06932595594435,0.960631739370923,0.577007137680243,0.524350408421773
"801",1.04371255088074,0.935004325437825,0.60762686057115,0.524689580406647
"802",1.06835479147077,0.834897751229869,0.55962292189993,0.496561292773217
"803",0.984122581289609,0.684836416874449,0.626377152129989,0.866829508617722
"804",1.00640392455268,0.847690005229405,0.607180357317454,0.426778696380979
"805",1.16047749710011,0.921002767693532,0.552974769992253,0.322821974980071
"806",1.19548336984817,0.798089637011671,0.524469622176545,0.288559854911907
"807",1.32781720923116,0.833506596602247,0.449038502393709,0.173022894549509
"808",1.03205829015047,0.939297238958086,0.562316246755527,1.0207933071464
"809",1.13504342842457,0.822138850473523,0.567437717826002,0.49872198368443
"810",1.08204862336364,0.786928806955149,0.546880810986751,0.630926288405956
"811",0.85271917393353,0.670741542196333,0.630857500461675,0.874541361313155
"812",0.937477618372064,0.848979997021737,0.635222716586745,0.604096028089573
"813",0.847438374496656,0.772060399755453,0.695166052339332,1.38830391539624
"814",0.679509284018587,0.733674083605846,0.714970937911666,1.68295078742947
"815",1.21510812416734,0.939591806019274,0.502412725566201,0.46045107528525
"816",0.866885659988323,0.726642269920956,0.639698395682326,0.56051662249418
"817",1.30473539476532,0.886055823664659,0.484294310369437,0.235301627636384
"818",1.00613372804183,0.836388904827046,0.595930229702077,0.810425422628836
"819",1.45027496661787,0.871646428508599,0.502307835752275,0.263969316747365
"820",0.76550033859179,0.70310213438424,0.645273244396761,1.17991991367379
"821",0.864723799379143,0.707140452828169,0.656855635167007,1.127083867086
"822",1.14068351453348,0.912348402760544,0.542261832049165,0.689467347269479
"823",0.926287357281022,0.721458176454305,0.611456645435813,0.410418093072524
"824",0.881973596931211,0.759308932794337,0.611465375801229,0.526265064512694
"825",1.01259272530523,0.830565051282008,0.558975293856608,0.621450399993044
"826",1.03174158776359,0.886496426133693,0.548669471669473,0.408782889864932
"827",1.02353968280685,0.738180296806259,0.596714072968143,0.450695081776592
"828",1.00007989426077,0.822448295900507,0.590466873767087,0.801988636866359
"829",0.913305997642886,0.777579139469714,0.612348897435108,0.747639590313009
"830",0.918371000084294,0.774566036135391,0.640136755452863,0.864397582823755
"831",0.936895150299757,0.707702060321297,0.627625138990558,0.458467354700277
"832",0.650847528410741,0.759025466909978,0.700622112046577,2.00415669015351
"833",1.15375848059428,0.739257876200412,0.558623381563014,0.603565570347535
"834",0.801526390033145,0.798008721250308,0.653917793595361,1.07628297525434
"835",0.88749664719767,0.705230682605329,0.65680717432418,0.853959368586926
"836",1.02797268200481,0.849398339972289,0.60764401450198,0.533738674015889
"837",0.804967869087746,0.794582511061449,0.670365327973896,1.12175019643165
"838",1.03534779004341,0.878540923782708,0.581508573143328,0.711557004949602
"839",1.02368090803701,0.889260233743412,0.596021741106154,0.611237564941836
"840",1.07471078028559,0.798474315000666,0.614799003481866,0.553557954026904
"841",1.04115198125738,0.859375271006293,0.539720609523704,0.375465681630943
"842",1.1369734508135,0.842224897678624,0.54989174552118,0.733355114318924
"843",1.23869585763131,0.784823830659128,0.537800053122646,0.411407082632916
"844",0.871831296218623,0.67909687672695,0.65182456221301,0.591012578013152
"845",0.892551478874387,0.77606339968082,0.649429898321136,0.763465632355925
"846",1.14395070830197,0.963969339638681,0.561704709462845,0.666374222283229
"847",1.09431570328336,0.756442911787918,0.520457623451639,0.589926591889672
"848",1.081091183812,0.918081769227506,0.581621058896284,0.519375599403796
"849",1.08555922425652,0.826128903792665,0.571602516078722,0.499254456360528
"850",0.952059352269243,0.792525794108982,0.611721308209933,0.902284689286322
"851",1.15362547240775,0.816561525758391,0.545458836718773,0.441962093237845
"852",0.887933730662752,0.630875743897174,0.619891382421767,1.04088486450264
"853",1.07045405117158,0.883142657659428,0.583804801255217,0.757451023808671
"854",0.783190704101491,0.636620990793804,0.690193550592765,1.44646682831315
"855",0.987629698173828,0.774595254188255,0.630101236639016,0.78602873015814
"856",0.964610100623778,0.798083904838982,0.563524841346707,0.456005908692757
"857",0.944633734676222,0.794362855935191,0.615377143861473,0.842794318665393
"858",1.00659465768428,0.804025842612538,0.603077816370553,0.510013079917251
"859",0.971272518771964,0.87051201357923,0.602913933453817,0.850163372281903
"860",0.742411869210966,0.686127880615128,0.689107257449344,1.13463848493493
"861",0.967325793946499,0.81497017136098,0.645668207345605,0.744323498363387
"862",1.22542157077517,0.961525540568372,0.511394907984383,0.430893982979173
"863",0.724915451863901,0.636439099343791,0.71482476323214,1.81327307881482
"864",1.15081382092416,0.745596273157386,0.568012829983425,0.491049563035054
"865",1.20260061858354,0.922918064181457,0.550597676164595,0.280754025721753
"866",0.982866259635259,0.804152987605617,0.57303811484133,1.07959761939033
"867",1.08474334248185,0.912432575071032,0.536037920238732,0.400222970042584
"868",1.26728546634052,0.867013689575385,0.545775818515941,0.275314324072355
"869",1.3698210763868,0.907259094400671,0.487725850266716,0.262753658097556
"870",0.898428938220585,0.763524504085022,0.611406168589713,0.662034184280038
"871",1.1262457617126,0.839444205763932,0.574037155176777,0.873274330228644
"872",1.13978597189741,0.789191094731039,0.557192707110564,0.505831547562315
"873",0.906450882958513,0.817293332446316,0.645917623844331,1.13566835229538
"874",0.744796577689212,0.795945582009382,0.711319155934414,1.48778834001235
"875",0.955203278413474,0.793483550030526,0.645696113348118,1.18483466525809
"876",0.82487602784367,0.640792560260217,0.623344279523438,0.582550126862844
"877",0.703339739559986,0.712326841832546,0.706452529399004,1.70137539672919
"878",1.04997501397351,0.820892110229311,0.571088638082716,0.606587737403835
"879",1.07290156320636,0.76447226633182,0.529015995080615,0.822938576808303
"880",0.945721880105888,0.725865088359158,0.62678694549886,0.553140113033101
"881",1.05750684228751,0.779462650909206,0.575298456912648,0.773097301298002
"882",1.00564762896207,0.753489959864805,0.603138267970771,0.93290462469495
"883",1.13730539851036,0.790711166259152,0.552241969090408,0.381426208265317
"884",1.23108289365859,0.973596421640648,0.513790326359168,0.401737715234394
"885",0.961310129539185,0.788850613519667,0.605373510041386,0.839994034188452
"886",1.27072523353356,0.881611168198525,0.506706042882933,0.277054186992863
"887",1.11578802666213,0.763783472331424,0.558628154010234,0.273556641564462
"888",1.14934760065897,0.865050998424943,0.486898392562961,0.291423919699151
"889",1.29374986802417,0.848433684948794,0.489846266551983,0.17643697362138
"890",0.918159944378685,0.845305980736544,0.660945367659274,1.14244946901116
"891",1.08486164560271,0.94464014422979,0.538749300338984,0.649511062800157
"892",0.859164707232721,0.676020147440086,0.593198528772386,0.60388130299987
"893",0.991167552792642,0.819108588237223,0.607613795410672,0.808313423873605
"894",1.11440508328844,0.810831504627122,0.562635367626202,1.0447842748166
"895",0.816138524344266,0.696434114244661,0.640467610421028,0.918270486903731
"896",0.910453958875263,0.830085727466739,0.661792734444553,0.870595415977005
"897",0.790595632910885,0.605307697186355,0.705221613381475,0.657657694585399
"898",1.10177909423669,0.831184082333628,0.568944016339324,0.320542478120258
"899",1.35882157622366,0.951263806844576,0.462065884313674,0.313559759682289
"900",0.848210961504411,0.58939807293658,0.681363275167389,1.00453845157849
"901",0.797858474397653,0.755437120398557,0.642856546822895,0.679416931587529
"902",1.20622667120298,0.873795930765217,0.5545691760698,0.461012044346986
"903",1.03945569770749,0.814277455788104,0.605669310429633,1.05364841354214
"904",0.859585877323648,0.908708417124907,0.546153179871358,1.15937438235433
"905",1.10189356454425,0.866696040364044,0.544672080766839,0.59612642249102
"906",1.00658411622803,0.881756895673322,0.621300182006009,0.729983603595672
"907",1.08655837459325,0.958110995337896,0.595774414213819,0.787564061093577
"908",1.13604231111885,0.878073680021952,0.534408888885716,0.628352966035428
"909",0.996770460831606,0.935359004950558,0.60601958069897,0.562711886299792
"910",0.990812026793578,0.912290184119913,0.603040053367958,1.14009325210117
"911",1.15805256472868,0.736272417634059,0.618056541976031,0.699358826910359
"912",0.819525927071744,0.560687091756632,0.703928494555006,1.34195055130088
"913",1.18802270681619,0.839101867056017,0.519019147037978,0.21941245273356
"914",0.975195652518455,0.82728541028025,0.599673377455478,1.02261787725
"915",0.898077039780956,0.786205835084162,0.609531721834367,1.0155143599656
"916",0.976662095140327,0.837115161869673,0.570509192990182,0.910139033450174
"917",1.09278597514704,0.8008919136703,0.571120103945434,0.52563295029941
"918",1.11798532826984,0.918382026606778,0.531439510364693,0.578308290522219
"919",1.1781626692986,0.896554892382097,0.547208812721524,0.527636960146916
"920",1.08216138520543,0.857290487519325,0.594696110409953,0.652873725731481
"921",1.28492050190598,0.954560950264703,0.564728827267621,0.729089552463164
"922",1.12785745336711,0.881339270125778,0.562167137668049,0.427929350821648
"923",1.09958229865622,0.755216129672295,0.58254278714646,0.58025086721184
"924",1.16330898426418,0.912749202671565,0.490223933275995,0.599705649535194
"925",0.80477543192354,0.765209311262956,0.604338529044474,0.990760355625845
"926",1.04587312376873,0.88754090070275,0.571011844229396,0.647310374105941
"927",0.811116636920808,0.811636621707751,0.630302353272193,0.932838495698469
"928",1.19381658784764,0.98430128388005,0.527014030171301,0.728490640978832
"929",0.626964193911516,0.672597365242017,0.746987815209235,1.82521301273381
"930",0.910381346952524,0.821071873608447,0.62380936076342,1.13994680256932
"931",0.952978141593479,0.901188085029875,0.629191384593977,1.39614130034983
"932",0.945331145624435,0.777686018902866,0.606439989332042,0.488981203159563
"933",1.34992330527741,0.806537948927319,0.471860991675505,0.318323785671208
"934",0.835864410565612,0.67620096482566,0.69247078345636,0.890199228055673
"935",0.918650696200982,0.620778421480214,0.627473359204792,0.775799070608653
"936",1.42178323755612,0.983203986715885,0.485978583674577,0.297951364847736
"937",1.21528676300561,0.846040573708473,0.559359404276427,0.308676395379127
"938",1.02755057180002,0.774119018557613,0.557090270775853,0.41628062217258
"939",1.20153445027958,0.901593966693993,0.494303682542266,0.287652614470674
"940",0.944745274547582,0.774881216025111,0.613126423199189,0.74812767108596
"941",1.03616787513635,0.770094008911112,0.596821838468346,0.795911699894742
"942",1.09701058125765,0.866739411379658,0.608490156581851,0.592246905451672
"943",0.760934818872499,0.731427052903619,0.699710016230269,1.32643144591156
"944",1.01662808532308,0.720141383684506,0.603499186691466,0.539394978179563
"945",0.963873990782711,0.718767988589716,0.591578817464953,0.696696303915577
"946",1.12435943009283,0.820437141821002,0.582022516694114,0.684015890922276
"947",1.16381482048886,0.992189262418394,0.527672556619782,0.816695656230263
"948",0.934950986947925,0.811406535656903,0.612375212708157,0.781333725805022
"949",1.02376792014651,0.743372953592569,0.570206582642103,0.443284051338053
"950",1.00025330863283,0.787138171812582,0.625653701858971,0.598309627272827
"951",1.11201437227884,0.786897000257764,0.528407814979287,0.683363660948811
"952",0.910354676701436,0.711039985929081,0.617498034999397,0.64848543353832
"953",1.21633590639777,0.925573186187152,0.509541973226705,0.556744205464321
"954",1.01131822558286,0.651948327874972,0.634639369370354,0.74852805571322
"955",0.899702852725302,0.793683429791645,0.599419923096482,0.772319802603144
"956",1.27252386822898,0.946844598353891,0.587378771650786,0.4359447953105
"957",1.12768189819119,0.755323634213592,0.53478469546568,0.450683323283758
"958",1.03389753004906,0.854222790878195,0.598330407906348,0.778203847201711
"959",1.19111783737822,0.851081675246726,0.562089030375655,0.362546983924382
"960",0.885613610480772,0.663910787273045,0.651607548984747,0.567415645598273
"961",0.899015587003404,0.791357011732107,0.6726090360512,1.36831733126759
"962",1.15128648224492,0.751145789222793,0.596039830791257,0.602434780628573
"963",1.35776187232713,0.843511072346303,0.442626489192474,0.268974293305202
"964",1.02958702030139,0.790371565631496,0.590132555612505,0.730775940427585
"965",1.11690073868826,0.871458675193722,0.551445486470577,0.573935197918659
"966",0.804302592129784,0.711408759486285,0.673578493453821,1.35649714146393
"967",0.863450370786887,0.77626608346852,0.617264906566096,0.283787678143984
"968",0.967668916311776,0.73318543611222,0.610439244640992,0.767547484092282
"969",0.985956179352102,0.869239001476752,0.579011025041801,0.558753929987346
"970",1.14433659161888,0.85152359610561,0.537454894252676,0.455437654051625
"971",0.939939213807554,0.839292129390733,0.603735575966461,0.510376054215653
"972",1.14941816439828,0.872661719609508,0.512545307719134,0.586657648428583
"973",1.14149777334815,0.828488738690698,0.546664903356574,0.479224538947217
"974",1.29242675520463,1,0.486724878790853,0.734573914744304
"975",1.02663552339187,0.827920408517292,0.587365143331242,0.935545545178739
"976",1.17158124772849,0.854946843373069,0.544840230097713,0.696125635203516
"977",1.03497208079152,0.868034783132036,0.60008806770034,0.995471191485519
"978",1.01280093208928,0.84816439877171,0.620673808206261,0.854951916409805
"979",1.09622962073198,0.783458912167306,0.542856705282743,0.509101136534787
"980",1.05708445583391,0.789161558091589,0.51775344168161,0.360917013550825
"981",1.0011331094498,0.752416184868142,0.581815743755305,0.535748406866607
"982",1.09311227865214,0.817389871132113,0.570992041345312,0.61937634566676
"983",0.981795389300605,0.916565381543014,0.589206950083429,0.839334863363405
"984",0.973062705213287,0.817131528078785,0.604767382122954,0.574370997478589
"985",0.637379633029859,0.638983727376118,0.733981789219591,1.82041820964473
"986",1.13714190460351,0.82061768532894,0.488234966425064,0.323929018106007
"987",1.24299729493563,0.793274280037613,0.521187482690435,0.630361453580399
"988",1.17598291603409,0.738870535556294,0.579104181805981,0.229498815327905
"989",1.18684629724043,0.787055979239599,0.563016827231065,0.476491942466062
"990",1.3275231993535,0.881791609611837,0.528912988164122,0.477142453093745
"991",1.2478875024708,0.861944432657353,0.511398785250275,0.564768420019075
"992",1.09664068583829,0.837675061210598,0.559228020161458,0.507334552162857
"993",1.25579396119866,0.960077043952311,0.486172683633937,0.241623732431371
"994",1.14503346582483,0.947538973599583,0.589299330765842,0.910855027051913
"995",0.878107762402388,0.828667541797718,0.613508907393315,0.855441068867063
"996",1.07331465516557,0.828668151728851,0.550538251605709,0.62043841825496
"997",0.950938367983432,0.884346369592132,0.585105424090998,0.789842453282991
"998",1.14794026807894,0.85136501904578,0.538238025712415,0.482099632714575
"999",0.83625003613682,0.758160642631152,0.642322482405124,0.577027300483529
"1000",1.08001149202156,0.793083396283017,0.57278026423198,0.539494373950947
