"","log_tau","logit_phi","logit_kappa","log_psi"
"1",0.170987921389115,0.687220947748447,0.251724033595677,0.517596892430632
"2",0.14520273945674,0.851588969846696,0.302003933025749,0.625426725796268
"3",0.211752876632144,0.334916284979472,0.269173252449353,0.514856603566842
"4",0.166365371975734,0.361457495620245,0.202099289156405,0.36264342031281
"5",0.178014410214995,0.466260852976836,0.257436317282398,0.456713287069542
"6",0.177520713205997,0.398832263818315,0.272640977299708,0.553137489167993
"7",0.151271669295954,0.895620275508474,0.277801165274845,0.724281212526394
"8",0.198808151873025,0.404957555598743,0.2831208302773,0.679678722542358
"9",0.156336574757538,0.594462789988627,0.226685055487824,0.414368657926936
"10",0.190813383385848,0.604301338484576,0.285741847631497,0.404322534768058
"11",0.175735349351698,0.438837096878594,0.285744620788415,0.521756105676374
"12",0.184614057048812,0.341583399481209,0.250206856478129,0.544717130373679
"13",0.154057161793098,1.32143073258242,0.29746073390286,0.530192056423539
"14",0.178785005597823,0.485739544724999,0.256356871672439,0.474679721296183
"15",0.179248717450109,0.43524592621877,0.260914483651651,0.546441871567375
"16",0.199659166995499,1.21283662330304,0.415630466433163,0.560388308879045
"17",0.141617665705952,1.28565725049885,0.22995532139945,0.559182510614853
"18",0.169780208532752,0.753174201814333,0.260320399952447,0.531411650877016
"19",0.218242252367436,0.706851890479987,0.406968431815524,0.843053748050245
"20",0.148103169949181,1.56676034950045,0.253805239771987,0.421640394346414
"21",0.20273493398753,0.520402349365827,0.28897816754103,0.613369669563574
"22",0.135956610167648,2.23788357860216,0.299047317199057,0.394425789465951
"23",0.144682076658274,0.746573675863431,0.208894949157529,0.378302731331995
"24",0.113001525863094,NA,0.180357405968618,0.462847244275691
"25",0.192032445120429,0.32538330269584,0.260673063823244,0.494231169034119
"26",0.169545608309492,0.704319429516731,0.275357895126157,0.460184376163711
"27",0.173682169082278,0.591141661325342,0.250648849338773,0.46529550758129
"28",0.109003333090302,346.6767487326,0.159518790807538,0.316766292775183
"29",0.169984320812713,0.473973941399072,0.251268012996868,0.559303483321682
"30",0.226816702703073,0.425425758900566,0.310373929595535,0.510701522800815
"31",0.179550877583637,0.632547558713278,0.283743706414005,0.52809161429
"32",0.159933637075111,0.418681649451367,0.27066993970139,1.01174263274732
"33",0.157384402101823,0.379526849452619,0.216277028216377,0.450841158167469
"34",0.292195427630905,0.509133765188253,0.440408448477574,0.922244370237746
"35",0.154025454563919,1.44444469344569,0.248391559191455,0.44514417217334
"36",0.13070101428438,2.80935129617382,0.20415789186324,0.352875865034506
"37",0.15851124247269,221.725039612391,0.287982276883981,0.455388004408246
"38",0.127815630002137,1.02641495754102,0.213308198128571,0.521601102297003
"39",0.165546770263038,0.500337388706734,0.217898440655418,0.396101832252982
"40",0.284145992266164,0.499936598214074,0.376889141875458,0.650125539858992
"41",0.151641179617229,0.503081381973877,0.220494602165284,0.455611172020194
"42",0.207359025327046,0.330960242816103,0.303481448126034,0.805673719719454
"43",0.193515336978803,0.410380171823024,0.293698807325783,0.567986103129163
"44",0.174401531790542,0.818213006107807,0.286559970508168,0.539928396883119
"45",0.17840917160411,0.524759457565014,0.261353414233678,0.453979125332581
"46",0.164870286785377,0.493168188215411,0.250548190581659,0.424976932533284
"47",0.178363654461623,0.389471734432448,0.234050988630064,0.434384165585449
"48",0.134644602734526,0.850883610307939,0.237647245129314,0.42764332899877
"49",0.195737410833512,0.479379791615962,0.296908562058983,0.605448394006986
"50",0.176999510388233,0.414225632496658,0.218503025219001,0.404921258658321
"51",0.195246229166425,0.466046775280257,0.309467149190204,1.05087733417094
"52",0.161253961630089,0.440013025640539,0.230107009983477,0.400724595323238
"53",0.207304257888913,0.374884620326037,0.283309220679791,0.510659972248687
"54",0.179201904102561,0.495385043741786,0.276366979357713,0.455812168022314
"55",0.160853293073902,0.647464021222925,0.222367729055939,0.422163659456044
"56",0.158497641516767,1.21740590244908,0.29022557169866,0.565692702395876
"57",0.164659971003526,0.501342453592603,0.226837324913551,0.412994016032727
"58",0.156389306631608,0.407345311243544,0.221124026778306,0.417052364455364
"59",0.173435408796829,0.34750795535236,0.242792426991934,0.670881236221657
"60",0.171116516682816,0.585860989688979,0.273610984612902,0.480314053854726
"61",0.150737969705992,0.401478703488908,0.228952432642428,0.395822534183648
"62",0.194146557033304,0.444890371534753,0.303861654273036,0.49272638248355
"63",0.188988876085694,0.424599716523658,0.265492834486409,0.521281199938963
"64",0.149665699290626,0.705809224984583,0.193428940858748,0.355247830476271
"65",0.137656528815513,1.11527459824994,0.22026573158815,0.394411922303459
"66",0.182920492269866,0.440637032447067,0.243941910217699,0.45277813496619
"67",0.2196472751356,0.666587297434482,0.390947717170563,0.743949769084597
"68",0.156969209517658,0.593724545108298,0.260912934298044,0.510831118187722
"69",0.166872289843933,0.610028603788948,0.258723116242588,0.430800374100447
"70",0.174737677141788,0.532081276519373,0.267655779766216,0.585567328007542
"71",0.154105165511262,0.476576693505768,0.22209874088027,0.359591277450369
"72",0.197684712269865,0.270737610382012,0.266524774584843,0.535780276080657
"73",0.158472855133953,0.703522548130132,0.25697435486494,0.493343405534307
"74",0.161322500871623,0.479690078134117,0.233060828525225,0.413201762587501
"75",0.17741757870375,0.3484642738946,0.248126129159609,0.468842318399298
"76",0.142082770449287,2.05955692368946,0.237137778576225,0.900074173600644
"77",0.135737177829674,2.04401760723417,0.220783164695753,0.412568440223661
"78",0.235313725817387,0.38305343128518,0.343618642846684,0.834818619342721
"79",0.262002805111915,0.479862494666355,0.431248083916301,0.721643000520635
"80",0.171875989596674,0.362307480582014,0.204488176406589,0.395612356380487
"81",0.21895121314051,0.315234497395333,0.28572705817625,0.693480922276419
"82",0.170350946442174,0.785885503318919,0.272060031388102,0.575015763048438
"83",0.174062434357308,0.505205883819071,0.253371007687081,0.450685831869824
"84",0.161148675262637,0.663633363858844,0.269391139277923,0.458752757757428
"85",0.158792787236842,0.56344306569295,0.244363321828024,0.444205077875628
"86",0.226065919488246,0.352284965510329,0.288206539229294,0.479911246968638
"87",0.13872693957253,1.30025981494695,0.221557146497168,0.365242355271113
"88",0.149468237915445,0.5186265887999,0.208418591937192,0.435420622506859
"89",0.148732530775925,0.788101076293867,0.270437350504173,0.675463700993494
"90",0.164469862086067,0.602226818820747,0.286594195462245,0.638216480228364
"91",0.152362376643677,0.480192442396825,0.273060647871803,0.528987309393118
"92",0.132418532545479,3.76824637633985,0.208194532490577,0.439125698309182
"93",0.157093951924765,0.690630755768274,0.225418433664203,0.389560233123972
"94",0.12535023109511,9.79895277514025,0.250206424579365,0.465264190082455
"95",0.174957124321234,0.68445462044783,0.243025131319009,0.400098081018452
"96",0.149513761296536,0.55103973743864,0.250928329636245,0.456030926916669
"97",0.157098814613287,1.82378723285522,0.32466464638293,0.73411829777182
"98",0.140653963515198,2.30137756825478,0.239386990412422,0.407835932920706
"99",0.168869861966819,0.549342519546857,0.279742310730682,0.428383735704007
"100",0.205711636729906,0.557050403647219,0.356561066133117,0.607526270108564
"101",0.172978394280264,0.369733789488834,0.241178978697406,0.391318168748913
"102",0.161656516069187,0.51290150905287,0.254632520956151,0.479751334126981
"103",0.170630032057859,1.44488280309882,0.311876308282911,0.769643976999383
"104",0.184475769805626,0.424113199346919,0.278002781371216,0.52002083274783
"105",0.146022331821749,1.20864214016061,0.294505926655498,0.958581294030312
"106",0.0958738756859838,NA,0.177406646773424,0.435273231411335
"107",0.132074427652724,0.9351441524538,0.211807287419776,0.449574097050616
"108",0.215199391649984,0.329546214326763,0.262937735747375,0.530265667159029
"109",0.148210129224265,0.593461399639767,0.249110306540954,0.590014056317246
"110",0.155349252270078,0.474737164116735,0.303342368511813,0.527733344705278
"111",0.105289314437342,NA,0.159634283332664,0.369130778621532
"112",0.183054067174184,0.526083437440589,0.282906769370065,0.443943920303859
"113",0.152823897012446,0.518434854055791,0.274147862632144,0.453586544133367
"114",0.160758557218448,0.542618039929388,0.2160706326681,0.493136416719457
"115",0.235571004607717,0.389367991733885,0.338209837136857,0.66976191423672
"116",0.172199109271012,0.550892638320596,0.260876344867474,0.458651926676597
"117",0.176400351270558,0.507040988713574,0.252054157497206,0.489538156828057
"118",0.140019425468346,1.08639203814201,0.256036429351874,0.433080068000864
"119",0.181372384723282,0.970012523455761,0.300285211896912,0.489719397444447
"120",0.211933817511188,0.389898977515497,0.302053312566793,0.523063456881297
"121",0.260314319306604,0.32935404650952,0.338314202725418,0.6713899871523
"122",0.149223877943772,1.47396318555626,0.247315256445857,0.425725572990879
"123",0.158247268452296,0.717069386046504,0.274511468465731,0.537838085496144
"124",0.181301290908322,0.549612003678075,0.283982289043598,0.552768876385946
"125",0.167556370212566,0.451274324183065,0.23972474229161,0.555262758353663
"126",0.198263946437461,0.29493453792551,0.22328269661796,0.433775466371894
"127",0.252808880534949,0.398542637576257,0.336218389757686,0.628882457155403
"128",0.152131898548061,1.37075282009267,0.220843693869768,0.380837956167009
"129",0.16494730192043,0.628133291013316,0.310203284086298,0.484712965308362
"130",0.149884576933252,1.66029082052983,0.228308550116575,0.424091864551877
"131",0.176330103048957,0.375334412912464,0.264766867747109,0.480609939462702
"132",0.159526589863175,0.557946454227816,0.265903039278684,0.648340809175947
"133",0.194630650810451,0.384829461541065,0.218883304675918,0.471692920644185
"134",0.169110684225382,0.365941250930309,0.252188218725754,0.48884981032037
"135",0.140641195504184,1.01107206424185,0.223425685162409,0.393822939597014
"136",0.168644888830899,0.443050390407832,0.20888702826435,0.399468684299103
"137",0.169274763975152,1.00167948704096,0.264913236306776,0.712986859066944
"138",0.133376486215487,10.1612504114774,0.239670556209501,0.406454517587568
"139",0.144892579942493,0.989120042001371,0.246979166218448,0.477786174890928
"140",0.174011700386597,0.56629376221789,0.251556473407768,0.491392964372944
"141",0.130616204207584,1.67717502337137,0.224754975567835,0.48753772517712
"142",0.150717509572979,0.477672420813653,0.229355628877026,0.43721141848895
"143",0.228800771148605,0.490559064804518,0.381796659518745,1.06398750702518
"144",0.0733230841530228,NA,NA,0.124066535158413
"145",0.153379954302606,0.532480046718807,0.276966973745312,0.459595011465816
"146",0.19348901706438,0.52917882425441,0.276151584991975,0.666608409139509
"147",0.156961824384879,0.818303729776741,0.229799348018817,0.381607460266192
"148",0.194738827478234,0.526712735933463,0.292911062368825,0.501730755175722
"149",0.225659065389296,0.618197656911604,0.361337997905281,0.587550359073136
"150",0.219000933804124,0.468565995223126,0.333976759779559,0.557847103731211
"151",0.214559014399492,0.431365785553083,0.305446819472643,0.716692943030204
"152",0.130628652851819,0.796969152461087,0.2271830571273,0.557114564790319
"153",0.218950640990758,0.37043365004082,0.297506012118043,0.547361704852037
"154",0.191602355988674,0.440960563427349,0.295270093688037,0.514055587565313
"155",0.137339887639038,9.16044026889734,0.232176094137326,0.58810272412043
"156",0.147321915055305,0.495097778864942,0.198382469694829,0.39761519489025
"157",0.161229535497194,0.773408309604126,0.282377520981932,0.506898281150911
"158",0.174134159728179,0.725323796601484,0.279067764997732,0.481537777073982
"159",0.176196719238782,0.68112601765938,0.251625511930481,0.448658095098315
"160",0.194682415953717,0.75333366243662,0.304106672783948,0.507225707242889
"161",0.20378289214792,0.713286556666484,0.356281665222737,0.687508860741775
"162",0.166643370807475,0.472208792017376,0.262363833028722,0.661678482700058
"163",0.159550901282693,0.79229221959549,0.279569970884837,0.395072386444754
"164",0.232911714989124,0.347388366547368,0.32803920099787,0.687016045679336
"165",0.147990696704966,1.25258111417035,0.223817538050197,0.453046697924262
"166",0.196042648006956,0.524331127633939,0.310888876332149,0.487658623734189
"167",0.151135320194318,0.480725483024328,0.21826774366089,0.379551239775691
"168",0.216760024079584,0.41382587060721,0.283590061518105,0.481259216011998
"169",0.152367714113162,0.62723784272971,0.246642218710196,0.589309884735738
"170",0.171912555878588,0.410563836010957,0.225488572247542,0.399255499255132
"171",0.151020081965736,0.852408118591054,0.222619758119666,0.435624110980699
"172",0.169649206430077,0.694104508626812,0.290965770251447,0.623948344165817
"173",0.209728849720585,0.371206219678466,0.27488869116908,0.579551807848314
"174",0.222662334734945,0.676345009502429,0.36848456175432,7.48489822172729
"175",0.160930674018479,0.948413287351614,0.3119720125043,0.564742693273572
"176",0.148369501539981,1.76412070710047,0.220061380249178,0.440343187696521
"177",0.159603202254589,0.465694180917685,0.266896977726598,0.55895492553428
"178",0.163143380582176,0.468522286780713,0.218470274129316,0.404564588537821
"179",0.157291890568062,0.506796271341053,0.230065597323384,0.382827178711694
"180",0.161811038569045,0.641230844448731,0.229243816617569,0.433433228961978
"181",0.178399828908454,0.493892520823147,0.275487738923768,0.514138399971965
"182",0.173981810469712,0.630388361198656,0.243152833845748,0.405200425571605
"183",0.140977148462393,2.17573364064235,0.237909497375651,0.388195956632358
"184",0.220663822489213,0.534243435814502,0.354777125110648,0.670976040182563
"185",0.19277821910229,0.591985791724947,0.286990569243335,0.45565640649608
"186",0.165891480333002,0.539919820681582,0.249969617243541,0.491006397998877
"187",0.00482109608985787,0.00486456512079001,0.00485450115639169,0.004842776996214
"188",0.133570061553123,1.65807012116446,0.232382784321945,0.456852988894793
"189",0.295705720972004,0.332923404117855,0.388679464138211,0.919013714865856
"190",0.179398639703236,0.386327212599636,0.256055691766533,0.437451469821382
"191",0.141493885663959,1.02223878936552,0.223028968364571,0.404048435183597
"192",0.186580920675256,0.552287286481548,0.295544854034457,0.484262247467944
"193",0.185497186091772,0.70879786550457,0.317817251266466,0.568834149930462
"194",0.156034359240096,2.04135047949399,0.259367453527704,0.461864586037061
"195",0.24135207219674,0.588960771036765,0.415140549434676,0.713489494650222
"196",0.147807032536003,0.763938698042485,0.248047552479855,0.455165780286908
"197",0.232265009701854,0.461569642299178,0.356187407471787,0.621384562328059
"198",0.227503391897745,0.313323832135162,0.314988081156837,0.582468484821011
"199",0.182585148804296,0.487851837792107,0.308480113866902,0.53926697520811
"200",0.250259753831675,0.429693768651903,0.348423529670334,0.777890474158343
"201",0.204768789225855,0.419527798706127,0.281971524165331,0.531729253135494
"202",0.180859629883115,0.64177591650016,0.324168987772638,0.470280895545827
"203",0.156222859090477,0.932235269158214,0.327747605178653,0.899173752363137
"204",0.134262083185253,1.04445392209388,0.226678381440194,0.454215546673996
"205",0.167407555014721,0.738923165171261,0.265956522045519,0.479650309836295
"206",0.137095870140215,0.595588704386117,0.189363271459807,0.327935033315161
"207",0.185457129863987,0.600295043519803,0.316116150838511,0.678578037354739
"208",0.170408795307275,0.871008901223638,0.318980641282769,0.607538368051999
"209",0.173509648125635,0.776312748309209,0.293867989534499,0.568771029031546
"210",0.180031371241601,0.41155540191492,0.257016136295996,0.527974647728075
"211",0.164492539489557,0.74996477985614,0.270431139131775,0.561105148502372
"212",0.141215066528271,0.557517537508015,0.240532763027224,0.614035440529882
"213",0.183453298352614,0.506018528154943,0.252081896953726,0.456424003430891
"214",0.163012926050837,0.623462457654211,0.280028341981535,0.47595587981345
"215",0.17414286151164,0.424919333981409,0.248599904122137,0.433080838399724
"216",0.211918941719323,0.430934615052615,0.32064315130824,0.628473025212682
"217",0.1868376673683,0.552900312336545,0.308442793123004,0.850333881647517
"218",0.150986802594216,0.546589165809188,0.217133964908075,0.378949709884231
"219",0.191295582730225,0.345319498021945,0.251497720400604,0.509008754632352
"220",0.132586919671295,1.86311571796216,0.250392286231695,0.639032557682769
"221",0.14801262026465,0.64912538918312,0.2376655678844,0.458088345999788
"222",0.159695001997668,0.439554092045339,0.236822258117012,0.49296817415803
"223",0.193465680822573,0.52090731128253,0.274879824347177,0.571499390434114
"224",0.147878178495418,0.771193774912503,0.225544294635061,0.393874086771033
"225",0.193448660306698,0.787364591699892,0.337095384608004,0.745400635831479
"226",0.148876738549443,0.675106874481984,0.282245371511784,0.547314502688437
"227",0.155543821196322,1.11302618651811,0.348949975987927,0.728094827104054
"228",0.177621998641983,0.83753587295622,0.313382277098392,0.721792758973778
"229",0.145527185169738,1.1270143919478,0.272664159889414,0.579831512147072
"230",0.158008430774174,0.58909775211511,0.255263755756003,0.400730030959226
"231",0.208418841610604,0.555693506547185,0.310072625775967,0.525958797340362
"232",0.21734561908642,0.504739140829385,0.323582747078111,0.537386426578192
"233",0.150960106549999,1.04497698975606,0.27879053418732,0.69303264514363
"234",0.209720467966255,0.503995693693694,0.296839440646442,0.689641577212204
"235",0.194538699757306,0.501654869648605,0.29810628486536,0.678896702142096
"236",0.106264839612047,NA,0.163807785174904,0.36197999288635
"237",0.189454434358562,0.555275692464101,0.323947099569144,0.582885963493445
"238",0.211399560129342,0.273213061857002,0.216098219644112,0.489114726893187
"239",0.153695497544559,0.392852595241364,0.196979919866877,0.409023166886456
"240",0.168338269909485,0.435069871198458,0.264426561259152,0.568406400239746
"241",0.191325638586222,0.560586356040039,0.306823854135929,0.545948880797898
"242",0.134225238254597,6.23242936941455,0.233647815918405,0.336101718108319
"243",0.185433728023592,0.426384103788688,0.266157725249211,0.48604758903848
"244",0.17484107146439,0.350827331807219,0.228914759874444,0.435258560692897
"245",0.260177162115511,0.503459285856913,0.39161272036503,0.617105975985207
"246",0.15311722069962,0.996886196920945,0.248090331660687,0.54722043691752
"247",0.171972516246281,0.760695354571075,0.241188210232898,0.481203642580054
"248",0.105686315882376,NA,0.158922687472454,0.310801274115098
"249",0.173680395601431,0.547603346282238,0.256620190505358,0.460915015448177
"250",0.152507798921965,0.636518224361349,0.27665907341367,0.564262551497645
"251",0.147639966705662,1.10923521950572,0.240354450154159,0.415432092246793
"252",0.229918808529996,0.43538034214101,0.308847978650885,0.52528821572869
"253",0.178537252538331,0.400763564634675,0.237973076272012,0.437729306287021
"254",0.158073806576064,0.691281666658544,0.218889877416392,0.363020715066315
"255",0.237754889679382,0.324268221280565,0.30641754767383,0.621034783349272
"256",0.103778176260192,NA,0.184860720283873,0.379672346482917
"257",0.15842996214614,0.915720771925767,0.248666375013143,0.481984516254519
"258",0.147760563209078,3.5950824290518,0.365982597347548,11.6452135640805
"259",0.168393338315399,0.756112509372505,0.267900446800573,0.537596376819198
"260",0.178069286300332,0.47871953388213,0.263678235398511,0.460927010397706
"261",0.16290906716162,0.531117794961802,0.236621156324442,0.601991817167712
"262",0.152339057164675,0.50578201320783,0.239392028614969,0.514462767580238
"263",0.187291119072065,0.600529158893204,0.302602829257929,0.550454770063997
"264",0.165890660863051,0.637217425336538,0.249112673956151,0.505682444712958
"265",0.164360731813808,0.427099975402895,0.234441894214104,0.370530338113754
"266",0.187058029275198,0.440577051698331,0.280376686010727,0.604747827118099
"267",0.170000141183528,1.26037972506457,0.277164854219759,0.55783967113507
"268",0.195348496086755,0.457815488077306,0.291465739272188,0.750270222128024
"269",0.142896381571427,3.81555012931967,0.264277813446179,0.450838253076011
"270",0.187879801167893,0.403226782788848,0.269472552029465,0.581547937286753
"271",0.158218635490434,0.686474543525419,0.249713152592253,0.448470446868019
"272",0.179943434200138,0.684344237903481,0.301300404464948,0.494857815007801
"273",0.155893899376391,0.818234892631388,0.257772127702605,0.590566449213949
"274",0.173116697090308,0.870281864294461,0.308742184214159,0.904202782853772
"275",0.219012588454845,0.658142062100227,0.346376014654002,0.751526953087913
"276",0.170352217744105,0.662668468154843,0.289739645800051,0.517245175455792
"277",0.142616883410559,1.26012341089488,0.26829175507842,0.720823893045501
"278",0.145667406752797,0.767987844144644,0.24959334045695,0.448576179840213
"279",0.160915315861721,0.530382066740779,0.293873594712518,0.541007520529897
"280",0.155468686823814,0.545514421877435,0.254349646297461,0.49356520710247
"281",0.102999812573117,NA,0.149815887623122,0.337794751987383
"282",0.14270726007453,0.496089411714338,0.202315637827783,0.34517635702025
"283",0.15527818780906,0.514065015110514,0.232914902272383,0.51099962840095
"284",0.148382932751168,0.683828981177811,0.200608562172529,0.34974513626382
"285",0.228662252860181,0.334691001434694,0.335622059022738,0.672107912728241
"286",0.171820896283803,0.460751004901241,0.264245822312112,0.635275010707809
"287",0.107365419299284,1977.2149412492,0.179247713391705,0.891104433250096
"288",0.150052980766035,0.720530820732131,0.203423578742481,0.376138567280478
"289",0.145657630553447,0.940057552047062,0.241028652602498,0.458371902328904
"290",0.034027240750923,0.0362763315705096,0.035002214899251,0.0361580167039597
"291",0.197110084643668,0.349114922758878,0.286898038437729,0.537308115234868
"292",0.113077873318805,127.5949099211,0.262834816437624,0.881602017291674
"293",0.15654783769581,0.582713662579124,0.243554931560329,0.42128323568534
"294",0.167702169477961,0.601868391963741,0.263467669525566,0.489601627522177
"295",0.171977645851587,0.630308012941932,0.255310052522703,0.614744582727148
"296",0.171525858416744,0.538683657058218,0.263106584139556,0.510358655234797
"297",0.218261663966616,0.36476736065805,0.268535817871982,0.549624493718399
"298",0.101983955868127,NA,0.176870005257443,0.466054103442518
"299",0.145211865115665,0.801942990410182,0.261549396861144,0.437390798726455
"300",0.147024925880063,0.619546465299468,0.230072246438483,0.616397083856742
"301",0.154451486837903,0.516474613423394,0.215293943796303,0.410982973172561
"302",0.167786801113295,0.39553561547503,0.225483790237919,0.429354671035597
"303",0.139649839224518,0.795027208148586,0.244314229982164,0.489256521540374
"304",0.142330682010334,1.12751807340947,0.231762606968646,0.384499021137494
"305",0.171328836254157,0.618232581506219,0.314077392682588,0.509214061378688
"306",0.171115153959235,0.466900544483702,0.247875104687077,0.582894912270937
"307",0.166334200330942,0.549548942052644,0.25018835144511,0.566860600002172
"308",0.1512085383126,0.591864096982014,0.213499085092015,0.43907171041291
"309",0.14824867200795,0.747707347119779,0.292329295687874,0.46565251991366
"310",0.257340122345521,0.408463644401117,0.374006678845525,0.715948712277143
"311",0.197724688943189,0.497221969034644,0.307668492212528,0.670451649256297
"312",0.18583514897996,0.548369184453392,0.28875902557011,0.579071941018425
"313",0.0977510082030511,NA,0.215932269576555,0.778614742316617
"314",0.220545409346455,0.439293097181787,0.322671049219818,0.563436024931867
"315",0.168999817151956,0.772091624493257,0.289503513768473,0.695569525785747
"316",0.213128526746736,0.618664691749564,0.293975907251184,0.515247212538262
"317",0.167454001483593,0.642083967266445,0.258282192477214,0.501969591510132
"318",0.17899122274685,0.80339138537865,0.295512111048218,0.717492856112667
"319",0.159292626679638,0.793132986740071,0.266560809150191,0.473030248134389
"320",0.135010593380579,1.00340576365724,0.228087942713507,0.49263296875687
"321",0.141097784628066,0.679835808809425,0.207446227932774,0.379316359940987
"322",0.203904094716303,0.464441863725572,0.314684629245914,0.582704014811857
"323",0.165603852195929,0.540077910121374,0.226275782636716,0.471330601180861
"324",0.155671895085841,0.514734106500865,0.222314315290383,0.43600795069145
"325",0.180559203662808,0.674472830628031,0.326096263860853,0.873738976323797
"326",0.177173537187972,0.601527798421107,0.285695631870428,0.706106615407502
"327",0.204711671180034,0.57326614249021,0.334338563119084,1.01995964335278
"328",0.159125852201086,1.35010202602937,0.309200828475909,0.404524823506813
"329",0.283193127353379,0.517545508070964,0.450278746860614,1.14419529425301
"330",0.16028299859275,1.17142553255863,0.349494673877619,95.1260236787868
"331",0.140893495106615,1.70581900950628,0.237425392497889,0.487515328639557
"332",0.159626842848915,0.475790517302372,0.244109936191601,0.433755653047004
"333",0.155965106975651,0.731203051497163,0.269953463278551,0.569226021348546
"334",0.196410903011245,0.453070419903093,0.239375451751976,0.463229706432361
"335",0.214668093700729,0.442931082269541,0.263394814368415,0.549261198059996
"336",0.210933115066809,0.819356872769097,0.36567455132588,0.936529732670895
"337",0.187219166810999,0.46739499317779,0.291997876848287,0.549300976695703
"338",0.229655355149322,0.500776351446455,0.441747484246981,0.918896087479708
"339",0.186948903685417,0.82325677419991,0.313465133322845,0.505725146215515
"340",0.107954939290043,NA,0.174477275074298,0.408577546703181
"341",0.176011276012253,0.504699648078493,0.26815231650078,0.449438108702841
"342",0.155030627159012,0.508946077220308,0.224777371407378,0.57704470312868
"343",0.153498353476331,0.600940837262957,0.290305159142817,0.665379796062658
"344",0.179936143262993,0.417764926733402,0.256193293017443,0.464002868482818
"345",0.17062988171066,1.89526107076654,0.333956429879508,0.607718361828225
"346",0.224095619694066,0.475064029874626,0.33679963175574,1.26968785590812
"347",0.14674843366601,0.614308996978135,0.285396966186722,0.567402283750861
"348",0.131725893800537,1.79813069478218,0.212968801701299,0.527471534855271
"349",0.182562937935659,1.04851859581391,0.374455288444625,0.486901225698199
"350",0.184784960416564,0.453987147012654,0.301427247000123,0.640952468556446
"351",0.17609997661088,0.584367376352581,0.271992094711822,0.453562036562055
"352",0.191791894193992,0.327671667340022,0.233729311493376,0.47238704954177
"353",0.208917938618525,0.357280852740496,0.295463782230788,0.613222418927368
"354",0.220386634083072,0.381665887740237,0.315468831710019,0.864694789607043
"355",0.137366634952346,0.643097112100782,0.228520200061235,0.39327458755229
"356",0.155012640831282,1.34001121184634,0.277124298855405,0.640328183148802
"357",0.145397153469267,0.472573916008322,0.220549637531109,0.394707895053702
"358",0.192421921364428,0.412971179848501,0.293169191212272,0.58639021917665
"359",0.172195549529009,0.532124316278873,0.249130288985335,0.401322666995695
"360",0.158604116874255,0.600598358473715,0.254374118512324,0.477857365458269
"361",0.170562123435628,0.560147009785151,0.267221579673117,0.505766556171317
"362",0.15192246261965,1.39590265690462,0.233455179266,0.424999248067617
"363",0.172055079450765,1.61090785860167,0.323748403997436,0.508014438827977
"364",0.178961593770516,0.614171164168007,0.271456085459252,0.461010738218696
"365",0.16394529356915,0.49122361608665,0.269074531631254,0.445038935544884
"366",0.184372710776127,0.444267377996209,0.236356286744189,0.443081975723546
"367",0.193682723057684,0.603794377907573,0.3314681209117,0.796638696289786
"368",0.153881002296884,0.574274041766609,0.239729098281133,0.495914526590056
"369",0.130060083114823,1.18670090257493,0.218732935884402,0.551689375349571
"370",0.148783419876839,0.621610103449277,0.223997374299998,0.429942784938108
"371",0.163022184446987,1.06093386221893,0.261240806441332,0.541448295442322
"372",0.14858257586508,1.06089482868227,0.229157138727063,0.486363406134554
"373",0.412802825024856,4.76030984746925,0.711948746239403,0.742979918012861
"374",0.1603383190108,0.458599424590325,0.23233815615951,0.419425480035829
"375",0.161239886978536,0.379997102198254,0.202049865959608,0.372382969279854
"376",0.182206827438539,0.490034392362363,0.310616243121305,0.900423837492621
"377",0.201764266414752,0.354852307521679,0.276168481461428,0.58192565034559
"378",0.138157310615806,0.788641014854554,0.241460878969171,0.491601944831834
"379",0.14682885128288,0.793815784614153,0.244696513362926,0.584107887174402
"380",0.184513163985539,0.713598940407823,0.32941971710816,0.555630095271032
"381",0.161185346600508,0.3883231498971,0.215973900870528,0.379278606623553
"382",0.16012619919827,0.536329513307658,0.234009531722323,0.409603311445401
"383",0.190388535515133,1.16906102584121,0.329321194649101,0.666124179200992
"384",0.172172337392496,0.474124417202859,0.237514180937547,0.436016718489445
"385",0.167598904376602,0.413423600890275,0.259749867640185,0.635756060814805
"386",0.151892870156978,0.499132291250815,0.189505067018641,0.376600671301491
"387",0.209029036675887,0.520065111804474,0.346802262086631,0.666742149256318
"388",0.161125558813982,1.03069023633219,0.260820079986166,0.740735105164546
"389",0.173599635604946,0.640943577572888,0.263551707860738,0.550258316741759
"390",0.196614622917013,0.765206930527772,0.366657795301119,1.68901178833333
"391",0.189674203728219,0.685690187780751,0.26417136653672,0.463588985875404
"392",0.179406640186567,0.71935179764174,0.300549982311111,0.541455875534959
"393",0.163655676492632,0.580257137435567,0.270174511240995,0.483589636262306
"394",0.163570646361447,1.97620704066639,0.286584800911034,0.59292060569837
"395",0.188399663318564,0.520565269548714,0.292108038681057,0.536608819037239
"396",0.170534114700805,1.48533219744183,0.342900124876826,0.517660178461712
"397",0.191561714455446,0.366665797822974,0.243650741739558,0.4443959780199
"398",0.167773316166631,0.484612173229125,0.26967427648689,0.472672242087998
"399",0.213060906250895,0.487803951977816,0.363656079698767,0.605010082866408
"400",0.195515835778626,0.358601133829098,0.264237924526455,0.469933571361846
"401",0.155496333415503,0.705587425950034,0.224221519998375,0.471764834947529
"402",0.164747306883497,0.685708228346698,0.283308354709565,0.555718225487132
"403",0.235392125616301,0.502174367672829,0.370823391252218,0.641531016420415
"404",0.200852422658986,0.353493805213708,0.282772302645288,0.830636177051699
"405",0.170846556782632,0.814568220781531,0.297669957837203,0.564752796028017
"406",0.104121440072043,8.83575658937927,0.178434176795528,0.340741938731001
"407",0.151024691508685,0.917211013138014,0.273273960504908,0.52580128673583
"408",0.161753272969028,0.527126225441646,0.228677363099931,0.33460446240315
"409",0.201974826531787,0.371883346506256,0.292045466808095,0.591812910165907
"410",0.162370433285268,0.657563415887133,0.249574383595648,0.499868758253255
"411",0.194341174097549,0.406316005318648,0.28414834005233,0.564167005132639
"412",0.132210628320572,2.15890987986057,0.279702937179883,0.436237947026337
"413",0.176299267539309,0.865254465959078,0.35709358308472,0.576205373928233
"414",0.143214506787661,0.586243114372448,0.189780617908571,0.331749889899065
"415",0.141248375099555,0.90820314235086,0.223486905448869,0.382614584330346
"416",0.0864869499837441,NA,0.123170100250289,0.355035439812537
"417",0.18284074377453,0.470708487656663,0.266816232579533,0.455084219481295
"418",0.164968931695228,0.370297666595086,0.21461125157594,0.502013999431151
"419",0.171194795409504,0.71789031887182,0.299810849956757,0.94277081058624
"420",0.151359147355497,0.545374996172778,0.198983168309635,0.344051599315001
"421",0.151938733613517,0.602434655097598,0.243280773960269,0.467314864486299
"422",0.103782095040649,130.611817737161,0.180164679452601,0.531543880225435
"423",0.150954542168931,0.533873646935787,0.274896614697216,0.434498838848679
"424",0.164542746277714,0.597923809945329,0.242828425609932,0.467312339151107
"425",0.155003249481683,1.06065874142925,0.337959693787754,0.588207386498588
"426",0.191635500247025,0.935251703995686,0.348876998832422,1.46193627312444
"427",0.153171334091448,0.719026037530692,0.306638632225331,0.4373460397356
"428",0.159922967129441,0.560375791434612,0.26934311880949,0.66324103098589
"429",0.138228760338639,1.91326980981104,0.249236006866745,0.483122784664281
"430",0.203882506217258,0.410397189336388,0.269970067680954,0.554569154315486
"431",0.176986382653076,0.870927374347708,0.375899157130581,0.800588331067049
"432",0.166723736848862,0.433223592773933,0.211445189414624,0.447528953741701
"433",0.18775257999473,0.603649866759773,0.33730967982151,0.572629824569161
"434",0.145588286272875,2.18832062969643,0.217003334304241,0.383731722377314
"435",0.207377677789751,0.458173886834384,0.314729709538054,0.941693393922258
"436",0.16234051048119,0.373275098030983,0.246168795867052,0.504927331442134
"437",0.144727290704871,3.73535899786451,0.32589943599173,0.668254812619988
"438",0.147684695249861,0.622133217582661,0.192373342518084,0.340131299704925
"439",0.181796631421894,0.387838983048885,0.219357935068002,0.447899784663938
"440",0.241821544392258,0.486071116870806,0.435663773098127,0.74058419882067
"441",0.15652187294708,0.698537308810795,0.243631047364855,0.450649169134502
"442",0.169821377559181,0.565943397616091,0.291123774890225,0.535985919277115
"443",0.146707071794766,0.536088047128134,0.201578403096857,0.359335192734021
"444",0.140122776961681,0.678759260754738,0.221461912068944,0.386302468424522
"445",0.185866463401111,0.637441007089789,0.294640803621642,0.701769530128723
"446",0.154004434479515,0.612413852905893,0.224806459303644,0.388902981695883
"447",0.163338916393352,0.712422098086406,0.322463121903969,0.935510332225241
"448",0.150176149306696,0.643420375147854,0.220656766761307,0.369461608800194
"449",0.183992664927741,0.941068112595833,0.305708766756454,0.620279372802029
"450",0.202201359923833,0.692336562519743,0.356042685960868,0.666580407285295
"451",0.141550769403795,0.778375239326337,0.222580364761176,0.421872612191434
"452",0.148423964389281,0.64973588343444,0.241439773806495,0.416558532829091
"453",0.219750791066192,0.693300857540056,0.365623794395157,0.677768823246836
"454",0.206024456510572,0.495490331829735,0.317526473708936,0.686131178608626
"455",0.109073525819191,147.006253610573,0.160449218827198,0.344489800300531
"456",0.192183581937562,0.404886656092959,0.260398766744255,0.459812530067124
"457",0.159914528878038,0.742139274408554,0.314412244233236,0.462181305620156
"458",0.142475022688058,1.145210732329,0.203185785293567,0.361921747480948
"459",0.184341679263624,0.674886432621191,0.328227862194127,0.840983117553463
"460",0.171637872802035,0.475355499931291,0.295385102456242,3.51135872912981
"461",0.170146437382126,0.420427024985153,0.244757549435511,0.43591103724139
"462",0.108373876924871,NA,0.168151910838661,0.308795136154797
"463",0.14531653172788,0.927120965873411,0.222455938784797,0.483830308447579
"464",0.164120248096031,0.421857024772538,0.228119796107032,0.43125865792397
"465",0.167643632723236,0.465589462993083,0.255390611846263,0.509940764308592
"466",0.159150132215958,0.937679903281638,0.252463604627523,0.790704242662867
"467",0.251641629104489,0.288753548313967,0.297608360684914,0.559200673175659
"468",0.165559424514951,0.403251594459552,0.236944957518834,0.477059452836584
"469",0.187716942553628,0.833310541620985,0.295120710912929,0.464397518272039
"470",0.108480184760418,NA,0.170730017777685,0.361106928853657
"471",0.148593884423019,0.915885639918219,0.264748152593884,0.553357760156547
"472",0.184429713328816,0.405367807919898,0.252205135766932,0.474021836392678
"473",0.139541985398692,1.88479003215125,0.292956066557255,0.480940628856368
"474",0.171534562311771,0.456791717508879,0.259565198668231,0.473537609756962
"475",0.176155223888752,0.338838092725127,0.237636634866856,0.529859314754854
"476",0.158778525370033,0.583677128665759,0.256316133508366,0.49574716277115
"477",0.177990287238578,0.60387608926947,0.281349349443083,0.503359268088927
"478",0.104337387445052,NA,0.168261880011208,0.358600041565517
"479",0.170903672886386,0.507404011559803,0.296196763581462,0.509347647926265
"480",0.156496621669506,0.586578717724497,0.26516556396364,0.560167466644852
"481",0.162995471297438,0.396587452725987,0.216450047927188,0.417632078940389
"482",0.248750013898279,0.344787170815997,0.362352106112973,0.690942526247218
"483",0.175550959557025,0.427043998255827,0.246641130366678,0.427414100567943
"484",0.141078874899122,0.616792964846919,0.255967092989507,0.44625839259832
"485",0.238553448659764,0.706571588758249,0.390427717307437,0.695817317585901
"486",0.238085578972823,0.365742065850107,0.335905782054433,0.642332207834814
"487",0.0968147751406705,300.799966835484,0.170007548544959,0.52763144537567
"488",0.169356317683484,0.514170242859742,0.251170795781951,0.526844460781166
"489",0.155030516301091,0.702107899536893,0.263939806370507,0.484609542780653
"490",0.150800614795197,1.04973187919434,0.307231741259282,0.595815425514759
"491",NA,NA,NA,0.303355271389736
"492",0.210612892562931,0.497011607639819,0.296320307053388,0.612439020157745
"493",0.187772262581396,0.61909852445385,0.311329619706848,0.593894140836366
"494",0.19045267553698,4.34769840711946,0.355739728162433,0.628833172136595
"495",0.130839445968352,1.6436312173207,0.199465187472763,0.31936343023227
"496",0.202532030189005,0.354734580359645,0.260176640615898,0.463585446557163
"497",0.187117358102005,0.671910461302276,0.309123209707817,0.733538048337061
"498",0.10744941630914,NA,0.178857584172896,0.461885297992852
"499",0.179406534091295,0.331251947692731,0.252903603415801,0.76645710019163
"500",0.140563933702992,0.986478773841724,0.229632332748724,0.433711579739532
"501",0.185669331066743,0.60791493616488,0.296766525537634,0.507808201700006
"502",0.224098086659044,0.410292807382864,0.325861223682157,0.604837761578813
"503",0.195554489787981,0.54781445318245,0.326170078397645,1.54718156687042
"504",0.123347930787446,0.451706235142421,0.23696742103528,0.453017045776067
"505",0.160021693156836,0.701409647322111,0.232553367189389,0.484824237305722
"506",0.181159127817157,0.335851946567298,0.2408211088665,0.442555887862599
"507",0.166051565146119,0.559279653873544,0.283713736569889,0.528331669163574
"508",0.205166737285975,0.50520651388477,0.300877271405895,0.589769440185929
"509",0.164215840135012,0.768033348595507,0.25511135987009,0.481313541299014
"510",0.14164379312071,1.26213495267586,0.259573690442697,0.462455969780563
"511",0.126969871420814,1.56356446214276,0.212681448884454,0.37148378163819
"512",0.197571567012079,0.731214728551317,0.322507875663101,0.553107108227245
"513",0.165803555413392,0.481053042645119,0.251863537452476,0.479122672387845
"514",0.141300469931654,0.817318564384489,0.196103098622054,0.361737800120048
"515",0.100722426110458,NA,0.1641192390095,0.312739418974105
"516",0.165805423900257,0.532288639319369,0.259907274499925,0.527123012308291
"517",0.150821574213306,1.00347760545527,0.287804314120833,0.516777535736393
"518",0.166809464867527,0.749264205340004,0.326058064041655,0.67693465508608
"519",0.183989187126158,1.04157622566663,0.35540328190068,0.555821580432306
"520",0.206745879008601,0.536831502442688,0.294774263636776,0.841436369218259
"521",0.161630401188201,0.509826023124186,0.257310182649681,0.423504002994006
"522",0.192815760444062,0.434326038307498,0.325954474435821,1.24767856097078
"523",0.172680593835746,0.621072971809167,0.250597888491046,0.526889196113063
"524",0.134855058751343,2.09954483397235,0.284874149053831,0.442084425881389
"525",0.204612968254905,0.43970626541934,0.280952234302156,0.44545506974553
"526",0.107129761381975,239.895410333451,0.147903113468425,0.29337062290422
"527",0.156222540878565,0.496169466712179,0.231780033403684,0.420645267828649
"528",0.154508990085723,0.373247618891592,0.235412924125006,0.574127902124692
"529",0.196750115283323,0.520437882613035,0.32258131259489,0.60486396883235
"530",0.144693428935917,0.877509273096472,0.252083174115607,0.516020778761657
"531",0.133322680846668,0.731972029553511,0.211501547987751,0.379640760208242
"532",0.125256974539301,7.82181333019715,0.287008975564802,2.0866373726699
"533",0.16045137433864,0.404962706161049,0.252979959604911,0.416502263841441
"534",0.164538923036296,0.417710231790791,0.24261969397755,0.451002070336604
"535",0.187933229510688,0.366122453131286,0.242732811545299,0.468913584747067
"536",0.151511626053934,1.1281059334091,0.260312796542278,0.584880163806894
"537",0.18498827234552,0.455483156087299,0.281106694283027,0.536226172806638
"538",0.163168251634168,0.415485408334063,0.226884456989262,0.442478559437835
"539",0.105733432801407,325.787898428532,0.167438143296897,0.386019579225846
"540",0.173288289263215,0.5056552240056,0.26931516220894,0.594303261982598
"541",0.205028364281705,0.559610006802387,0.27515461991526,0.596253928797317
"542",0.235512776819938,0.538505037660597,0.363420925318238,0.570515068736873
"543",0.160125389842039,1.33934108850711,0.300372954552555,0.582745989318462
"544",0.159302526582889,1.07832323198734,0.237905124750295,0.464901039764776
"545",0.102553716092065,306.113938949879,0.186150463413826,0.40142352686351
"546",0.180344993450746,0.474160527965892,0.275613854581696,0.530594411648644
"547",0.232197357393561,0.476728491929717,0.327228297172544,0.604155714973782
"548",0.15602908578712,0.73331673590457,0.251845774480038,0.417118168530893
"549",0.00624828409294711,0.00629538025958567,0.00626219592623334,0.00626542438930143
"550",0.190492634384644,0.145638580003044,0.238463516939607,1.52158967355032
"551",0.138410427829078,2.58400730121022,0.221440529776844,0.412210150822417
"552",0.211747254916201,0.639231796927681,0.343142104582704,0.649349670860597
"553",0.207969630418332,0.370636361513511,0.29102501007938,0.622613145545409
"554",0.210782740292133,0.649605605887317,0.328986479482323,0.567365248871408
"555",0.191724575029376,0.335523838671612,0.246880859793373,0.459307980968899
"556",0.188021781962516,0.985546107450754,0.312843467565477,0.538835464407912
"557",0.156609511831969,0.741473920072422,0.249556491277449,0.454874669915529
"558",0.13035902014412,2.38712076566176,0.228654009957994,0.4529609245951
"559",0.206447236380169,0.380594278858796,0.285998880696748,0.537007778240681
"560",0.15785945303044,0.321813311425561,0.198894466529212,0.453312472072083
"561",0.154478778526386,0.533226967182511,0.212449728615542,0.380306369747078
"562",0.168120522356409,0.406170407670561,0.209169972003882,0.437275302872689
"563",0.171963736414316,0.280470301970897,0.220158734052258,0.401690765132147
"564",0.175575864559639,0.52317419829441,0.277932567618806,0.491162712993043
"565",0.253152323922631,0.733563133454911,0.441361603683613,0.601366984471998
"566",0.217087114803301,0.397172799751976,0.298717091854758,0.63379830542708
"567",0.193301916889549,0.410921148228818,0.282825548812992,0.479262145899969
"568",0.166153829981947,NA,0.273631510157203,NA
"569",0.135079874759176,0.975749821887226,0.248581659858914,0.9224771556738
"570",0.142398561669897,0.556755182601349,0.209468163434349,0.379068236731838
"571",0.18529878891185,0.524713115055773,0.330184639963434,0.993929994613395
"572",0.22384515148207,0.543126732046333,0.348847835146843,0.706746824700977
"573",0.185769384648252,0.583438460919972,0.285924577735539,0.453611461224704
"574",0.187004373286914,0.665404229040855,0.31391512441053,0.546676328896343
"575",0.158929504215103,1.26500785688404,0.257471516108639,0.46120213305646
"576",0.178362907739102,0.90123118490502,0.348312601786791,0.57314585034944
"577",0.199407773390953,0.514201066390773,0.273526190526585,0.480088571758279
"578",0.166239425932579,0.455050373660179,0.200690336102018,0.363173358358814
"579",0.2554542281079,0.541413350725907,0.426229950869769,0.766921307694339
"580",0.17261569447486,0.724287259476906,0.311940156945715,0.479660514058009
"581",0.182507928746345,0.468940308519222,0.265175571404268,0.512206131548736
"582",0.190734975237878,0.598898028731005,0.275486489829213,0.50392022086594
"583",0.151048138463714,0.463810478771912,0.212986190981638,0.462207487670064
"584",0.185236377580978,0.381722668182556,0.270074915494449,0.566829541299334
"585",0.129748017360185,5.00013362096154,0.219238482925947,0.348259443398052
"586",0.176788126057617,0.751351067561557,0.323272769541278,0.518216013263526
"587",0.132338413022718,0.808514484061436,0.221722855921672,0.381891802076316
"588",0.19004952909188,0.685071423054346,0.331154065977982,0.835567016290243
"589",0.208562632231307,0.379272135791717,0.309679018807651,0.655994138062946
"590",0.159809963639506,0.578956604341726,0.277396231280419,0.622161284933955
"591",0.209208309484888,0.539174509729983,0.325077239018967,0.574206624771451
"592",0.251657857113765,0.444776370366521,0.34091413791615,0.612137612243733
"593",0.159621247155241,0.53678454496178,0.271817457932511,0.440707516580433
"594",0.183689848984105,0.352210099772809,0.26658673386682,0.499664663752788
"595",0.153018046908521,0.513346870923385,0.256461091372871,0.539533785888528
"596",0.201774339924289,0.485160722860023,0.300378200861015,0.593055855871632
"597",0.226192414813467,0.436946479929757,0.315235615439093,0.606696994374264
"598",0.154500243362978,0.311340913615894,0.195804588644306,0.343439200062441
"599",0.170075765325132,0.514952551172434,0.275846136932597,0.492095973919787
"600",0.19269392714412,0.522519856030173,0.259723534334724,0.447827277123395
"601",0.137289264428502,11.0274604979365,0.245227219000187,0.428463106176163
"602",0.165833970957428,0.498985109436363,0.275243027985239,0.734852757775014
"603",0.179047433949588,0.560520769822994,0.242615640510345,0.445926799955575
"604",0.203533550311118,0.645838736314018,0.353180406774371,0.664885883154501
"605",0.188623656173547,0.499189982618674,0.290069699518162,0.799897269598079
"606",0.163632778047645,0.563559013347121,0.261219150387654,0.513580542484584
"607",0.208131988726399,0.383801311661765,0.28408809576938,0.567335836740337
"608",0.152997092187572,0.496555632975623,0.200666065692553,0.362310590596116
"609",0.209240603170095,1.43578466998957,0.419516896634925,0.859828506777504
"610",0.136125832462103,1.18283622033602,0.211799432701854,0.36146994107721
"611",0.210232880504844,0.929703476756884,0.376698111165667,0.977960834771231
"612",0.208636788316805,0.602324795584513,0.404919027743573,1.08337482477589
"613",0.173708476316717,1.17189734568567,0.293928718510913,0.548004505307267
"614",0.171728889306884,0.843203467534383,0.257280157917529,0.607299510462256
"615",0.214131760225693,0.409507215659356,0.313362146866064,0.679491508698589
"616",0.129908701961841,3.70246091161346,0.223869124770013,0.388959982850054
"617",0.273865372500554,0.949907994161163,0.513975117511151,0.707940312463222
"618",0.251107367607403,0.376744871170033,0.367733104699685,0.717376509915601
"619",0.204126008564318,0.418418084982824,0.300812257505775,0.601143709717936
"620",0.158638353946687,0.758870078580618,0.268037831904855,0.459334438694308
"621",0.180882619596228,0.365185663394248,0.237768169138197,0.418071232483459
"622",0.16805995940257,0.490225594604621,0.25480187097979,0.519910181737706
"623",0.150175441832534,0.603449760797484,0.227009139661667,0.429581649858063
"624",0.166248818832619,0.478573051712,0.251178230950641,0.49452706763082
"625",0.169655992734398,0.41321355207532,0.231905341817098,0.42835003584803
"626",0.181048517970498,0.44775723500301,0.247923777242842,0.511976019786263
"627",0.190644178058968,0.417261810539584,0.311772700236299,0.61505552569213
"628",0.157110871816731,0.3833677684776,0.220773500270146,0.434062613970794
"629",0.216117546849136,0.389889683868546,0.280544519504681,0.545447748842194
"630",0.148005584170219,1.05559347180206,0.281280579634883,0.520614155698338
"631",0.154973014119099,0.877305888777111,0.265866682923628,0.463271982363277
"632",0.201900948627715,0.340139863735534,0.297319590703712,0.552905267381748
"633",0.164349514331301,0.456535144379782,0.234904329100336,0.467588129233358
"634",0.165385335340771,0.645466656995785,0.294824605651329,0.496854359913885
"635",0.166946159380107,0.405332099973947,0.212288883973955,0.427186604722007
"636",0.164437177360046,0.451676554160592,0.238532385597252,0.440168999170497
"637",0.192665173522675,0.778533634197861,0.385231601795522,0.898128915990324
"638",0.16272404312704,0.564607364630282,0.239088692329656,0.505714487278647
"639",0.163250094480217,0.389820015289464,0.217901388710095,0.377236214310424
"640",0.214772512743299,0.40907167136278,0.325643340320168,0.862472949803741
"641",0.184606827330772,0.560756730300986,0.316002448082074,0.624224311399342
"642",0.14926504208767,0.622634101649207,0.220281929899722,0.402911250799911
"643",0.170613406089399,0.597744141794232,0.284443665226777,0.516311821868845
"644",0.163334822376955,0.469724522834122,0.247433839206158,0.44864185635708
"645",0.189019900578449,0.461173778851372,0.290041827895476,0.56161208379357
"646",0.190190325118006,0.417778232207302,0.271527970022741,0.527154900041308
"647",0.159753495697428,0.533238598512337,0.245253785192956,0.462733901251678
"648",0.150215710946572,1.17280446752503,0.242363095293842,0.514293109559293
"649",0.163072187687563,0.513720480846393,0.247236563681345,0.563523890932347
"650",0.196751545505963,0.490117718732566,0.298052113563225,0.574371962260509
"651",0.165679512055011,0.680905356209312,0.290021936735959,0.640781629147807
"652",0.167620654431577,0.775199794246317,0.399881865280359,1.2712971497484
"653",0.15050279564306,1.02290204674888,0.249165300795387,0.545009620941232
"654",0.21310926492021,0.431843734679274,0.315574696441692,0.976234389413764
"655",0.243906874952209,0.437539565857416,0.383284179087443,1.66173328519446
"656",0.183471916401632,0.509783408187423,0.259372244122014,0.527674271984499
"657",0.21689996310134,0.386190544675695,0.299018865480787,0.584297797999795
"658",0.179316804515093,0.422860175672144,0.281304828208355,0.719895857767761
"659",0.202558328433884,0.404745725144759,0.28909430961225,0.543099803625613
"660",0.192822954330588,0.612188049976931,0.316150950544862,0.730015294793858
"661",0.15659611962531,0.69890962031554,0.204421160586901,0.326288224533021
"662",0.0986611958726539,149.276201762276,0.235802690903533,1.30509630863909
"663",0.147613130784576,0.88810924442852,0.239588504666307,0.425067210554111
"664",0.153622671175627,0.518953430651829,0.225549552611847,0.389236828039178
"665",0.135259572332291,1.74459584059103,0.280013001809008,0.701088615283505
"666",0.130659160164573,0.939721638769051,0.183658649827578,0.350632748351154
"667",0.169825629217921,0.974053259239004,0.396680416824773,0.591331738880503
"668",0.159705992864117,0.464366545932305,0.255779186245097,0.46608478662673
"669",0.167365156422105,0.71414092530981,0.312175720503234,0.640753959936668
"670",0.147733614915928,1.05199965431841,0.300340349309661,0.589804446923347
"671",0.155855936662685,0.511680269209241,0.233457168281831,0.392689313285962
"672",0.284876839957602,0.412875813040173,0.401768729030388,0.804547454912574
"673",0.209123383855142,0.589798568336907,0.427672389412709,48.8867934319451
"674",0.0980684582163727,315.054334491908,0.183116327420783,0.431726082186449
"675",0.167277859841045,0.602014155984239,0.245824982302172,0.422344141922952
"676",0.107589365917042,NA,0.186456780308399,0.455409756541264
"677",0.177218199437996,0.305618740021533,0.230042400217067,0.404025300025629
"678",0.172629530325053,0.55930731595721,0.246502867905988,0.66256965387758
"679",0.156887085079578,1.33959808084667,0.266539369711416,0.597449600182174
"680",0.173351223493192,0.469861264162586,0.262687968060291,0.44959997890784
"681",0.18865943363943,0.378261575132577,0.270303336195489,0.501033612097909
"682",0.199479868723737,0.343917861830245,0.260362475523678,0.571108100409271
"683",0.200924961470617,0.923407716353545,0.329713808001515,0.617326978864666
"684",0.212356173994788,0.515084409901351,0.311448632870773,0.645274475274282
"685",0.163645851254961,0.93101774968994,0.240805091648117,0.449783704152312
"686",0.161456118780474,0.844451089502005,0.270165181349616,0.563527377013843
"687",0.148248379759953,0.691496137081106,0.208729254616818,0.363523419124077
"688",0.200309075955216,0.497763160648794,0.33088283274155,0.510029362346705
"689",0.197314713480748,0.484612220455561,0.266387182940398,0.494201144398544
"690",0.16392873324302,0.371017334844475,0.228884899846171,0.444094824287955
"691",0.167362788680406,0.436541959842126,0.244618780180737,0.46316797312795
"692",0.157573391805458,0.468862616699383,0.222160831729292,0.398181270930541
"693",0.156959770006139,0.772291782055458,0.255272320004178,0.407571837688622
"694",0.173680775746464,0.348980987290735,0.219511692284703,0.387072735831858
"695",0.228283048577609,0.48886010998679,0.329563519943155,0.557533706223428
"696",0.151760902289285,0.411315257851428,0.22173116598954,0.381681072617442
"697",0.0799924454191365,NA,0.0966628032205784,0.317976050530448
"698",0.192091899404045,0.565827318480144,0.281080232928093,0.696787320347151
"699",0.192380079470363,0.732109189332246,0.319269226250596,0.543252506240097
"700",0.162734581549979,0.411398163298242,0.22157912507055,0.428226424066426
"701",0.150355041748773,1.50216562042794,0.316455662400142,0.446255131895323
"702",0.201506354082468,0.477475364897403,0.284011156421362,0.483912564491004
"703",0.171433755430572,0.786673744049582,0.286264438978615,0.578728456672286
"704",NA,NA,NA,NA
"705",0.136385253406111,8.59286050197004,0.276916107613654,0.440216092818074
"706",0.141770077954969,1.39874580091496,0.266432856021398,0.393654926358343
"707",0.104254648251723,NA,0.187101353536114,0.496804364468124
"708",0.158565394041477,0.810616336361293,0.344123848611115,0.917844061567464
"709",0.171605210795085,0.442495061027402,0.241313583275756,0.518082892277946
"710",0.133308556209199,1.60666967957882,0.208407400870858,0.50914721786895
"711",0.143225261418739,1.47850771004978,0.207534125741275,0.419375863805732
"712",0.18044563591194,0.796016781820631,0.414597540228998,0.696388702677334
"713",0.172570361711693,0.489249249376427,0.251096245591691,0.469351446794375
"714",0.173969772923219,0.674484380546979,0.292855272738256,0.55824493699663
"715",0.174314389671861,0.980607666120764,0.279674926011871,0.447671416191241
"716",0.191159889886588,0.947988539166143,0.361758243905686,0.666320547216326
"717",0.193887243944063,0.508175187606065,0.336989540546178,0.590295868305556
"718",0.17427676590827,0.348857790228042,0.229616691296672,0.408082352060146
"719",0.169126181653162,2.80413110872097,0.303952233202175,0.640437162718679
"720",0.17924615238381,0.663169831193329,0.30486848983606,0.638174182239215
"721",0.161483153998834,0.439104921051095,0.239559569508286,0.508894237665736
"722",0.146099067111795,0.501104235776351,0.230937659076832,0.446220565167546
"723",0.139770562625979,0.623766939750501,0.204763854098905,0.42306930817449
"724",0.147398603585111,1.03901335549811,0.249992715556748,0.473461586429252
"725",0.160096500881366,0.841910838193693,0.253533248939837,0.429796471846347
"726",0.1759453795486,0.808608891946007,0.284062309501819,0.546445815038793
"727",0.202542616892267,0.937922173469778,0.339557221253745,0.696503371382615
"728",0.149302435813037,0.537292542232119,0.215946702976291,0.369410747214381
"729",0.131917645621177,0.733379167026888,0.205279321742422,0.348313111380899
"730",0.187750883828523,0.656515698526582,0.311253047996743,0.62485174039034
"731",0.183603966048457,0.428399001950075,0.2970928616716,0.53345169850275
"732",0.101727603886515,3424.63491258312,0.185297432174547,0.424611257033118
"733",0.157556123852378,0.860802176934811,0.241337230539914,0.458948844566782
"734",0.149446657236115,1.46260101768492,0.222711793075914,0.370137645269048
"735",0.17364260957158,0.557195059032539,0.254881384921596,0.470230186232835
"736",0.16635276371215,0.582259162089148,0.272487361769099,0.628219203528602
"737",0.183457157533682,0.353066223581966,0.243143972298217,0.451352165043356
"738",0.186247069155637,0.453656405567779,0.279317411010514,0.537335106383315
"739",0.155237437041712,0.359399482279887,0.197722018798095,0.357268156538291
"740",0.228505830555617,0.813043847427189,0.393206500435352,0.635581369439387
"741",0.155466369523767,0.405046944603198,0.231847282622247,0.436321882721696
"742",0.184602107573757,0.41301351840521,0.270957746647696,0.75067797541487
"743",0.283392155150808,0.537959976610075,0.469128342522811,0.788065638036539
"744",0.253571859353281,0.487823488223584,0.407747994629678,0.694489581778908
"745",0.158504681866838,0.588838653508021,0.241334193715754,0.429645769541934
"746",0.109919224472005,NA,0.169117008608078,0.401445203919135
"747",0.156360032339568,0.717881442483736,0.245774563379358,0.464150626481205
"748",0.186024965468504,0.55048318077588,0.269633454918224,0.566626492682542
"749",0.196848821998465,0.390508059679749,0.26734430426518,0.499927849468337
"750",0.196636952427672,0.764015443989506,0.364913685737498,0.905487808309493
"751",0.14721290175883,0.471598136086337,0.229910278185601,0.400208607281188
"752",0.210321414438254,0.786484525321765,0.391008821732751,1.16217877985297
"753",0.209087755884873,0.477800819167973,0.343253686579438,0.566258111769556
"754",0.165232734980249,0.473641022475246,0.26360286018369,0.517494207636327
"755",0.18267310272362,1.9066620492291,0.425952535206279,2.50748004058287
"756",0.186405874278231,0.52359464740451,0.308202240790195,0.537543097003148
"757",0.169381745965976,0.562868648154226,0.267399952455159,0.427352264737565
"758",0.18771752540709,0.413163273473751,0.26183528491122,0.541624250996485
"759",0.155114423196968,1.269634748153,0.276050126009249,0.714694760447652
"760",0.211514237813514,0.374588585675112,0.310185876579153,0.644008270842679
"761",0.194171212670236,0.609929614466177,0.276720066555045,0.469291583282256
"762",0.203309266288256,0.367260180484206,0.261437906409363,0.505005592889195
"763",0.14547426900045,1.35677887301588,0.326498108034732,0.486940286177057
"764",0.170375478512134,0.60818887167658,0.291021922938732,0.539625128870071
"765",0.146624483775689,3.31291953980934,0.251809960795371,0.418808168278841
"766",0.141996542955086,1.28308100057957,0.225364540254903,0.406245661702689
"767",0.0976408996528794,537.030996316561,0.176465602910194,0.297143138943568
"768",0.172769088630787,0.882536876009838,0.303495751601091,0.944717795190067
"769",0.0987597230685616,206.959131365195,0.210428151828824,1.51565898546395
"770",0.248339166578722,0.43902196043829,0.37338703220915,0.84453891446519
"771",0.172956150100642,0.590827928999732,0.285829584434249,0.718532257531902
"772",0.208456936702053,0.484840712819177,0.299481301439234,0.658174947581272
"773",0.196604851245318,0.46242851046928,0.284964426023384,0.935091337670244
"774",0.160206812295183,0.402639235932523,0.234478808629815,0.633363500976849
"775",0.193493255229442,0.690596038570048,0.331864996602081,0.569185901150129
"776",0.154063416564982,0.739149903878207,0.278611008329494,0.477828273881938
"777",0.0376154195581822,0.0409706584167845,0.0393582237494312,0.0408046641145757
"778",0.155388067515752,0.584146006017062,0.214021998935359,0.439417456756849
"779",0.131237520161297,1.12677179754696,0.215080359604232,0.446353539188382
"780",0.20948035330609,0.48487755126907,0.317035045607951,0.731493084348444
"781",0.131225660618119,1.46769666859188,0.251519382702719,0.427679383745427
"782",0.19850855328036,0.571984112382673,0.296139277474858,0.514059633575309
"783",0.223822859357752,1.05085509265014,0.39526532394671,0.767784305744747
"784",0.178361767790243,0.438501650237826,0.251974158091069,0.55257079107305
"785",0.177112178629015,0.341444337616917,0.216385231461148,0.394340569849504
"786",0.16282926653514,0.62223917887993,0.270389914248707,0.897280739653007
"787",0.175545218261365,0.340385556726871,0.240869410190701,0.454879977487742
"788",0.157124338706491,0.560541480780432,0.222687719717891,0.39472761657605
"789",0.152416224061746,1.02504290333904,0.228373128196109,0.375241866229287
"790",0.177683383516574,0.380987694443829,0.206497532539436,0.378576203138117
"791",0.173901734678235,0.557567006860716,0.284616384149492,0.740184810790785
"792",0.169089157682281,0.626127148033903,0.253383120815166,0.392589020633548
"793",0.318582758146308,1.47232255720013,0.57810019042888,0.808808984378534
"794",0.175245563618361,0.3023749935834,0.197449821765583,0.405945397526512
"795",0.106018163506782,515.347956471041,0.196541832672756,0.427910248386898
"796",0.176122942369121,0.343359424664297,0.234626353604959,0.540878043727153
"797",0.21794419825031,0.296592884390585,0.265253871585989,0.515130238634147
"798",0.2069497760524,0.530837037757842,0.321017724716715,0.585583364847473
"799",0.164349663590772,0.97849123330515,0.286768746227557,0.525585043925459
"800",0.117605498022031,145.225101526598,0.236357435963413,0.718834665007416
"801",0.157001183011818,0.535741440281172,0.197032887695421,0.369858141545878
"802",0.20414199389388,0.388082850609753,0.298652733372686,0.515102839793608
"803",0.147124733070646,0.843951456719031,0.25465360091162,0.538848872969435
"804",0.14986120645494,0.808564761211311,0.231948310480023,0.369390111544928
"805",0.140873681151819,2.22757264084888,0.274971101810532,0.930171809179701
"806",0.212755169375262,0.949142994285446,0.375561112433679,0.625069562990513
"807",0.144613909793369,1.07023086024691,0.301092727308878,0.607993906047731
"808",0.186006942594677,0.500732942439722,0.300997424182651,0.490556512524565
"809",0.168350419137709,0.642126399345187,0.26737126243375,0.566249754731065
"810",0.165277138543477,0.45399741499528,0.236031043350981,0.438045582082394
"811",0.16507943445618,0.340054343576337,0.22370403370741,0.388359910915465
"812",0.144669376078687,1.40900418984409,0.224953729068311,0.417037282255246
"813",0.278113426090634,0.321424445448016,0.33475180407231,0.680950404468575
"814",0.196813651786973,0.279440251540636,0.252207669034471,0.569010951964629
"815",0.175027732775536,1.35615498239399,0.323354204838243,1.04097663741989
"816",0.156631249480158,0.915094489524757,0.231472568954813,0.454571456133145
"817",0.189365141139929,0.60962763460366,0.302039208590087,0.626120725767405
"818",0.205619048883991,0.410026641933163,0.298373481918339,0.518467723183077
"819",0.161253995829979,0.484907186239213,0.290410601862616,0.4749857405605
"820",0.184170133399568,0.511731377604211,0.285955336847339,0.811910993554893
"821",0.14954475863165,2.08081070395889,0.235735045306102,0.399859528541956
"822",0.201074950242792,0.473094586087421,0.29458677762723,0.527600128455375
"823",0.174230344175771,0.571724879206801,0.270259426521718,0.52709897727361
"824",0.173206942335709,1.19048079730158,0.280702552893905,0.999527356392024
"825",0.142654324843521,1.65823999679942,0.246814344641639,0.506187075802008
"826",0.20425868111136,0.346547530875222,0.269168090704572,0.676338240496183
"827",0.16425148235545,0.755195906559349,0.2796396369033,0.634282525683774
"828",0.184709543898949,0.44671216301065,0.279048529106038,0.498862470878843
"829",0.136995796322323,2.12476178589327,0.249624626857082,0.457177894912444
"830",0.173870125616528,0.399889492862821,0.230335768776118,0.458655131274341
"831",0.161113758745055,0.854926121188902,0.360827693720701,1.19214930766849
"832",0.152872106501357,0.763940819301087,0.212392548331536,0.402162726696283
"833",0.158064204987615,0.745702101945888,0.242663696014612,0.493215890245434
"834",0.163958718186731,1.15004852394908,0.286860266564787,0.613790950151148
"835",0.137976001420957,0.747479916779728,0.267326017206486,0.551104270643316
"836",0.152618183235101,0.507814364696365,0.229890029970015,0.507909031135903
"837",0.160606125282815,1.04214370229556,0.240721305185323,0.446936633723054
"838",0.152356379858402,1.13487644162111,0.257340115505034,0.52801845086277
"839",0.106420634680419,1250.53638020553,0.151260842808625,0.311390300704267
"840",0.171725784134441,0.494940228462877,0.264706155763767,0.547793536736844
"841",0.220566673987242,0.370891548339731,0.300506139392916,0.562684024497039
"842",0.154222896515241,0.533494571639232,0.233429707874325,0.3986696661881
"843",0.10621929354666,406.165903507007,0.189277417033607,0.375469567951378
"844",0.157733305085598,0.587260435616369,0.258681580699023,0.52324430080162
"845",0.194514404191139,0.534594002013311,0.307914760562508,0.628995747247563
"846",0.155036901964313,1.21713790829977,0.30455507158563,0.685927623539163
"847",0.140473854755032,1.00107120234206,0.200550271438106,0.387263630247677
"848",0.182752045097379,0.634453749767041,0.28554794239885,0.605554814391353
"849",0.180188292396995,0.419790538805402,0.270281075870343,0.607238311090077
"850",0.143317458430048,1.30045130238028,0.254862092731267,0.488519319355479
"851",0.189859546737103,0.964125696115951,0.308771095500898,0.603691565706746
"852",0.220174556408295,0.405517683987708,0.308552348191555,0.54290887870715
"853",0.21348351507423,0.552408426970269,0.31166670409074,0.481869221728416
"854",0.143060930293012,2.02182421478864,0.24787680711692,0.400332484189458
"855",0.143233390666422,0.593578102248256,0.256112932288125,0.47793116248206
"856",0.13240610385757,0.951390432341383,0.227328249974262,0.389325412820903
"857",0.194778155114335,0.462538545991797,0.254778162271474,0.477235221781268
"858",0.176697585561555,0.448288694785284,0.255041563323625,0.500062936825366
"859",0.173350962112675,0.568523820440664,0.284080817786473,0.521621277782698
"860",0.1814830447228,0.886858617475543,0.311160884226249,0.582956635819074
"861",0.153506777686699,0.434419907832731,0.264542444642661,0.483055426154844
"862",0.140011903147736,1.98359778332118,0.304540350626303,0.813373627832137
"863",0.175171888820332,0.396364435591942,0.24601383485055,0.452406727785686
"864",0.169007171781794,0.619812424559516,0.280668274644844,0.506219520838031
"865",0.102126564733711,16.8746576381546,0.18606577563546,0.710775436836674
"866",0.143258541047253,0.797500221816759,0.222591353176429,0.351110746014061
"867",0.155776775574451,0.475822979690512,0.285681540159313,0.649491582328042
"868",0.140314550916672,2.5387137340179,0.327003559758066,1.80047411092548
"869",0.212810790893154,0.504770421571373,0.336543530112978,0.651532542138642
"870",0.148199054501856,0.81792680788508,0.24196496416673,0.457641764528927
"871",0.167888505262836,0.566768952824546,0.270968293542876,0.511202671695398
"872",0.155707126371669,0.498061943887243,0.23527668800571,0.413133772002581
"873",0.18232405983541,0.450099280108025,0.272350404836704,0.639051618156683
"874",0.202986334230265,0.273557741934572,0.239879993824961,0.519433587063919
"875",0.158265695098065,0.564766848346649,0.243814516295648,0.460321280789442
"876",0.151592891531198,0.636538522812371,0.212928766620991,0.398746474885406
"877",0.166411923427511,0.820296393397499,0.291534959971303,0.542693297235369
"878",0.164100805698655,0.681750853880099,0.288152459813787,0.507943123050512
"879",0.136243069586864,0.530741237733905,0.20267011304387,0.335181450569877
"880",0.237825751573667,0.545832885425733,0.343510898627007,0.617305031134749
"881",0.173006239384214,0.521886729502995,0.255687627047227,0.50091742887532
"882",0.147598970123997,0.704194248579705,0.265811595518293,0.444535694566694
"883",0.171981652728246,0.464928131738777,0.2672522066225,0.466473831432501
"884",0.216221427873377,0.576128948871269,0.332298633384331,0.599786384384092
"885",0.148617754688739,0.503683345504275,0.206087140432093,0.4256508149978
"886",0.186970689342107,1.0494022664373,0.333976596621245,0.550832455399345
"887",0.174044302742529,1.0180292510023,0.287762076730752,0.720717376089633
"888",0.18374461163566,0.402448382586157,0.276833749301336,0.645787861545577
"889",0.132144031233949,1.14830451543735,0.223000543531259,0.498298769389866
"890",0.172264458752295,0.719095397794611,0.24385535136072,0.433982817476364
"891",0.15524163498077,2.97563891806311,0.228850899995451,0.390478805957695
"892",0.209293993965878,0.57958106478376,0.319842230686884,0.712562274550592
"893",0.250393378452794,0.621151460460307,0.440969359219498,0.860524876686292
"894",0.181975320633724,0.428295823965446,0.256758443614986,0.45122666311023
"895",0.171033797321668,0.464885231213257,0.255273738700073,0.449187331602443
"896",0.297658749036661,0.386746410715529,0.394918611344751,0.817178914639285
"897",0.157160449772397,0.670543443603835,0.233057782348999,0.433185265116988
"898",0.209437208339152,0.444609950490764,0.319291760243099,0.578465230409947
"899",0.153518485795176,1.31694187229817,0.274525570034929,0.437880239669147
"900",0.159803177095125,0.542264039844444,0.238273505828699,0.454688321885644
"901",0.170550875189593,0.505599003341796,0.277523803269568,0.492141440578611
"902",0.139819053442312,1.11443393177764,0.227398516151519,0.690436245227403
"903",0.140212659510729,0.837761051113987,0.198512904806845,0.346015855665924
"904",0.148986015237596,1.3164025962555,0.233945940211184,0.463300919355742
"905",0.174207225028077,0.77132936571453,0.278915220524845,0.460704672579967
"906",0.142460114238641,1.03684188425955,0.261661098173726,0.44849679191912
"907",0.131525117240939,3.31990714824234,0.283110725770515,0.705102255309706
"908",0.157701984155426,0.707860293174216,0.250541171044698,0.509036480099092
"909",0.194855309156882,0.854515207523766,0.326602754302844,NA
"910",0.172504577224831,0.495994520778208,0.262845290474987,0.544810194564148
"911",0.150491769656767,0.686182155531189,0.233955039183888,0.381543812376489
"912",0.162312784388077,0.52932907153293,0.300183987839142,0.697627191990603
"913",0.10606377883721,1875.75163509729,0.195137322423714,0.782074838220899
"914",0.178570889461218,0.776971636378422,0.262418346511838,0.484601347492037
"915",0.142773497160526,2.29941877330607,0.225824377717902,0.534105098090414
"916",0.134012856578426,2.06359788133356,0.198419287683659,0.373089717784746
"917",0.142347704617026,0.972200457499856,0.22220543997195,0.438612721316657
"918",0.221859944831858,0.825310385194187,0.457404307552486,1.56215974635173
"919",0.195005471907452,0.548011849688188,0.271234394373502,0.502698142131997
"920",0.108435152846973,43.790647095882,0.174448308864927,0.399451552072032
"921",0.175152855145917,0.392331179993331,0.227543676145934,0.371709640108783
"922",0.190064446439472,0.643583692300913,0.270494283430603,0.549091180333656
"923",0.162997493473906,0.822599659938177,0.28288734474476,0.53870821015323
"924",0.164228726422796,0.469712465697248,0.266320642678386,0.497520942651017
"925",0.272133873246603,0.431698150974671,0.362097645974471,0.66486320013975
"926",0.155480183571058,1.74133659864146,0.244364440164855,0.456092754462901
"927",0.167682027577939,0.649063975793987,0.275664519264163,0.541787576824735
"928",0.171686316010088,0.375699071837458,0.225781721227974,0.423607051719184
"929",0.102711960334255,NA,0.183167796640889,0.398956683881457
"930",0.145425162383068,0.940508436477678,0.22687277770039,0.382104190928712
"931",0.204101287387525,0.621558714366122,0.289817358031686,0.503133872054559
"932",0.214168499785256,7.14102190514263,0.425114876410534,0.730078971012603
"933",0.133659322320471,10.8609722247571,0.209863282008164,0.347065839757282
"934",0.162444992615747,0.865770955139065,0.302921159928402,0.553643084453615
"935",0.179407929044686,0.593075953413785,0.275378019534081,1.092192596561
"936",0.138633022833602,3.78676941199255,0.250994764532391,0.374731462559775
"937",0.187495223114537,0.589430113987142,0.299544858939539,0.563275992834439
"938",0.207392626942423,0.805220487640781,0.375762286193012,0.923640896286152
"939",0.153650838826518,0.482023641164974,0.220207680824535,0.485132164631238
"940",0.181729829214068,0.443567713616625,0.273110250831372,0.398495109747331
"941",0.162364032950623,0.691889725210269,0.29997339810599,0.477362902354029
"942",0.142859179698479,0.721399270060031,0.220837382973116,0.451729561839688
"943",0.113303999258447,10.3409743403665,0.193818034808102,0.392126500881465
"944",0.176351297362851,0.500452263191952,0.239514422808609,0.487111108396179
"945",0.223917628079669,0.527564587134638,0.358229987725197,0.604724310052718
"946",0.177042555581076,0.569283000609489,0.290235868481799,0.471966627086578
"947",0.192644535264161,0.44875787200735,0.313688249060174,0.533081977225637
"948",0.165652428734004,0.340354367782188,0.229631387437742,0.413211554514815
"949",0.1737306487777,0.656356335033942,0.291477631609401,1.36976380400258
"950",0.154782075931526,0.630539292542149,0.22826081625955,0.411516030446051
"951",0.152391262581727,0.924457336239643,0.260182797998094,0.491442744026743
"952",0.165303549465382,0.474337718531871,0.279768875727555,0.601249065807228
"953",0.160300205429076,0.532115259580131,0.256908580149552,0.433879634189899
"954",0.163086620378228,0.478451907632327,0.25374304924339,0.477091047866416
"955",0.163156341175317,0.774596023757065,0.241984703962047,0.544557884589616
"956",0.168477918003674,0.6176017468916,0.301930279483024,0.630910478500118
"957",0.137953849560262,1.27696621645552,0.225758457426123,0.396419028952193
"958",0.212961689387341,0.352298734628466,0.2687528672351,0.532978675488822
"959",0.271345426732655,0.478404389956912,0.376534772860874,0.668767838525731
"960",0.16526322241364,0.798890907936255,0.264119764637864,0.486092254562879
"961",0.22086153630839,0.52631266902791,0.331678757859111,0.670467899916254
"962",0.199106203135436,0.404217162474242,0.297702898042687,0.474371208987526
"963",0.200072789186222,0.336373545263394,0.268648081237092,0.576412264394502
"964",0.157685921391062,0.438134413576114,0.238521042236637,0.448643865459278
"965",0.106849656029725,NA,0.173243211201434,0.372964412763
"966",0.166014597322438,0.373806424094206,0.247116840791734,0.444759154880747
"967",0.217127880811686,0.713008678129112,0.36947767247609,0.652411329887431
"968",0.160012250489359,0.347989315036601,0.245642054307727,0.469729258175425
"969",0.174540880981971,0.624373344730028,0.267522597561835,0.522689049602862
"970",0.215531656417018,0.370392222137299,0.318180760896762,0.625483151381671
"971",0.174793004341219,0.572824140207578,0.262492087236235,0.635923316306546
"972",0.15839070973286,0.666582910428678,0.248595475566809,0.376116841850252
"973",0.160877489450701,0.618294614993298,0.189023761662524,0.396036079041475
"974",0.16586496369852,0.87170370183629,0.28380523966154,0.439992975361363
"975",0.169048537470125,0.513886091294237,0.255965035509209,0.592368933500629
"976",0.14855958046768,1.92675162642337,0.275655991668871,0.560784161068056
"977",0.206022437856891,0.383150102555193,0.301451063074864,0.514804159403909
"978",0.263757589354119,0.58640535679665,0.406850232864301,0.808809099718953
"979",0.160539300799,2.74291303836158,0.303401678464996,0.594251641071652
"980",0.199899248544993,0.533397495283749,0.331281843010303,0.728320749491336
"981",0.213254282351236,0.538052051324553,0.341258871136676,0.588206407001705
"982",0.196986661474971,0.367429982183876,0.275912355493338,0.517024615715628
"983",0.2816858735433,0.398100783267738,0.391069958088875,0.710147345867939
"984",0.112311919024632,NA,0.157114359120281,0.3367078603545
"985",0.159114019001144,1.67916087859413,0.345439383184587,0.804590874034733
"986",0.192304744373237,0.427801371148034,0.27479650793394,0.854647580298159
"987",0.14142073388115,1.60505707003667,0.24526478706862,0.440998764031624
"988",0.231985483764824,0.339525084435987,0.324916132599404,0.607754014354451
"989",0.21306720321557,0.324973390509284,0.292347576401341,0.530973044060781
"990",0.14926111035494,0.789877757387796,0.250744482769707,2.01828287411343
"991",0.188822646661959,0.415008444883244,0.27320974381093,0.571299862737506
"992",0.164245660819387,0.412906442672907,0.231442237076784,0.37208139110389
"993",0.109864973957623,274.367266379805,0.215182353936478,0.638746194203515
"994",0.156042357831172,0.492356777000272,0.223120946620789,0.393649168826985
"995",0.175409654074073,0.361670328860457,0.236274566115609,0.511017152780109
"996",0.172254465715154,0.622198163987026,0.3054719698271,0.522059767776256
"997",0.210049155114773,0.743981062799366,0.388852218031132,0.721443862484245
"998",0.181998017755042,0.348531776177008,0.234388143592093,0.490997819785671
"999",0.174227504965966,1.53646641199107,0.357447822059338,1.66923318672852
"1000",0.244321645637272,0.584370188736344,0.403154324289015,0.744246598930174
