"","tau","beta","kappa","psi"
"1",0.905828334866432,0.0594630271218484,0.820556985961483,0.763259204293855
"2",0.856995019864997,0.12238061344174,0.81625321186428,1.37059518209281
"3",0.497963855749093,0.166231056700263,0.890893107855151,3.25320915792868
"4",0.61457025324778,0.158041904088091,0.864988960182825,4.29896600122386
"5",1.32692917581357,0.126719810774163,0.709006759690006,0.235126902677295
"6",1.71512904141528,-4.66293670342566e-15,0.636316997155369,0
"7",0.737675773002348,0.218364396399375,0.83694169473865,0.935039394196046
"8",1.15379214979837,0.133067876244745,0.7776036719741,0.408936493501774
"9",0.929124132702514,0.112962071338094,0.82007665904289,0.781188734431263
"10",0.968010944537394,0.110795679047939,0.8545656633808,2.10452682056546
"11",0.877777011152587,0.113825130917949,0.803717126307561,0.712032694824573
"12",1.39254321411912,0.131612185636328,0.752568725280895,0.234229770560917
"13",1.19208122637897,0.0871661637107142,0.775755976979125,0.612367782101546
"14",0.821832617516981,0.189032588885254,0.826030351922739,0.951187541756487
"15",1.18956028525122,-1.33226762955019e-14,0.776566437781513,1.10074754821523
"16",1.45775993454055,0.0828430241618336,0.740796597699049,0.0919632807378559
"17",0.888665216347304,0.114987292509362,0.819376988547296,1.12613526094916
"18",1.11347550859098,0.0698968467779757,0.792571626566509,0.883019200628694
"19",0.975315450863101,0.0790407787000057,0.807402162151836,0.997012821121366
"20",1.23896805935829,0.149990077178142,0.795414785442819,0.66843133915529
"21",0.834968854044347,0.0617324911028619,0.834462955185498,1.33677061377337
"22",1.76426735501908,0.119529343059521,0.614114751745608,0
"23",1.16361575337758,0.0271878293302679,0.774142905012115,1.18086177872602
"24",1.22123952711148,0.0478085402259857,0.766582659191232,0.667068196459853
"25",0.883425729227048,0.165188004682503,0.816564424994384,0.600346539210373
"26",1.47751470980914,0.0330624506964933,0.679080210727814,0.110441296477737
"27",1.53343265720772,0.0446556498330182,0.727147214019979,0.307372683620311
"28",1.14489207220954,0.120258367978864,0.781842211850317,1.28069349080776
"29",0.861055345817377,0.108258163216478,0.859304682055984,1.5220399575533
"30",1.03105222449276,0.038514209308754,0.759549387944786,0.48456385707556
"31",1.06566663614992,0.163256705392218,0.803382539455734,0.424003239770124
"32",1.25666109949708,0.11177762515869,0.781221953430174,0.636100562016061
"33",0.763556517121248,0.151808578863267,0.815208974559233,1.43165320293644
"34",1.37764235030771,0.109087844413088,0.742400458057646,0.25991391571687
"35",1.15920599027321,0.132396235901973,0.80054955432326,0.635349796447687
"36",1.22355352297172,0.00479416972110891,0.790487410450049,1.44532043849185
"37",0.962762397440814,0.0621188059718931,0.793398627158624,0.761415525776316
"38",1.08009324142939,0.119663786262775,0.774792902120645,-1.90334593278519e-16
"39",0.527992141320564,0.0386624750841537,0.865855655152296,4.91517238004834
"40",1.26263683523317,0.062555585571139,0.723348633822706,0.285830770837146
"41",1.16653635688452,0.0957881860316666,0.778393549224066,0.812909201697209
"42",1.06970005119659,0.0901009778366015,0.754880831531487,0.2070855559963
"43",0.599652782672161,0.0613510289498546,0.848572529628242,2.81493074817054
"44",0.607836270039432,0.251751587430357,0.85527707856204,0.24717185318823
"45",0.981851778685654,0.14123281509066,0.797972885044104,1.28231249214206
"46",0.895076403500586,0.151070270463258,0.817182107128148,1.58222801958908
"47",1.63319604361633,0.109168616357854,0.743691769677287,0.269914613844816
"48",1.41397002576513,-2.66453525910038e-15,0.679517219908175,0.131881474550998
"49",1.20648067247531,0.0718599891245922,0.781434660783459,0.939585386492049
"50",0.875842064944515,0.119619059804609,0.851451481522301,2.6937152065632
"51",1.03903135584217,0.101758217837119,0.776456248743079,0.40533916848105
"52",1.45194559585429,0.0859309092422761,0.703200000847446,0.0688458721802466
"53",0.813118443048713,0.0900884208929545,0.826701099094477,1.7741526205242
"54",0.944579424284649,0.131162750711987,0.833231033848049,1.31449551572705
"55",1.0598890150161,0.0554772017224171,0.787852478979964,1.04474344645225
"56",0.92588541849843,0.0775409606581464,0.820564841376273,1.25724259467358
"57",1.13963046021717,0.135894162902991,0.823258303316196,0.573639022267874
"58",0.645919913569426,0.132153074708578,0.862218448470686,2.92997729583479
"59",1.49098926264117,0.0584554017908544,0.677832916456101,0.149282534009621
"60",1.17913630697032,0.0482531893050229,0.790189269222363,1.2880855283464
"61",0.971590037556437,0.0904835062866776,0.791325163755061,1.15544050763571
"62",1.36157262133755,0.117589937900127,0.741735086999706,0.286747545014888
"63",1.13108933182603,0.107783454874306,0.73473514732035,0.279682328118628
"64",0.798983224650931,0.125577511742132,0.855256662200918,1.83544510272193
"65",1.06324990166971,0.0193383430583133,0.779408734093422,1.63731102816278
"66",1.58389326737036,0.0205090704931029,0.694465033300471,0.025759933455041
"67",1.21629675355195,0.0861081155317004,0.749320537190447,0.110024015856067
"68",1.20853042793508,0.0182972619121307,0.771803166930688,0.566605063143125
"69",1.07060668571491,2.27595720048157e-14,0.80040889528059,1.65221421548309
"70",0.891999688165684,0.0756064475995306,0.795412915558329,0.524512739332708
"71",1.27605730175995,0.127850796992993,0.747415419287421,0.66798635165639
"72",1.27251761856406,0.159417490060564,0.767108781375539,0.760533514301037
"73",0.780077231671197,0.113224163964512,0.836530337034535,2.81584920225071
"74",1.61469437148885,0.0412612824699297,0.698075098824075,0.387443728166886
"75",1.19830936457663,0.145073734559873,0.765221519479501,0.279543362084718
"76",1.17849596536639,0.105548780304781,0.765799688917648,0.332440074380958
"77",0.988558271182886,0.102271773636334,0.77973300552966,0.704197876349215
"78",1.94421817686799,0.046661142572699,0.661757450092555,5.87422026576744e-17
"79",1.81728440381406,0.0489604778786079,0.650253194031166,0
"80",1.24525031043686,1.4432899320127e-15,0.771093692934401,1.56768236904771
"81",1.21551813400287,0.0756441195751031,0.722737651915403,0.290381302374317
"82",1.22568135777764,0.0743893282165748,0.783906671759936,0.736926860373376
"83",0.890833820072163,0.192518671945635,0.84651381459818,1.02273248933394
"84",1.00768482826026,0.190244002373193,0.813942978533925,0.408239003752754
"85",1.39818939951969,0.0390323807998233,0.743168736311593,0.616813382144932
"86",1.02223290883158,0.161525374652745,0.813868734735691,0.90272433591482
"87",1.0979637054732,0.0494354553691483,0.753819796979104,0.388575320805264
"88",1.31633479938176,0.0679033447285685,0.761533550836638,0.474654190600277
"89",0.989111494627772,0.117507554718294,0.800421409477851,0.814279004622454
"90",1.49680304067231,0.0453515675254508,0.702306475602165,0.301112705223653
"91",1.16351016891848,0.0928940969029177,0.783734169346007,0.387618182095751
"92",1.03910579644602,0.0583683004055265,0.814842160291159,1.36006902749209
"93",0.528497888953888,0.166160300828341,0.882868375675114,2.11804333641192
"94",0.919954601510931,0.036002277203631,0.819475156689378,2.08584333422284
"95",0.778245179338883,0.106456301045398,0.846922663387316,2.25712633473458
"96",0.91806619352472,0.156140289583014,0.81798846282222,1.99576493086684
"97",0.93459170985736,0.238752371093841,0.809422571399396,0.886067522803441
"98",1.02724870399623,0.12096354958028,0.764392499083433,0.741897040213346
"99",0.948923860875971,0.181855635701648,0.829697799555641,1.37423974397778
"100",1.17780359182238,0.025902986296563,0.779767466001798,0.897617440395722
"101",1.24584278940527,0.122305206142677,0.748212855819469,0.23478116814685
"102",1.34563169753328,0.132172600207682,0.673072959782973,0.240943718258939
"103",1.55964614456627,0.0765993400579884,0.676421961708243,0.0922124458679903
"104",0.77064238334867,0.280594972198464,0.839849878772097,2.4818203690707
"105",1.21889661540478,0.0586409058936151,0.747535912302241,0.363461730985318
"106",1.04867088933562,0.143089987307901,0.814065445153259,0.842150902505186
"107",1.39816870716128,0.0241281942333429,0.737777811860224,0.16136592559501
"108",0.719924949437815,0.132201408365201,0.845243991952318,1.80310867982108
"109",1.43926776553971,0.0706176939634405,0.714430998900851,0.105609575549544
"110",1.1604294729534,0.0794856726760992,0.747732723271,0.477109531705408
"111",0.690113904179761,0.164924805447908,0.875699945212579,2.5894156971085
"112",0.939005191212772,0.157689062796026,0.812947173065185,2.02187553072763
"113",1.18377872095884,0.0259430749139407,0.73386269762616,0.860543036524643
"114",0.906843242879298,0.18235712133762,0.823296328355554,0.919921627854199
"115",1.06108613093369,0.0684645688503204,0.790630203051759,0.794451477859537
"116",1.1020278225928,0.0582281701264304,0.764725059224424,0.370793088271475
"117",1.37936556231945,0.0952566542559987,0.773726121666757,0.649332077515539
"118",1.15427889586288,0.122342348568552,0.734770474296214,0.508704708611215
"119",0.454619589240577,0.183795017853032,0.916979622125534,1.91000915168424
"120",1.00481430399953,0.15629824931111,0.788549178451277,1.02619583111885
"121",1.12884735976607,0.173360669865377,0.77952200004569,0.326606100066866
"122",1.33906703024591,0.0267423204547251,0.695942999490029,0.285688135945052
"123",1.14111530404425,0.0525262360397777,0.762663206313592,0.886727108823492
"124",1.25964864697023,0.0317580907025788,0.746855175448104,0.814277539612954
"125",1.43962391625618,0.0443741595310835,0.742556524274646,0.298658821767083
"126",1.02511131396144,0.0253425111242768,0.797248553409525,1.42685169612858
"127",0.921138214830264,0.0541112663871022,0.81547712042663,1.41458583270716
"128",0.908047448290325,0.116547413028101,0.850551769537471,1.6711579571847
"129",1.21514631301876,0.074687339978614,0.75735896305536,0.481323491090589
"130",1.11472267510479,0.0713470456143765,0.796731824379141,1.14673902508757
"131",0.511690539887285,0.143135485776821,0.87805277886385,4.38372352352947
"132",1.29471095768324,0.111625383855146,0.751208501598147,0.263770149077279
"133",0.717370374796058,0.177719500627803,0.841149164128419,1.95138477228645
"134",1.08892198138083,0.27177820454693,0.799683226383218,0.69713835164949
"135",1.4260328501522,7.96742224606906e-05,0.722345628864447,0.824059915220943
"136",0.971434361546212,0.0860077030881266,0.818626892915196,1.32064747973378
"137",1.32370129560384,0.104484540750647,0.749108928050826,0.125177522086562
"138",1.20411862052026,0.0299479036528612,0.77177433272929,0.562606381672363
"139",1.01727882048054,0.085497851736464,0.80481987327695,1.13822615286462
"140",1.11849651466225,0.0737425888477645,0.789280988194753,0.938084354148186
"141",1.15256793682166,0.0413807362752762,0.796940109791815,0.642448056387891
"142",0.87954736746712,0.08748924820909,0.818275337300182,2.15205577073979
"143",1.25153158028142,0.0499821259337592,0.727691127005783,0.176402108059919
"144",0.73355032953348,0.137341071564981,0.865551625818644,3.09655417727491
"145",1.47708068023753,0.0767639734086688,0.695321641865197,0.305140061582013
"146",1.17945258198393,0.12574961017648,0.790132992529549,0.267741294032093
"147",1.10454336868778,0.0400273987158484,0.810865861526065,1.39027801899044
"148",1.08070629992348,0.0472503823208866,0.764243826369224,0.763628905030642
"149",0.875614707037908,0.19020894547513,0.820864421637089,1.61726167778508
"150",1.09026013249792,0.107051535344324,0.749940336583046,0.317123886038159
"151",0.697675950047238,0.118639059683447,0.853429422258984,2.22838425490434
"152",0.96833108650794,0.0578214940130818,0.7944967982793,0.97768198565901
"153",0.995018002049193,-1.08801856413265e-14,0.795935602532979,1.50895577618134
"154",1.09604821940828,0.129069689964973,0.809183805813322,0.782283922637986
"155",0.730026975335752,0.0137443406956235,0.822980849821593,1.87280249998517
"156",1.2010589375732,0.029999086491597,0.752052242449794,0.3437695688171
"157",1.22195826612899,0.102475924853056,0.784106313404772,0.626727067219444
"158",1.07946663523547,0.117482747584531,0.838499904961779,0.85559067459965
"159",1.01048752602093,0.112980214715469,0.804623448178474,0.424770236404646
"160",0.723922648510728,0.147182167798386,0.844250721060515,1.93844734668708
"161",0.906569379404117,0.0670922810532932,0.772675682195557,0.795638829307086
"162",1.43301970747961,-5.32907051820075e-15,0.651502989426166,0.187944145164785
"163",1.14915520705849,0.09337409349744,0.793762525653537,1.42425123961454
"164",1.44982742379754,0.183363643014387,0.692050249830599,-1.05634943640178e-16
"165",1.12327303030623,0.104840431915405,0.796360944469501,0.300185017677422
"166",1.60488852557414,0.128316188225434,0.718835226773977,0.409516959480491
"167",0.794521626570861,0.0874216071337278,0.840585548440839,1.95376220612052
"168",0.775298947471674,0.092447519092808,0.836847864589294,1.60035322620265
"169",1.10970774091065,0.130925705698037,0.786594665209491,0.0453285266539555
"170",1.25817253246475,0.153501560227756,0.743020316081546,0.339302695186425
"171",1.09263978079277,0.0772765239410641,0.785588740032815,0.545018370723134
"172",1.40025637117253,0.0896486367710293,0.723924217040117,0.290283860954644
"173",1.11219799089758,0.182736958490403,0.794037409093041,0.627686795456407
"174",1.8736098074775,0.0942080794459292,0.673587141554442,0.136094827084718
"175",1.08900932747519,0.0118553914839862,0.771600392727518,0.692429872899226
"176",1.47289836980466,0.0756899911491951,0.733749390852375,0.246249736391736
"177",1.10687023777401,0.0415389610079407,0.780382889330553,0.887207340558194
"178",1.12534327897083,0.0466189516926195,0.768257150129566,1.08308707231531
"179",1.12077072594725,0.103487746661128,0.775845854810549,1.08159134916781
"180",1.27870450404124,0.148649617386413,0.750837002330235,0.138067891309995
"181",0.948368891863541,0.0875612326269066,0.742570876258539,0.582127570908805
"182",0.884848352153304,0.195888174963403,0.814885281976296,1.54525415709296
"183",1.89761748429005,0.0684991190583153,0.537617572054081,-6.16627485537209e-17
"184",1.20574866872455,0.102671887414805,0.767946753517214,0.320381660280892
"185",1.18171566394902,0.076811916380742,0.775339227386118,1.26058446029045
"186",1.02117768104475,0.171647031162874,0.775860912852338,0.583473641426449
"187",1.15905740790474,0.0567703383490888,0.7811447492627,1.04170931240739
"188",1.43063252541163,0.0330088341620945,0.716594190687079,0.158202936710583
"189",0.967661179324677,0.138443749939406,0.796538860528874,0.155905469507257
"190",0.68471493387699,0.0904679908361912,0.842086039235011,2.39335664426846
"191",1.20113932750402,0.178302821470197,0.734025835362264,-1.53905256087927e-16
"192",1.22020993932586,0.182630148399643,0.791059941896257,0.239290671092991
"193",1.70871290951092,0.000108856584577377,0.657435262728365,0.233489740339177
"194",0.951425133530322,0.0890883923023843,0.78762831840841,1.27538549090559
"195",1.0803400314734,0.0450852054229836,0.743020924958754,0.637367451972153
"196",0.77592761663456,0.125835758381086,0.832918256538639,1.32822770064966
"197",1.05982012585239,0.0417475700925883,0.782288388280117,0.837607679357124
"198",1.23193123404122,0.0990052623043717,0.736991623816989,0.293178516284503
"199",1.28102153662944,0.13954946448153,0.740893702138059,0.25147223750092
"200",1.25805649090961,0.0990432279554198,0.71303455955529,0.17412424180255
"201",1.46516585105654,0.0860186791737687,0.735147170814075,0.501783714515582
"202",1.77090665076833,0.0697865505585615,0.666370261724129,-7.08025480707076e-17
"203",1.02495369638011,0.0296824227382024,0.794351184514423,0.632327536762588
"204",0.875249467799899,0.057303265722239,0.800898665195655,1.54228524524289
"205",1.6679146776008,0.072342926456993,0.716726447418342,0.424465635704657
"206",1.25859647176769,0.0857050726290032,0.784781725073924,0.465558166980331
"207",1.46485229624427,0.0197694886967358,0.707263729767332,0.394611340656497
"208",1.33999175550849,0.0880929885117889,0.72473464348634,0.478201106016711
"209",1.4484279965456,0.0219912025658536,0.728961826993713,0.132541328549769
"210",1.16030447936584,0.0426179037386276,0.766632244697136,0.22371188023057
"211",1.30699065490789,0.058075608378153,0.733049294340709,0.234826683822455
"212",0.529890905379519,0.195577087474841,0.890608813918349,2.05070603005303
"213",0.842266544990293,0.0573382172482746,0.847746466921494,2.2878722475179
"214",1.30331009147625,0.0127238044503458,0.737023791066133,0.307514794159936
"215",1.29198082788016,0.135181104794043,0.759497239784036,0.440240897144321
"216",1.07271558977942,0.0928208746183348,0.784768140092411,0.61679216775884
"217",0.840487072624469,0.185978855653256,0.820562110882906,0.544805982227449
"218",1.00887278704759,0.112339895771881,0.778172210411699,1.36267458689797
"219",1.08845618736374,0.150263290480207,0.783176058294077,0.660681940949236
"220",1.31310173628674,0.0424041988136008,0.774225973815897,0.34511480146994
"221",1.26563205598645,0.0831759980701248,0.751055850514073,0.264644164899326
"222",1.49870297853428,7.7715611723761e-15,0.713111987263729,0.172833477328961
"223",1.99697434221933,0.0157451835524023,0.630463667242907,0.0382765903862872
"224",1.28093998573361,0.0610948146581617,0.755918447840394,0.812364199067891
"225",1.04016385277785,0.0655287748091716,0.761430308995906,0.602852390783931
"226",0.869151108737182,0.088065179226076,0.821602810193518,1.41636187617182
"227",1.17881963364998,0.092850610994738,0.703217614891746,0.203295282813318
"228",0.82333393505456,0.0903304544916179,0.823167110168694,1.15626233363652
"229",0.687294715271505,0.103343117542865,0.834466590734223,1.45109853687783
"230",1.09059562510152,0.0923933155070119,0.77429726301707,1.35433332087844
"231",0.82158247955469,0.190036203630258,0.821859826636017,0.880654922920229
"232",0.914516112042134,0.164009460988395,0.772054807566766,0.343541569533166
"233",1.11297670641311,0.0659873841233038,0.782451777479846,0.889551907452416
"234",0.939454548059867,0.0725070751544242,0.797006363859147,1.00737290371699
"235",1.22844089755565,0.15444345761166,0.765743535935232,0.700465222735002
"236",1.09234076664521,0.0721815850687259,0.798906338982841,0.732156395064902
"237",1.1850786775607,0.102276891713956,0.804957426339583,0.96248235969615
"238",0.880555317745673,0.17520848854313,0.828016539502798,0.504050725077095
"239",0.851804252725473,0.140036675203014,0.827150111054084,1.60601088637691
"240",1.16593314307654,0.060152487087064,0.737402445253031,0.481690802363523
"241",0.811672809154352,0.200176009474888,0.859182371763645,1.81246789892944
"242",1.1972199673998,0.00289623085143698,0.754265195525492,0.828665898138621
"243",1.11749226341116,0.107646677312958,0.760194793259407,0.262290948426312
"244",1.00086670327685,0.0895587042367013,0.772115960091793,1.10521601892088
"245",0.96065245263206,0.21440901303889,0.81554292384177,0.834191288952329
"246",0.788493918952014,0.087980758981351,0.850889954812403,1.66200712252409
"247",1.26156466622901,0.141971349574049,0.732038091285257,0.135037803847642
"248",1.63069612592738,1.66533453693773e-15,0.665566832254435,0.480381668923407
"249",1.21410632042654,0.129275945923483,0.777798989673035,0.317710595677964
"250",0.830427329923882,0.131347233106804,0.833113478713046,1.22663401442829
"251",1.05227384601403,0.181837076908826,0.745335468050815,0.362989350817348
"252",0.957169722639937,0.131365528704963,0.8059266580211,0.423172547169649
"253",0.855627513862299,0.0947911923104696,0.825808730891226,1.18392763318972
"254",1.16242737584514,0.0546200865354599,0.799027078864947,1.50673933649626
"255",1.24774874217031,0.0883500026930519,0.783075670693618,0.955821271968796
"256",1.49101362590627,0.0371371045845187,0.686234506332855,0.274591875619033
"257",1.05990241829527,0.148682457451897,0.799412865576217,0.839649522295989
"258",1.90537867176308,0.121042398867275,0.613356600697426,0
"259",1.40144831774041,0.0620031003419464,0.714921009410006,0.376815961695241
"260",1.16541004666023,0.100563678502767,0.80180101247275,1.0528521174109
"261",1.48982595751609,0.0161482549412645,0.717193250281683,0.505125686205702
"262",1.25064985912041,0.0185641429769046,0.735256168687466,0.309881400917861
"263",1.15792620542661,0.0790497663625526,0.763495464577898,0.340137974137658
"264",0.620720986302828,0.159925811210649,0.832418740199021,1.91075357648203
"265",1.21749403238082,0.135660545665948,0.766046496467944,1.07689389064348
"266",1.16461101537204,0.150509200235631,0.771644898946658,0.503500594433889
"267",0.86190414554917,0.165016750345977,0.863102899372749,1.95086833326423
"268",1.22448062000462,0.0420896947815714,0.764884673578223,0.34797583917731
"269",1.27266716840201,0.0531265367497676,0.77981536878858,1.44321772004894
"270",1.03341529023771,0.0795594084623408,0.796250928580893,0.844979050360009
"271",0.95686637082711,0.117910929934587,0.821746205136529,1.02513132232564
"272",0.952551978215588,0.0353214752129422,0.770137070893922,1.06783209264891
"273",1.18981556297995,0.206488228100753,0.779173058095777,0
"274",1.55652399201667,0.0159103006057792,0.682601143552881,0.152365581177117
"275",1.11709854652218,0.113586554188549,0.713270393603137,-1.77933307625482e-16
"276",1.33514861548919,0.135872232893995,0.758300395458149,0.114209376621178
"277",1.21055654046671,0.00632788777969551,0.758853278791491,0.720065531041182
"278",1.23989923509462,0.0569625072430988,0.718460664147452,0.337001732861358
"279",0.799986653576622,0.115311076836682,0.845681586887226,1.40150156448608
"280",0.795386730751254,0.111879451975018,0.815369839658483,1.92770040329691
"281",1.2344967333909,0.0533048674728728,0.797091266701036,0.719119408140341
"282",0.790823313328098,0.0652119203879529,0.840688293044299,1.78486125049771
"283",0.732915950056773,0.0677562689519905,0.835816319431727,1.45990126965483
"284",1.42822069080643,0.0712627217846307,0.717519641849995,0.30744808965721
"285",0.831062109789378,0.0371691492424545,0.809039037272661,1.94717648730321
"286",0.962443525456596,0.0901034279583639,0.730256859457232,0.117555119438138
"287",1.3980050971832,0.0422183393617555,0.723714407671305,0.152798227263343
"288",1.41859544646598,-6.88338275267597e-15,0.725716270984923,0.455090878193857
"289",0.74949381280342,0.0752447840608185,0.854070519313976,2.24134639885715
"290",1.11048996583527,-1.61870516990348e-13,0.781914774973435,1.30223628863397
"291",1.93209603005072,0.109213287535979,0.649220038117154,1.18963245758813e-16
"292",0.562031874715269,0.201944431431565,0.887323200738719,3.81772599758158
"293",1.22898146793969,0.132289575185536,0.771903959179716,0.539083120269277
"294",0.808652591104202,0.0356126169946236,0.816715187873028,1.47393694972175
"295",0.79637691747169,0.0534673229154061,0.835050348493851,1.36117260680818
"296",0.96108223363286,0.0909212555754046,0.795688300673287,1.13912758285604
"297",1.11352711309577,0.15608760152861,0.737870265278774,0.0405750708211997
"298",0.938644940290277,0.0556333512564584,0.769939965615128,0.717916522884502
"299",0.945986603088094,0.102667198531485,0.805352550804919,1.36765911469885
"300",1.17150119105059,0.0343735533693644,0.779793009201018,0.692531864795741
"301",1.27931673773101,0.0349189854287114,0.752645642356726,0.441581396457358
"302",0.922961937921135,0.119685157202301,0.800742241381447,1.32755963357413
"303",0.913038283303007,0.0689405164052608,0.816511599014669,1.5500728414431
"304",1.34115454687525,0.00828883271028447,0.707427018569972,0.452044809348525
"305",1.54471491877688,0.151576994921193,0.711806918138641,0.190138814957641
"306",1.39066188374862,0.166924877192338,0.744739008122501,0.00750280006785742
"307",0.911136014530824,0.146051387377346,0.815110386661765,1.5381759843746
"308",1.30584373835734,0.241157826095779,0.738412712668802,0
"309",1.4451407454275,-1.11022302462516e-15,0.689083316388232,0.341012665910943
"310",1.29087108540889,0.134981403617014,0.750797087758902,0.267941992600553
"311",0.633217616941366,0.176820348039181,0.87192200304584,2.02095465362975
"312",1.84479077400275,0.114771489314011,0.621969103687961,0
"313",1.03338287261966,0.0726248746761609,0.787369779296367,0.785249391309937
"314",1.19912132030351,0.0581700047004329,0.766526222682338,0.52531506661981
"315",0.859185674337783,0.0996692666700186,0.838133821714811,2.16689807861456
"316",1.27846296138533,0.0550539060324334,0.713862363163535,0.604890505574209
"317",1.20042990209318,0.0862962080954104,0.770208671115395,0.517867984852196
"318",1.58671999637593,0.0332706955119879,0.665812974647024,0.199647579554766
"319",0.785484874239464,0.133162644535615,0.829242418643595,0.939974857433188
"320",1.72005923725471,0.143150164972542,0.738115219662803,0.208574548511843
"321",1.0786877591664,0.0868998202640615,0.799201831875205,0.861643096831413
"322",1.08506993362213,0.185318627138753,0.800538615142992,0.51919990922392
"323",1.20941750285395,0.114348096487008,0.785259676339853,0.497459885296832
"324",1.11581964362818,0.127927309495173,0.752040079193738,0.320257721019447
"325",1.21783512819301,0.103201538748765,0.736399322901945,0.223022022817645
"326",0.870803606918252,0.118834701115391,0.789049513827943,0.93587223163055
"327",0.651227485321499,0.0582357557733792,0.849947584027304,2.98305545657709
"328",1.41450143905883,0.095253610085306,0.725019160369591,1.10977116958566e-16
"329",1.23146755527154,0.0151653937592107,0.762448388257806,1.10056739556896
"330",1.30385572265364,0.00842114338833,0.722110886049948,0.49653428591764
"331",0.87233560708737,0.101351954544057,0.834909991088688,0.884638597150042
"332",1.74663608406987,-2.44249065417534e-15,0.638227820200938,0.058851953468677
"333",0.890275477631281,0.0487189993334283,0.832906254198333,1.00274350828255
"334",0.968720355002537,0.102438864972861,0.792120095493018,0.744329746801637
"335",1.24433081782514,0.0732919349686154,0.727598332350013,0.899137685249045
"336",1.11599573516688,0.0442682532359309,0.778396398894582,0.420168976115261
"337",0.88952580610303,0.143336688406108,0.800554751994836,0.688020943399912
"338",1.24389125018075,0.163567047715879,0.716782502235712,0
"339",1.46073217069584,0.0786559049550395,0.733637459756412,0.271150297199809
"340",0.973687602249505,0.113167704712021,0.787218618389531,0.715271481806275
"341",1.49861317175443,0.0308299374196571,0.74599776749925,0.577055110579011
"342",1.00960328221611,0.057937184384718,0.795792216380237,0.861674620210689
"343",2.0830169250168,0.14286218113486,0.669362392854477,0
"344",1.10067360149667,0.168403337258033,0.815570777229111,0.563052559154985
"345",1.30038911753097,0.0605363058034593,0.717797500535815,0.253407403202954
"346",1.45063828622203,0.057387996804721,0.709872342755594,0.191015129238702
"347",1.24591633483471,0.124448412228526,0.745938757170737,0.222279408206866
"348",0.817865833288087,0.098716550721184,0.83772503307776,1.30937511024533
"349",1.39377056446502,0.146585956954643,0.757182828490414,0.236368372913826
"350",0.852703197505313,0.215898830309462,0.772248077589393,0.60072824685138
"351",1.56853424134807,0.080651283803758,0.691476349066076,0.372223207934368
"352",1.34834204777889,0.0764715307978081,0.713606192060559,0.273992428320771
"353",1.70118098234592,2.99760216648792e-15,0.670057994114445,0.204219466118965
"354",0.510730209900151,0.208477392630149,0.894651359344028,2.46730214430511
"355",1.17660963547821,0.123924439030029,0.777157266007914,0.813886007970718
"356",1.40929010211249,0.0737940195300074,0.763858897099114,0.205070830401899
"357",0.828214231490091,0.122435074527669,0.832751568762098,1.35211279908838
"358",1.09741836394768,0.0907150603248539,0.800759193183064,0.407733443525868
"359",0.925075965030598,0.178662775125688,0.828435466426076,1.52114166876169
"360",1.28148467138476,0.0739600221057685,0.755255028383353,0.780207347879522
"361",1.13725401601949,0.114928210718433,0.775246241893381,0.332997444385624
"362",0.890595557545005,0.0691184072741529,0.785502033346579,0.872021437140863
"363",0.8866190840785,0.169086531729699,0.832839539200886,1.48328864080834
"364",0.847658444655341,0.235640790466183,0.843026213952715,1.14394015451848
"365",1.25984420026685,0.0137749919238805,0.763720142485587,0.508411375727159
"366",0.789012869441737,0.123919177435666,0.835072560735423,1.55255757131828
"367",1.35849117912012,0.0849934390024069,0.728952278707079,0.0462093891343027
"368",0.805300647864099,0.149770464884608,0.826593314413415,2.1499146525691
"369",1.40062821753854,0.0847492702412643,0.737710071621996,0.0299736367023669
"370",0.962619571805491,0.12107666411869,0.780022949770226,0.127552707493972
"371",1.20647403087659,0.0902599301253668,0.786389158839131,0.49004435657909
"372",1.24021418109723,0.0997680869655527,0.722919083758437,0.0554447774885042
"373",1.32651661305738,0.0694153488847971,0.708585981314284,0.391205238738351
"374",1.94837685874899,0.0869357185288171,0.641842489200554,0.165757290062835
"375",0.97890397837627,0.105947663348556,0.804843704470441,1.3646826370205
"376",0.78531622704528,0.183055434975707,0.837878565845318,0.222205242507392
"377",0.774119139727428,0.16018264971682,0.845052213825575,1.02818387268955
"378",1.50209548214329,0.0535889029175852,0.70753592637397,0.567457441337822
"379",1.02674296079437,0.000678611684455266,0.758071875401891,0.608472363678428
"380",0.674554587834512,0.115760814881039,0.857568710338997,2.54620720042512
"381",0.897742160065125,0.153064169589137,0.781251910315515,0.626403553140128
"382",0.911844040591252,0.0905388883980603,0.839464077360695,1.25617165796794
"383",0.974165470348721,0.108475591161839,0.832271785408278,1.33708605961684
"384",0.676575199217679,0.146412449625319,0.862148492416936,1.20401297683911
"385",0.707219674708188,0.125612091367841,0.852046093157283,1.88862091941332
"386",1.19957390028842,0.104520070982346,0.700705114698498,0.368451679829279
"387",0.853205386881889,0.153085721118043,0.849787783999667,0.469432768107145
"388",0.987082670575306,0.0905440289403111,0.809001031235428,0.594145442327503
"389",0.906342062678137,0.130710184948875,0.825165497168569,1.15445043703255
"390",1.16129299033204,0.15067480286905,0.763194740960024,-1.64648059373416e-16
"391",1.57423598050813,0.122453573852887,0.716456055383982,0.334252472646243
"392",0.984969529928788,0.0917376923559333,0.77325747469411,0.706927316154767
"393",0.694723543283431,0.159747394093237,0.865986970817239,2.53285699546013
"394",1.20225371920835,0.0211314877883099,0.765733881681926,0.530104598719849
"395",0.85632175211584,0.143027664337687,0.842587913214,2.5296187779142
"396",1.17582280612658,0.0418081121985092,0.754217640859828,0.338666853024002
"397",0.784833244039985,0.136438266405764,0.837036286536548,2.25468658611713
"398",1.1141899668701,0.108679696874884,0.7539333112036,0.334314426761336
"399",1.25042104943455,0.150926249012537,0.764071500106689,0.169226135586725
"400",0.88048585613061,0.0379107514046965,0.829230826972341,2.13030606165486
"401",0.600050307422294,0.105775023743057,0.892309707928519,3.26606620169427
"402",1.08911542276673,-7.7715611723761e-15,0.770615959821666,0.988534833302818
"403",1.20667106851742,0.122527488929081,0.705114597136506,0.193819169917732
"404",1.3018767813867,0.0873065884263391,0.7638104533043,0.527609225794138
"405",0.646618367638054,0.118360415739806,0.856816127626649,1.69997015961977
"406",1.27661152059916,0.0576291559915685,0.724154814045126,0.444423998646863
"407",1.02399221272896,0.050598135918358,0.759626241143437,0.79967815722276
"408",0.871345872623072,0.14500575032515,0.812371689788314,1.63611378858654
"409",0.862509477040208,0.0244265173770701,0.807303512725601,1.60719725119038
"410",1.06320538728174,0.0358337375760794,0.782486622896535,1.06717425000664
"411",1.01170906552052,0.163852078510856,0.782708534037688,0.633988419061111
"412",1.33479916051664,0.0638456993051779,0.756778578623062,0.624805741161728
"413",1.17531214899024,0.209809029633921,0.735766153554354,0.269186658511573
"414",1.04877650311825,0.0759399151604577,0.792403700887123,1.285618159232
"415",1.03010641278351,0.025850762487301,0.834388036529983,1.80617676702046
"416",1.08192262085075,0.155087584829798,0.810322121169223,0.17460240848355
"417",0.946131980303572,0.0905325155356088,0.808939422394271,1.08837253772588
"418",0.742052997450596,0.150413593182034,0.841981900031815,0.981727096430571
"419",1.59724669243983,0.0131642871062183,0.677193473637868,0.259483570520045
"420",0.735549357010892,0.166598490842093,0.845342860174329,1.22308289394885
"421",1.15383870059803,0.100646945944399,0.782622701469851,0.41101040839234
"422",1.3174441230813,0.0564788711960257,0.739429564263984,0.352487789098184
"423",1.19817846671037,0.146297694947793,0.73491626842691,0.343091868341812
"424",0.658244899305298,0.141385677700518,0.841920053000649,1.81871433503749
"425",1.35292453561818,0.125230389364339,0.695287266752663,0
"426",0.857161291925206,0.0594971668959672,0.832454790475917,1.41204620374282
"427",1.93560828504182,0.0420132452608406,0.635341317814277,0.128957597519195
"428",1.00403054986467,0.0933114771828141,0.789069212213304,0.540398985493305
"429",1.06474145838587,0.0774119488347103,0.776502632580633,0.378119270108901
"430",1.10368875059532,0.0859299819910467,0.771398353232122,0.622197790285404
"431",1.26782707174502,0.0677864967825961,0.734319557471707,0.196755296274353
"432",0.95794052620726,0.0266169582117628,0.774708248775339,1.37978240115781
"433",0.822754772938017,0.230736533770177,0.813349643162882,-1.64009652723952e-16
"434",1.10701793963932,0.00840720293726094,0.778950091925056,0.828201692908057
"435",0.768734025904232,0.120280036943312,0.855392395428098,0.479688775266674
"436",0.802825944551568,0.15568869133916,0.833852246574593,1.11252920296313
"437",0.62090224611199,0.18932272485072,0.870753071167363,0.389460970775502
"438",0.913308569811376,0.0641596042255801,0.829733674531809,1.80915457987538
"439",1.14816520994904,0.0842383654005866,0.779029020410115,0.723279451979197
"440",1.37106396105136,0.0872733109540123,0.742668175478348,0.351049895257552
"441",1.24750020994745,0.0418022245478501,0.730211892312402,0.592505845954576
"442",1.03364019320326,0.0619269566535291,0.802287644758367,0.7932800694246
"443",1.01389837028739,0.0891515344602112,0.806063815935848,0.87706598597201
"444",1.48450154516802,0.0159142838757648,0.698517151671809,0.477934816152178
"445",1.08328967708591,0.166364956063356,0.788585152793538,0.290883623414514
"446",0.726080460377149,0.116032927724024,0.828430893105589,1.81165257753488
"447",0.807607200693585,0.0879350626392528,0.810420844907609,1.27994531379597
"448",1.21675102475295,0.0327196756601151,0.739342111235444,0.671858803847358
"449",0.881350623655202,0.0224502955527346,0.77607961797378,0.824525961448441
"450",0.696877188990432,0.0990257823907621,0.859159824375418,1.90306719141868
"451",1.05688908126041,0.138442167500504,0.791950968255824,0.544502333508075
"452",1.53350043574387,0.0483985739270454,0.730017528918334,0.264746006181694
"453",0.956472575743764,0.0818056886647216,0.828096230096376,1.46321112340067
"454",1.2213881193547,0.182190824114241,0.799772439450049,0.486252584791225
"455",1.22670796943095,0.0807769767089705,0.769934739416551,0.56466994822705
"456",0.855522369829895,0.176161903465538,0.844901673344834,1.14436837961705
"457",1.57770160562094,0.10738431399415,0.708480856315421,0.254407218396769
"458",1.25175868994939,0.118346205916816,0.795196549419276,1.10995616074783
"459",1.30148052855611,0.0990787799351811,0.763539148154776,0.219865971811746
"460",0.906207208529065,0.181685893664057,0.799688945948482,0.564920666283693
"461",1.06912742583485,0.0234384379168034,0.801425069495757,1.06153262077685
"462",1.14033642605711,0.0859427186383814,0.761236091696585,0.767924805279561
"463",1.25264006415429,0.035318422718402,0.730266997382798,0.465137399589726
"464",1.00316090266235,0.0971464294800133,0.797749818011623,0.673480403017852
"465",1.08316505816773,0.172138740745398,0.78943136505293,0.254252246735568
"466",0.67581654880765,0.128586825579137,0.845562945884906,1.57095609140084
"467",1.08371882095953,0.0916245390561313,0.816815615118402,1.25613619183759
"468",0.775335066705204,0.111866816427424,0.860450851924909,2.1122351134377
"469",0.999462365982285,0.223543453427052,0.809553665018619,0.542937102002373
"470",1.13276570260019,5.6621374255883e-15,0.742787079336924,0.720580653860847
"471",1.62959225299676,0.0924171096626204,0.707958377599146,0.213151264484736
"472",1.13489564653217,0.0712402938398079,0.767820039580161,0.681937511700929
"473",1.25235877936967,0.0764996539810788,0.743158576831487,0.644255291413464
"474",1.4520120147436,0.0700467251591925,0.72478923147392,0.409927609502182
"475",1.08321759502748,0.170613952066563,0.775824173214511,0.27930442416715
"476",1.533151027671,0.0970467319390502,0.700556439908008,0.226061145261529
"477",0.899577578472634,0.0986252649373442,0.827137283152838,1.1852030069034
"478",1.02248647146331,0.137268088156103,0.785191917759809,0.396985059663051
"479",0.346649385435166,0.26463394897587,0.91147870647723,3.22108505455723
"480",1.59331687393205,0.0537626867285405,0.675891604163537,0.298361587689953
"481",0.997450792933705,0.0518418373498396,0.797759368829338,0.712525249732451
"482",0.971932797601036,0.163766305829588,0.799849094398469,0.625416707583008
"483",0.849049670140913,0.129984633554443,0.827848809784892,1.55528740512035
"484",1.4467762434389,7.88258347483861e-15,0.77323256372431,1.02324474751286
"485",1.29487625983666,0.104109835872565,0.74143844651824,0.0219002784798307
"486",1.05962596706334,0.121831717233318,0.791412211208003,0.810500251367112
"487",1.01959834396839,0.00933608049235979,0.756310147235089,0.911140490206831
"488",1.06472249879498,0.0271406372707711,0.815408720735961,1.02261711448894
"489",1.37174599848764,0.188046851380426,0.731240987757124,0.150447104700819
"490",0.998857414179267,0.0936126935403544,0.79531610365179,0.891363724753441
"491",0.785808154774615,0.140899992128575,0.843089425963535,2.04606791370959
"492",0.899088041978314,0.0927081592436393,0.819460232534475,0.810354305194713
"493",1.1089219373436,0.10051109057914,0.753791754586235,0.161246480530022
"494",1.59681430209006,0.0854774781699092,0.691734690716205,0.252767362407145
"495",1.13258199995069,0.11054102930769,0.745601527414489,0.97604659571305
"496",1.04497178185576,0.0619134070064137,0.832213907858742,1.3295907051285
"497",1.21306506204412,-1.55431223447522e-14,0.750808327435472,0.824578288906916
"498",1.06212297486012,0.0666205366222792,0.784646598771265,0.41828641242938
"499",0.574501103010069,0.114092173178445,0.8745630779454,2.51717387592484
"500",0.920040908605101,0.0667301232026439,0.808164948164074,0.671314057715556
"501",1.46908062001202,0.0829211556216339,0.742987995099366,0.254580537722225
"502",1.39338379215575,0.0364827146874391,0.730590914123018,0.504864148408444
"503",1.12417871215991,0.180341734652348,0.800394404801153,0.308014965146454
"504",1.01688319944699,0.0562043412023318,0.829037794309518,0.878877333671251
"505",0.835134499120766,0.106031962739107,0.820632624759286,1.11530290436829
"506",0.588068564089835,0.132129033678833,0.883319729347255,3.44863436423292
"507",1.11061558989347,0.0794990697937921,0.763295910082381,0.606321058874965
"508",2.15303683603054,0.0223979937215546,0.607396638214707,0.00492723716577293
"509",1.04843085446973,0.068143887268529,0.762798449214992,0.796808256771877
"510",1.05759040463327,0.135324073965263,0.793761621561375,0.121682899138154
"511",1.14255146260998,0.0844408611136218,0.781622426871182,1.28721025844288
"512",1.10174214430331,0.0861561645407551,0.788289365045482,0.554989027943994
"513",0.941779072866242,0.106104301150034,0.78556942785377,0.721397768390182
"514",1.01002176128947,0.0800269111929144,0.807100503955411,1.26826401548388
"515",1.48449353128263,0.0591157700533439,0.76194779806244,0.552054386632024
"516",0.84883041467087,0.148927172411161,0.81878086791826,0.687464137090234
"517",1.14655782586345,0.0675059646510338,0.79229024893778,0.892481563683196
"518",1.45504121127583,0.0775424517920473,0.675214015340217,0.11294192828045
"519",1.23172906246899,0.0114931855727943,0.738375305337937,0.156904987176118
"520",0.797560792539094,0.171593656583441,0.828996399541361,1.35801333909781
"521",0.749972426346902,0.177748607676873,0.859345006311534,0.676434431368937
"522",0.887848259096292,0.159013632344664,0.819689630565335,0.80043813340562
"523",0.955434827614574,0.0720579903696301,0.804694434257037,0.748574338058803
"524",1.08412850052449,0.119327776861912,0.769530505840883,0.772563542153155
"525",0.538269509372049,0.202409342054853,0.897822796246764,2.1677461573358
"526",1.16255553365532,0.0685286575357267,0.758605578559942,1.42881505881197
"527",0.813527075383018,0.124658598945061,0.835850065499795,1.34899321122087
"528",1.22575244566335,0.173570755020629,0.766434366298904,0.106747190278474
"529",0.950777932614847,0.0674408672615577,0.834012232434559,0.654358931836672
"530",1.13824538629263,0.156659622590066,0.795573745277904,0.552524562277397
"531",0.929001408907625,0.193700963611961,0.812247087932978,0.595805362332612
"532",0.734456116313266,0.124594091587392,0.789433452891839,0.220723005838057
"533",1.2329906071797,0.192071492676771,0.781848795615765,0.0157651060782956
"534",1.5260503230589,-1.24344978758018e-14,0.688051855466292,0.479452198553728
"535",1.67162294155499,0.0707154658505064,0.660790799197446,0.0165001967654335
"536",0.782693419485326,0.1077531018335,0.86122457101324,1.6866823604443
"537",1.22758459600058,0.158928402040457,0.767326649734537,0.337748798702069
"538",0.677464633949859,0.193202729817088,0.862861410131607,1.09709595736948
"539",0.899960883024236,0.0449931781226112,0.79471695186491,0.866780978102453
"540",0.658481791306111,0.130912479167869,0.84813611824121,0.734652129003037
"541",0.84635224669505,0.0887464577779574,0.840069492310081,0.693583715797534
"542",1.03366353341759,0.15788172307526,0.782843795500506,0.424037959068175
"543",1.5461047146046,0.0924179918131699,0.692011013026972,0.17068042921126
"544",0.763646355982089,0.15764446153543,0.849675914176754,0.927426940576849
"545",1.50884145897738,0.0431114793536211,0.741813576492578,0.472730844366642
"546",1.21175816957589,0.138401837812702,0.746706068232464,0.337992194138798
"547",1.00075415348432,0.159873198985494,0.782633763361356,1.09260983525776
"548",1.03812743719208,0.0295442860772209,0.772340474299982,0.641453846531379
"549",0.504875096697841,0.0903827596451373,0.892762298917196,5.14639740255933
"550",0.36252848140101,0.315629692051341,0.920567817396799,2.15413313493078
"551",0.941731949212246,0.0724887076107543,0.846623461040351,2.30038570752063
"552",1.42484381032586,0.14815869960718,0.66395193152692,0
"553",0.870050372484178,0.205243513430028,0.834086504102941,0.694372061513327
"554",1.46668466130804,0.077547408659093,0.703580302888431,0.140368844924646
"555",0.722469998992032,0.0909376571189157,0.866604505355976,1.99609365877943
"556",1.13487459583805,0.0740590639289682,0.793207981807936,1.0337533101345
"557",1.20014406908288,0.130204240363288,0.775925304502822,0.7408116018861
"558",1.08397166285274,0.0446528649973934,0.756081984056539,0.846004973775306
"559",1.20171904893777,0.0203487342595285,0.775463555878593,1.15150327996423
"560",0.783579592637573,0.16174423547581,0.835658642483731,0.676630861478466
"561",0.732619884224449,0.216012967079713,0.854984187604028,2.19120187068688
"562",0.880051853179176,0.0905292066681567,0.812754924855494,0.836509607766192
"563",0.848624742280507,0.131940137704816,0.84824307183825,2.00568904473113
"564",1.31732064705211,0.122179562530315,0.765601308353718,0.347150810958441
"565",0.977246228678534,0.170201553333168,0.790649908166552,0.694310228983467
"566",1.86498202884537,0.128562745303104,0.715703959017474,0.237598089128693
"567",0.996802840952891,0.184898909236793,0.819419775189694,0.947558536439958
"568",0.985559077709377,0.166258262690235,0.816401066000489,0.842211778876203
"569",1.44213342233627,0.0624076396669222,0.715667700643481,0.408612966477712
"570",0.835949527708315,0.0395233614286423,0.812567370468988,1.32577746406457
"571",1.09154829882236,0.157136387443015,0.775216577672496,0.10462444149025
"572",0.729184984925698,0.0638349568498113,0.843118548854196,3.31991633703178
"573",1.1279475612414,0.177824324074986,0.753292309439763,0.42263944321857
"574",1.03623284367799,0.0912071944413032,0.799645621872005,1.39458845817207
"575",1.24672928720355,0.0883817015711758,0.749853674317104,0.664893843370909
"576",1.68302538625178,3.33066907387547e-16,0.652554627115653,0.254608489623109
"577",0.99203002408062,0.0988591474017277,0.802069029513045,0.796468616963599
"578",0.841283305666026,0.101678666705962,0.825604621545185,1.79930935114563
"579",1.04441355179232,0.0674203379134358,0.799767340530614,0.938302061655831
"580",1.30217762991303,0.0159362768894056,0.754861138947095,0.552812603383111
"581",0.97046190168972,0.138628553343489,0.800151997180865,0.264503026155792
"582",1.08298737176142,0.0753428908606047,0.778076358245611,0.864473772444735
"583",0.760882286813856,0.149150015738409,0.832993352323561,0.853800828275196
"584",0.906417559865866,0.158925376177177,0.831395543179712,0.914134197147133
"585",1.08794496066471,0.0446539048722641,0.775032059415899,1.20707753566641
"586",1.32254668052994,4.55191440096314e-15,0.704260581276847,0.146710396974204
"587",0.807394229004507,0.0942676569466488,0.809935445149598,1.75227806398803
"588",1.29654604147127,0.0762492423612993,0.749120348012525,0.390117181188851
"589",1.27747388373087,0.177678504965268,0.733859607556068,0.10280122141676
"590",0.870670172947039,0.121720801373357,0.818459096549825,0.534219392725529
"591",1.36683330003173,0.0682611307283643,0.743269477830253,0.218194640674157
"592",1.3600300988868,0.155672599411842,0.744739095554278,0.0818267250042961
"593",1.55107225809144,0.0235331151956096,0.70125726924279,0
"594",1.45919247761981,0.122178149773018,0.706045028682552,0.0189572813723535
"595",1.01804946187821,0.00247340751975678,0.748007558941037,0.775520039415966
"596",0.666365920048688,0.23593854418389,0.864998800638434,0.704835004933181
"597",0.864628152668998,0.0831664530168755,0.807346668300134,0.598521539905421
"598",1.08124608884145,0.042397713717971,0.803409802028827,1.82974115736413
"599",0.909599807641579,2.4980018054066e-14,0.791184617162172,1.61340823606847
"600",1.11995149371475,0.0619967307706247,0.754611855014298,1.30814372177705
"601",1.16583063399707,0.0681860591516024,0.799685458076104,0.532348209744983
"602",1.32786462836873,0.0306438669852125,0.661259023375323,0.33649217832957
"603",0.868379347979667,0.110270336803217,0.802641057277348,1.55010343260817
"604",1.02679730581568,0.0869842717344754,0.738861315916663,0.198870090745926
"605",1.47193321725435,0.0442321406351005,0.731006356495916,0.446935270180122
"606",1.59963738968946,0.112555518680882,0.711880873615011,0.0309578598131837
"607",0.971189955426965,0.192833051352991,0.750721264007453,0
"608",1.08759580878083,0.127804254541048,0.757016128511879,0.606010893352028
"609",1.37656019066516,0.0626543465992756,0.66941397918704,0.0452969267481638
"610",1.15894403140094,0.0444472151637894,0.798093374320395,0.892966859034823
"611",1.10836242837237,0.0481610904118106,0.777437263379041,0.875427889575951
"612",1.06689498364767,0.177239793348192,0.82382843731049,0.342932059803727
"613",1.19078500911134,0.176668500972039,0.765038474918835,0.551677009169712
"614",1.1708124986745,0.0356127628786215,0.774670419808603,0.794130741051104
"615",0.725473066399607,0.0719763667104472,0.874224503051386,3.46983103591073
"616",1.23960308342728,0.0927544152660521,0.791312612217629,0.535611184717488
"617",0.846927040794872,0.136010105033275,0.828279188808826,0.996529879430756
"618",1.19922155008648,0.075971972644497,0.790930692104868,1.10401850508474
"619",1.2081617055104,8.21565038222616e-15,0.770485998193313,0.970268352969732
"620",1.51563561706586,0.0956439758496335,0.760638721246706,0.427932144563478
"621",0.930740218760178,0.11757239239926,0.818781110054483,1.88929663182187
"622",1.78081845992012,0.0484239547154299,0.66972951410977,0.169871221214794
"623",1.17418011666612,0.090166410678387,0.730692633792175,0.55155679641263
"624",0.94459737270007,0.0346095873345635,0.820827508971914,0.890225370874384
"625",0.633910084127956,0.184070922534405,0.846585168410466,0.928448635697937
"626",0.699719596846332,0.136634875587329,0.861276844400013,1.61080970061892
"627",1.44515422098338,0.104989936825765,0.725255851524073,0.111243073372352
"628",0.998691405324538,0.0835589482154931,0.804484846255964,0.540982106914243
"629",0.782891351801748,0.101785855193155,0.850821007659728,2.96970022831948
"630",0.680318274439774,0.146348945035658,0.869169562607736,2.33896675981318
"631",0.974728255945927,0.203827221285749,0.800913346416273,0.131050628570512
"632",1.21209706502665,0.0689111647925293,0.791161773772114,1.10840099033938
"633",1.27836355228928,0.0759883840029467,0.710253047985204,0.343997622604489
"634",1.17148935928041,0.137084080558803,0.768845824924939,0.37593416742805
"635",0.778500233074332,0.0643208323932968,0.855404860127353,1.53624457010195
"636",1.69080431533043,0.0796404883273064,0.699359118895727,0.266308138255885
"637",1.2965882550287,0.0394852722699782,0.73560598388485,-1.32079695463065e-16
"638",1.39083214336291,0.144312362044248,0.760861048252595,0.0842022445773014
"639",0.699592588602041,0.0960121521707621,0.838654845802112,1.93266373591876
"640",1.48546991725631,0.0807420822621477,0.711894895799784,0.259137231770609
"641",0.85475686847893,0.0843695600709417,0.79111513478032,0.655179339149558
"642",0.669076640376532,0.160776403093017,0.84668271302096,2.29208368027434
"643",1.01687323253933,0.131324874513745,0.783090180772328,0.881018564617748
"644",1.47651160432752,0.0278372401020641,0.720991760331156,0.165506861521529
"645",1.26738026574446,0.0462634880198732,0.699102501010337,0.450305894935567
"646",1.26544108246532,0.0585462145271731,0.786675474972131,0.958919770519593
"647",1.29122643757902,0.0292151469245042,0.753582740920035,0.46130169574503
"648",0.549122759680955,0.143365023210518,0.884346512282865,2.97771088820593
"649",0.881579264323352,0.143483708568607,0.83072594771057,2.46037186425266
"650",0.974445987157633,0.10282576583465,0.82673435505732,0.924927647658526
"651",0.513823498110895,0.100383964969161,0.883433870664497,3.60709241439249
"652",1.03043957838905,0.0588895771629512,0.79587171585003,0.940728092307634
"653",1.41134748362249,0.0931102149332306,0.743577855446494,0.212495242597758
"654",1.09283873773111,0.115244686828281,0.75928662164513,0.0455995696369847
"655",1.02701955893275,0.173046838048324,0.773983371713744,0.738724830578248
"656",1.16474792842958,0.0820703965484247,0.764221067119517,0.42688888809646
"657",0.834000171952315,0.195208804768599,0.811992747531038,1.08982402682036
"658",0.877273048409479,0.209114284741299,0.811420238948951,0.750482295524519
"659",0.805400644430646,0.0668051991791061,0.833181308112957,2.52673966919646
"660",1.17454018752655,0.0594251322444249,0.763769069282672,0.435167046234232
"661",1.2406336356759,0.0235931538920321,0.763958592907935,1.26566051546537
"662",1.87980578874107,0.0265253998970947,0.69719623248372,0.452723821120057
"663",1.27139709669467,0.0173541051799834,0.755123825752182,0.326120402366684
"664",1.32726424030922,0.0681934945580367,0.736025409644148,0.367373478564655
"665",1.59255657672068,0.0233309638098267,0.668217379849857,0.139154149454597
"666",1.51137072571286,0.0191542748160088,0.729339053418185,0.288386139183339
"667",1.670964674546,0.125823630719349,0.719448509982203,0.107530509341005
"668",1.20600226828716,0.0630749419880856,0.78293695675177,0.833355083324403
"669",1.20240496268843,0.0838208381824149,0.739513656263339,0.220082621239704
"670",0.896261643674184,0.111711110001853,0.839264411105778,1.27677557260322
"671",1.27943717932966,0.0327816191506891,0.787610029991756,0.768060881317235
"672",0.658300733174382,0.136594107360206,0.879255184670876,1.25512516459366
"673",1.13964945063128,0.0839548366811909,0.76414539515081,0.359105333659334
"674",1.33187644219143,0.0696525742945184,0.760281417892111,0.324493157868953
"675",1.03669001565617,0.105281038133036,0.774436463086125,0.462950946118968
"676",1.16050975123661,0.0225075404139964,0.744830749508221,0.257887391565552
"677",0.654570573295909,0.263689818280588,0.875934311354073,2.11017841608168
"678",1.04501150170653,0.0668724092219105,0.782832190002799,0.158103786926507
"679",0.692815177019207,0.100150469763979,0.87245670526156,2.01916119447224
"680",0.704109828307377,0.0919739869362635,0.829430758646469,1.82382596730187
"681",0.906452003941357,0.101181404154661,0.79838700979952,0.886963220205261
"682",0.717683536474904,0.172643504635759,0.832316930730163,1.5027857883636
"683",1.30606386372044,0.0935337684038874,0.74941215201066,0.454181990750123
"684",1.01580573985874,0.138758243696502,0.826417337686476,0.404684348400878
"685",1.14490164863281,0.0994445032112384,0.733743802643532,0.37919394478372
"686",1.11905643641657,0.0375129960826911,0.760270686286082,0.589763819692193
"687",1.0214832564753,0.144102728550741,0.809991953780637,0.985709730716063
"688",1.08165947279105,0.0458619554828656,0.78452998549979,0.807996430045511
"689",0.774765238204653,0.148826631640533,0.838186040475219,1.2588840983327
"690",0.828040877498653,0.10246665909855,0.83087400377887,1.70124045631493
"691",0.741997071119909,0.138800692726323,0.871001900013924,2.44591093426865
"692",0.901001166580768,0.103029254120398,0.836893344210578,2.19382140195283
"693",0.835026881286445,0.121486472054445,0.826757908446796,1.62770614944914
"694",0.769796971233465,0.180112031117081,0.857971038517811,1.95928183756535
"695",0.900614803029791,0.1603148016956,0.806236057867945,0.703017514974128
"696",0.972374798237693,0.0424289270707529,0.834065734089131,1.80418038648343
"697",1.52684348580823,0.0405524302259369,0.687889720807802,0.285952659908626
"698",0.854610987283354,0.0445430188716669,0.830299645098619,1.6516092762356
"699",1.27194615606108,0.0983477516659006,0.731203263723357,0.175422572628024
"700",1.15465035612116,0.106602394702854,0.761632874458885,0.498414334553261
"701",1.32243646520013,0.0176750800085057,0.688398570876502,0.453144768591144
"702",0.846482135107669,0.112600220764596,0.836586460403925,1.43957345325628
"703",1.51387192393591,0.128679549936021,0.668591960609477,0.0144527249246111
"704",1.34529823455391,0.0448226337321641,0.691728177233294,0.317242606791614
"705",1.40474736822782,0.0661786102535229,0.72648999839801,0.338893481971075
"706",1.20552669782559,0.0746673047075523,0.75675409648394,1.03777059042206
"707",1.49110459781603,0.110334549638597,0.693944048067317,0.0107525260273339
"708",1.03888805833371,0.217888848871634,0.817994383613577,0.429952630475908
"709",0.723215877113834,0.11250059788779,0.83928536064137,1.34990816772442
"710",0.990662875037651,0.102743885187972,0.834448048957612,1.13393928479827
"711",1.23118596106128,0.0374794535442525,0.764321217254731,0.314787393823936
"712",0.679944724230308,0.266393537199516,0.859515552844978,0.299051750923286
"713",1.21044344526371,0.034260500376679,0.774170999017965,0.529416090229921
"714",0.915929871064834,0.238429888357724,0.819414457597627,0.709947423467831
"715",1.37476070684806,0.042477239763881,0.745036960896132,0.916119370415698
"716",0.894386095520564,0.0968108791060913,0.7854160039538,1.23398060039423
"717",0.764079861665382,0.251531066969017,0.848276437318232,0.856285934315926
"718",0.932969777034141,0.120060220616947,0.827738224328999,0.733759514639426
"719",1.414366163003,0.0503253713193316,0.742842515817635,0.378171370063061
"720",1.06706812894804,0.0961706827361124,0.767624536378911,0.700615038256504
"721",0.720321944024443,0.0449769397553261,0.811236387834265,1.6175218862743
"722",0.941533542661723,0.0913408365114955,0.797780596507362,0.54736987551628
"723",1.01800700024217,-8.65973959207622e-15,0.806020007575806,1.72400518128039
"724",1.25204097893992,0.0305212768901596,0.772024585043715,0.415203845718333
"725",1.06866425293627,2.1316282072803e-14,0.797294337455185,1.42308113847791
"726",0.98683104103549,0.0518189880950123,0.817523845962372,1.6715422525255
"727",1.45859540508262,-8.88178419700125e-16,0.72726338723212,0.201928010195004
"728",0.827679989502833,0.121581319919137,0.800462876204717,1.16212964668975
"729",0.898948888195813,0.115814487833075,0.832909128588139,1.6954176827945
"730",0.787384615147899,0.0595519011145529,0.852660064530708,1.91712604694664
"731",0.888202752937057,0.193124007010774,0.848014587108649,0.435905607892867
"732",1.19119562223403,0.211510308319311,0.789541409499287,0.615959508158517
"733",1.20669789384749,0.0968478134785328,0.772149189228193,0.258756546231116
"734",0.987983375481895,0.199223705914171,0.814149101677597,0.890494711676962
"735",1.75346949521333,0.0948739095305638,0.674801651481207,0.0202148376318381
"736",1.33777443747256,0.0727215236459801,0.749667957059776,0.300671148931841
"737",0.990324536526479,0.0711401091132636,0.790717553565833,1.20218968598529
"738",1.03641460089663,0.0616886910339772,0.778543888697301,0.760802370532661
"739",0.720704917904954,0.147457366602416,0.862145195504026,3.14998460354804
"740",0.976051006879572,0.0231929630872709,0.798002688973598,1.08924585940362
"741",0.441605691514593,0.138835988813605,0.904414352486019,3.28505119476642
"742",0.624552401496827,0.124103058120066,0.864227738805038,1.77096044984919
"743",1.43938360668173,0.163924698302314,0.740370922315705,0.149576047353637
"744",1.22910610123792,0.221887094662223,0.705955478172746,0.432881952368435
"745",0.961048998907008,0.0749477506904288,0.816172724004015,1.17653611603999
"746",1.95643997896031,0.0219858221974711,0.662216854461273,0.072100352425966
"747",1.63414281802906,0.0231641808533627,0.640689793749106,0
"748",0.764725849282589,0.164146931199188,0.855929568710891,0.369738257934529
"749",0.731398665929625,0.154055055733568,0.838756907863839,1.2259452255996
"750",0.59488421304928,0.237602606254054,0.883264479385934,1.51919159924386
"751",1.52732712318927,0.0120154259338223,0.750436744576917,0.424834335619287
"752",1.09129397007328,0.10253165730278,0.760260551389877,0.00971906033415394
"753",1.20917142827557,0.0314469470799469,0.725188311755552,0.60059838120369
"754",0.811440597577077,0.18503073772678,0.853106336427032,2.07525214105392
"755",1.81927333037577,0.0449931590694931,0.665082229312266,0.128066865869707
"756",1.38013630737432,0.0607509819143739,0.695199578760088,0.255882088414345
"757",0.872762912437723,0.100688535363456,0.82502748347279,1.35866138656311
"758",1.28390877683194,0.0584347425594218,0.764679476387107,0.799073874361242
"759",0.836094873395666,0.0640698501981045,0.820887987704442,1.19772779602138
"760",1.47295280401215,0.125380473941744,0.736407873297753,0.224994242164793
"761",1.71620067606309,0.0668177713273812,0.680290485085117,0.300636944015541
"762",1.21227219606821,0.0823674366166554,0.742289073965091,0.00620931183809131
"763",0.959929484900353,0.133320569596801,0.817919293455927,0.528354356483084
"764",1.56432102659341,0.070687887828613,0.732136810514827,0.101429338385528
"765",1.56994997952019,-5.10702591327572e-15,0.72005171549212,0.631753691742251
"766",0.860567933248627,0.129774325626096,0.852642477183454,1.6323337635557
"767",1.42343900881231,0.0199442921919682,0.710683128290181,0.747779160149235
"768",1.04820591188189,0.121184782874883,0.785555255343313,0.551862154261689
"769",1.54064147829294,0.0948147521290044,0.673316056341616,0
"770",1.16768040295559,0.143096793324548,0.755510803401258,0
"771",0.910714881614925,0.195373198629729,0.844481748358107,0.562314099351876
"772",1.7410557046027,0.0066499055181708,0.631132265974005,0.0904659734106005
"773",1.32470956124167,6.66133814775094e-15,0.701910539774603,0.191755369479409
"774",1.10791243461911,0.0794728846057503,0.805492901225577,0.266240965871309
"775",1.29519499197298,0.12614871047452,0.724426597452558,0.497268585969845
"776",1.48199957576322,0.0823641563996182,0.697797802658398,0.0930863979697068
"777",0.965492910423068,0.11534898845868,0.802960630525905,0.917122817335803
"778",1.51887804438823,0.0530097165202268,0.680370781904833,0.141897812121894
"779",1.13466560634769,0.0513729893912082,0.787037236045854,0.911252827443946
"780",0.762595646759827,0.140905989176771,0.849050742921649,1.05604727527991
"781",1.39646898238674,0.0251521149612007,0.762827958154427,0.489190484711587
"782",1.07381580957079,0.0718659349823133,0.770159287335019,0.987724070016434
"783",0.994530158633273,0.117588528469579,0.808891207026658,0.589669379053124
"784",1.28880918211142,0.0704540626849064,0.757742634941463,0.465715680488796
"785",0.618195530441976,0.179148215574473,0.862988579246016,2.48974672492214
"786",0.863182723568807,0.0808090439657705,0.837869510975055,1.05239358666907
"787",1.45830074001311,0.00406043379677801,0.736197405931058,0.657142043951015
"788",0.748667111461869,0.143444549331334,0.852158943234228,2.82124198973628
"789",0.548444657125564,0.111617458335424,0.898285486438137,4.19279974479307
"790",0.606528917706179,0.154508943605551,0.854059451947503,1.76609887601797
"791",1.11577636730952,0.176801023123482,0.793374746794533,0.671463957792807
"792",1.77328291649251,0.115774312829754,0.681522464710396,0.228305843779933
"793",1.64203369955338,-2.44249065417534e-15,0.628835058871297,0.143610701671189
"794",1.29472612754648,0.0828623909188484,0.800073173633958,1.0198989539713
"795",1.11282569070161,0.130429006267506,0.759337004606052,0.484601613370743
"796",0.848040517858321,0.0426618271147057,0.811210926567604,1.04026127654441
"797",0.723336173954299,0.149929630278575,0.852017967685291,3.16492740948476
"798",1.30159410503106,0.118429243232284,0.749885836850295,0.332849774267968
"799",1.52925164082564,0.00356161177842518,0.686885413426364,0.177700380923997
"800",1.11310151413364,0.0476032239630042,0.730874875693028,0.335179710028861
"801",0.371348481347075,0.153165084092875,0.925491877739351,9.04180770137502
"802",1.16317321399867,0.182571942667567,0.774578834496383,0.114454581330584
"803",1.149371315745,0.0520479450082603,0.80728180487173,1.00710723628249
"804",1.18434060674877,0.0778636821087102,0.737046934558445,0.561933380628156
"805",0.97531018362735,0.08283141346356,0.804154581600934,0.410337988715736
"806",1.40512331145159,0.0575968194014252,0.688856662654653,0.196500867516548
"807",1.19246787579075,0.055364404790855,0.770679254655624,0.680138457536338
"808",1.23582543587246,0.164024527155965,0.748815968318607,0.0609199509110473
"809",1.32369341473962,0.20346442310577,0.739019437157015,1.26725907195149e-16
"810",0.851946329698235,0.0992585570837763,0.830828766938397,0.982373132100177
"811",0.832310800478929,0.0451981748733146,0.838071828700597,2.58082744118479
"812",0.69798597587722,0.100400607495326,0.868304532853355,2.78101339570409
"813",0.908028016397585,0.0949628922420921,0.83633236907037,1.73234019561168
"814",1.15148734474776,0.189636122118088,0.787077044240428,0.428234419959664
"815",1.01803329797156,0.220778183361711,0.808496369832287,0.499827272987192
"816",0.954981286970784,0.0783645850624672,0.812748767260631,1.26540952914942
"817",1.42924449018218,0.108425747201688,0.75841032958381,0.222828475533157
"818",0.983746196330558,0.0949957952254508,0.762838429042778,0.530199660507735
"819",1.07134070997314,0.106910706750779,0.816299603914071,0.633825612908639
"820",0.626686804491293,0.147253009379901,0.844417377236521,2.40636656003632
"821",1.70112593857868,-1.33226762955019e-15,0.680959126298072,0.315404261019093
"822",1.11050069204207,0.0963472211519941,0.807070762327646,0.457038636576227
"823",0.944300754715644,0.135493191089373,0.809155061698536,0.392962578576214
"824",0.571191481519486,0.188398686395915,0.86269435540397,0.553696898915351
"825",1.27674160155346,0.0678618696716026,0.745059584354341,0.225562609670457
"826",1.06003458221475,0.0909255270498255,0.782423115308959,0.597985572244157
"827",1.58492777733112,0.000889409673437425,0.694029386615614,0.0141608689184832
"828",1.02564149149219,0.108976187805991,0.81242840316529,1.00099020486194
"829",1.01419285056119,0.099565567809544,0.785128633355679,1.18120636218878
"830",0.886623940600814,0.142372081889766,0.82628841289169,0.797550121032904
"831",1.02459994089354,0.0905697513984841,0.736471208617917,0.42412525107576
"832",1.10467188983373,0.047243353916296,0.764763226185321,0.284268096360553
"833",1.12402285723348,0.0610765484270058,0.797400350174211,0.682695184352467
"834",0.82567415077487,0.0294640066829344,0.816516855383362,1.0635604262032
"835",0.906970992988575,0.136808472875996,0.822162550394397,0.644544945087184
"836",1.12226874130611,0.149029512995588,0.787126566520086,0.354785451425776
"837",1.07210712028497,0.160183812106417,0.774956523869654,0.610317762832634
"838",0.773356717094514,0.156292546307425,0.840347498535402,1.68898196609454
"839",1.10448558890857,0.0455901368969255,0.766986162677518,0.575612635152264
"840",1.42920425040606,0.0698232074793096,0.722807554226908,0.30875872560893
"841",1.59469402306998,0.0535601192522397,0.692855542552007,0.32168483732369
"842",1.41907501802242,0.0656677561646372,0.736035152897615,0.470587738958842
"843",0.885942476464727,0.135784109902911,0.807738177850537,1.81144508612584
"844",1.24802849053659,0.125175769464445,0.71738485268646,0.293316611337249
"845",0.741795773608671,0.141610958114829,0.846228073464206,2.21997750048891
"846",1.14913080520498,0.151099876310724,0.822774397716691,0.660497602371491
"847",1.2082133632055,0.0536407056452447,0.722122041581071,0.500704317099871
"848",1.21999118237006,0.111997731784931,0.805486099749672,0.364210642609196
"849",1.34534084702342,0.0448580367230864,0.724089243842613,0.0445157616200523
"850",1.27474420868205,0.158008580665003,0.762529022227636,0.681439091609886
"851",1.40182385493459,0.0822316847335606,0.738660728013685,0.297697190278544
"852",0.681300792687831,0.203952558730348,0.878944422052624,2.56835968278387
"853",1.08172877658271,0.221955184742089,0.783654244683459,0.5212576541888
"854",1.0324730823094,0.0780804906154866,0.795630822979137,0.52698843670099
"855",1.17070267150638,0.233090142360863,0.769001051399688,0.52468577715256
"856",1.13327009563194,-6.88338275267597e-15,0.723592659601966,1.36105004437682
"857",0.857685220231615,0.0888704509751538,0.793229214023236,1.08018191548764
"858",1.0523744555307,0.135697469188535,0.779653589713003,0.488533581635953
"859",1.04493122183988,0.168330880228013,0.773824410857169,1.67784776526391
"860",1.06392240012488,0.109702194423162,0.782339934508003,1.07619712235159
"861",1.32459416840937,0.185404074246582,0.749509423523189,0.37961868125495
"862",1.06624502377174,0.127884003058531,0.787769700682376,0.477171759463142
"863",1.09017255022305,0.196445177107059,0.807390008794514,0.364382360840453
"864",1.30630035306527,0.14404532288001,0.756287247562449,0.280638127648367
"865",1.10577168228008,0.124220932548765,0.79718054250182,0.35964454099964
"866",1.35445512860902,0.0814722367895954,0.706827894240472,0.343147858155557
"867",0.834106476110416,0.138013353426979,0.818987309871872,1.20467539836978
"868",1.81869924592324,0.0756265496134239,0.701068500012617,0.218296440514226
"869",1.12385359295877,0.0978338000053467,0.740808673210616,0.718117759697952
"870",1.14723229322675,0.126008585116232,0.78089528395211,0.212507194182735
"871",0.952732556141445,0.112894547061632,0.8291369160435,1.22066641285326
"872",0.935480124292317,0.0337824208137104,0.835534436657469,2.46164783887689
"873",0.616214127102506,0.148708713187647,0.868442756809883,2.82552969580608
"874",1.0046859986704,0.087693877776172,0.783286022719931,0.610785334899923
"875",1.60782815867422,0.026138405536883,0.743649847150155,0.25967527901955
"876",1.3944922647661,4.66293670342566e-15,0.669551596026991,0.305492918970236
"877",0.887875907450332,0.144469050182982,0.808812250764356,0.763882115291124
"878",1.33323091887957,-6.88338275267597e-15,0.743806510591934,0.533762095323458
"879",0.917336429236179,0.0271221072194029,0.826656003545696,2.27959147467318
"880",1.26776435486055,0.0423266781628089,0.771656276141832,0.00559265608170732
"881",1.29565499380235,0.0246318472895732,0.71233237260161,0.687589155614444
"882",1.24516469922533,0.0330716318265476,0.719051286275873,0.798658815691629
"883",0.637541640372588,0.24747847343812,0.864583338918312,1.39259659806903
"884",1.34889486622584,0.0279123273855233,0.72084129424134,0.26720535527636
"885",0.68366102371699,0.0186801345886796,0.859675487742818,3.86190319465192
"886",1.29605376787127,0.0550647697132645,0.704905790557543,0.0670576982504347
"887",1.2236883409267,0.0661438535211243,0.781484224834517,0.594282694215025
"888",1.11505484221554,0.0670127829228365,0.788494908532713,0.113727636572942
"889",1.0390138414555,0.0369728993592326,0.770332926291888,0.803134759777921
"890",0.908601455577164,0.0149135051511997,0.830989312578653,1.47383806792614
"891",1.50110886003032,0.0892548231018799,0.710434247679335,0.19432806800482
"892",0.823441027598863,0.0874014813670047,0.816687215583512,1.41128216717037
"893",1.49792861500076,0.17404216633878,0.687931538541509,-9.89596136458132e-17
"894",1.57185758007508,0.0248701751708917,0.662980793294365,0.205327687331125
"895",1.19271112218412,0.0628219836157656,0.691327349331232,0.105762459293513
"896",0.983603209928311,0.0922926667589379,0.809231340200095,0.695120337466302
"897",0.806021819303703,0.0752045498212859,0.833878437901133,1.85931695169448
"898",0.971567856034015,0.168106669671951,0.803485466012537,0.848413708529263
"899",1.16063753393948,0.0413357655568324,0.764098062207422,0.983733376761189
"900",1.49882936540364,0.182404671024112,0.701190317901986,0.0697899122890326
"901",1.06535495271947,0.0523069839919289,0.738883590019737,0.479094775771122
"902",1.72045751963906,0.0487211145385076,0.701101890264236,0.322813982301982
"903",1.22287588097458,0.0642700181335213,0.786060902558681,0.746711137954868
"904",1.00458764656434,0.0248597227878098,0.707287981770296,0.154933051694871
"905",1.1005651224098,0.0494325139661632,0.792815300751167,1.25382593453908
"906",0.902912737604524,0.142810424144922,0.816032449550831,0.474950113079752
"907",0.82398764034489,0.108387334260871,0.784296429229086,0.923478037972383
"908",1.36052213082042,0.0794616265569851,0.734273021324137,0.146660377926774
"909",0.85563031211766,0.153691207376615,0.805891489991457,1.0459716233552
"910",1.30128910988595,0.0469506827659208,0.701265126288809,0.345188584912747
"911",1.08713735276741,0.0832585572672606,0.794414267630974,0.958885613484291
"912",0.961780498478714,0.170284483651131,0.804038203243946,0.395480720621786
"913",1.29510761007412,0.0446678102479572,0.747049294907399,0.374088254470727
"914",1.63342880884307,-4.44089209850063e-16,0.679216651837575,0.331601588383446
"915",0.583034293358833,0.138046174110838,0.876893096841463,3.05389774536457
"916",0.698797092873249,0.110135765031301,0.86446914412854,2.28471715754751
"917",1.20391887617716,0.0750211825435674,0.750844603440158,0.758814704493551
"918",1.03842210252367,0.0887500439209411,0.788938597048035,0.592099391507495
"919",0.887898593667077,0.145057755587203,0.781521015337825,0.652755144487737
"920",2.0986225196001,0.088555354363084,0.67106230100312,0
"921",0.933214613458125,0.0998268426415578,0.838320406538786,1.59961196013835
"922",0.709625896514859,0.0668655119022766,0.853986441046325,2.51499690233013
"923",0.811480496241281,0.061220121966457,0.808793474024203,1.69748472032045
"924",0.858137013573414,0.0952178072022417,0.811812058426883,1.21414371979277
"925",0.774559249600116,0.129894512922136,0.818007695112755,2.05405619675977
"926",1.29259921674679,0.0400610564707776,0.730708496511085,0.228316622484089
"927",0.625615535122888,0.194680010033163,0.831823780880944,0.850281956836692
"928",0.999516922921087,0.118135426576503,0.822654910766308,1.47190941414456
"929",0.92615058214138,0.184647986959708,0.816531184203372,0.522827672284079
"930",1.05864756338639,4.61852778244065e-14,0.78127116458959,0.916492601369082
"931",1.05790738002409,0.0712923306079544,0.787739289722293,0.900593796282949
"932",1.39963027516249,0.0589079238650676,0.744032502713517,0.196465874283424
"933",1.17318163543909,0.0722954001963361,0.763662039597282,1.10132686806669
"934",0.952104181867024,0.160321454090602,0.793738262160523,0.283350657008002
"935",1.47476207342254,0.0217312443285291,0.712857851747948,0.12927191499921
"936",1.25265209623692,0.0804722121086859,0.761853213643171,0.508135055327337
"937",0.977723126336775,0.18380397158415,0.807383150839879,0.638227832918613
"938",1.92637437561265,0.151452995219008,0.588381543672511,0
"939",0.692110316468957,0.144326550266011,0.878235341930162,3.36036962283416
"940",1.2989310814527,0.210931259812754,0.744706941538385,0.123278166109587
"941",1.36951405052579,0.0651981149791026,0.762895766875729,0.771525758428159
"942",0.82107771996963,0.172213804012284,0.834859670158964,1.3235414477963
"943",0.984096137224349,0.149129930351644,0.809283694336366,0.952287345721398
"944",1.17376334771258,0.0760325687591015,0.776851074579357,0.492561429872279
"945",0.837414990690342,0.159174127450407,0.781239553111196,1.26553694990889
"946",1.18463315301027,0.0714678555492902,0.754835854095557,0.897894034959774
"947",1.35986979831351,0.0713411860978526,0.735639619301417,0.212595166864558
"948",0.942257118357366,0.152008171643845,0.801713569369241,0.632007075740533
"949",0.749061948287466,0.107395809319672,0.864201967315543,0.6992426557761
"950",1.57065171980262,0.124463225333836,0.726748135037818,0.197459993710924
"951",1.05111370013262,0.18095926415806,0.784254166639447,0.673843383388884
"952",0.77448233688577,0.244536630236091,0.845350971069135,1.08157108473717
"953",1.57232983746914,0.0952833909641797,0.688524200184402,0.292603218184081
"954",1.27018429342052,0.111620116260555,0.780700225583474,0.728531300982933
"955",0.670152275308303,0.0981778679133939,0.854567648587608,1.18127587184856
"956",1.41201661018954,0.0627626052579597,0.705829872877179,0.732911957748919
"957",1.17811193375695,0.1344646979422,0.778383759639399,0.800068121665923
"958",1.78924706269616,0.133165272197721,0.712893603546829,0.0286003080594198
"959",1.41460060296099,0.0496557103125211,0.771396153367648,0.513882444443889
"960",0.911813018573402,0.107284293929507,0.82492069535841,2.2365766296766
"961",0.88960231562545,0.0649724801845704,0.825704875465233,1.57856010175384
"962",1.00922972597604,0.139807417610509,0.796032795881964,1.20986985447702
"963",1.05334526969851,0.0788388716046765,0.777022593205227,0.356950306460901
"964",0.776025222607031,0.183512311794485,0.839398753599538,1.25244211518864
"965",1.27665898001985,0.129152694816633,0.77539426811755,0.366311507307471
"966",1.16604437903851,0.114417160886434,0.788453487112026,0.378329582972492
"967",0.841911567869954,0.145926150365149,0.79703192674302,0.788153812793763
"968",0.818916097447385,0.121145381086661,0.838669011535188,1.18448086433423
"969",0.687250798134143,0.132748419404718,0.848756426466958,1.2304324822641
"970",1.37256611377106,0.114156737285968,0.72192744858771,0.0940755147849965
"971",0.933332171390064,0.0714258799665416,0.80983452090667,0.643624222370188
"972",0.843655805344266,0.164601179284604,0.827825345848109,1.44813206691055
"973",1.08619422517063,1.4432899320127e-14,0.777053730465799,1.07993468874084
"974",1.17909456856889,0.158996048626502,0.752082723177272,0.153250539024217
"975",1.00217092393625,0.078407668127176,0.777887649836823,0.671825836526099
"976",0.913516045296372,0.125690506068231,0.783936602342391,0.452696453493038
"977",1.31909454148142,0.0490223079631339,0.736181091703716,0.810096197932758
"978",0.867168018821921,0.11770412573646,0.843584412189408,1.41064784581499
"979",0.907617518604422,0.16223017498472,0.80405493985224,1.48801534073147
"980",1.21690325370015,0.0490660542784623,0.742835322548574,0.254319835545169
"981",1.19293527766732,0.0257671133197079,0.715697026294729,0.442582032015776
"982",1.41689804355493,0.10017319650356,0.758043366879281,0.271697108245533
"983",0.345344222379366,0.196885633725988,0.924399250792608,8.6419286924147
"984",1.009728794282,0.113813326528378,0.773603409353812,0.937000637073814
"985",1.43008097265083,0.127092761061691,0.688842260084676,0.188357103603186
"986",0.691791743288614,0.128603917228313,0.838063730503602,2.27910014234115
"987",1.34786273725186,0.207387772334238,0.750210760331382,0.342175228616541
"988",1.33853278986206,0.173160442925349,0.726606864815756,0.0521325928471279
"989",0.810486464563579,0.14301913154734,0.83030015398585,1.81514353117764
"990",1.1839991452745,0.10424707719359,0.749577168935174,0.54053239507152
"991",1.13001093935707,0.147699490995198,0.777381611631783,-1.73890129084331e-16
"992",1.26007967589661,0.0768466160266574,0.763320872295904,0.832573375133449
"993",1.28780107379998,0.0345146622152966,0.794017742514398,0.930210611503948
"994",1.09790292920135,0.071895045816972,0.794091723705673,1.05445914942429
"995",1.1532473188459,0.152813295844751,0.783061076214089,0.180194668904584
"996",0.715471276299511,0.180132180611353,0.844867459605483,1.43404435280634
"997",1.30877572558252,0.122537615675202,0.697042656115157,-1.29631266093806e-16
"998",1.30922435999902,0.0988620066880689,0.733897487805077,0.319102381337782
"999",0.720606187564765,0.193090974907408,0.85245573555185,1.37027268403523
"1000",1.36710633971719,-7.99360577730113e-15,0.74961422349502,0.297991619749093
