"","tau","beta","kappa","psi","mean_E1"
"1",0.1238443008856,0.0788584461844178,0.0602401356439076,0.322566904748594,1.00014958991345
"2",0.254327971073605,0.108426736519606,0.0746382603216126,0.0390989109277925,0.0685588130772797
"3",0.106115266809127,0.0703648311136725,0.0563531413607556,1.11366455027468,0.648521032464261
"4",0.0917653965497738,0.0604913696592557,0.0443877053341653,1.3393010801916,0.849023754594351
"5",0.133875475986147,0.0886154682127465,0.0598035196805099,0.472184686392167,7.38889524538124e-05
"6",0.180472969437637,0.0740861749618388,0.0651893806102943,0.220991831516174,4.11021717331552
"7",0.212734876624521,0.0851350609446478,0.0699858022958561,0.0442155245398212,0.239110250368746
"8",0.146506713160322,0.0765783744017261,0.063126664714371,0.205162193680759,4.99470087923941
"9",0.148395571646423,0.0803374580996878,0.0530077686934781,0.377628124801527,3.84895711195388e-08
"10",0.239430049159748,0.113111869728818,0.066898309630144,0.362895772202594,0.372971268316661
"11",0.176192285122105,0.087644923457564,0.0694310888842001,0.219952302278889,7.14877621153396
"12",0.116815542427833,0.0616498290514127,0.0541864245180648,0.369298554583268,7.72398448663259e-06
"13",0.283894707423533,0.0971912514833764,0.0742337187726032,0.105903403283443,3.8742056651622
"14",0.144814400587199,0.0907981178884701,0.0578646612977625,0.291724875570283,23.2074531198638
"15",0.170488217541971,0.0725956023775712,0.0583800243537232,0.23340095706202,29.8034706501927
"16",0.316590311327843,0.238725809245517,0.103483473226385,0.0845502892373231,0.830606183238613
"17",0.1873253745814,0.0763444971884352,0.0568760842914659,0.0769783204067143,0.300232394267287
"18",0.137550212673411,0.0829098517150811,0.0601599656273635,0.229424999068335,13.4051921727723
"19",0.323345279142578,0.112362692055691,0.0960010040970666,0.0639822918330074,1.5196458218453e-06
"20",0.289526222463582,0.0986035644224032,0.062442456804253,0.140570758089336,7.52386694699575
"21",0.156598355737058,0.0919214329030218,0.0647886494543926,0.191243709499622,5.60449826479738
"22",0.244937428478918,0.14005183790891,0.0725501343553269,0.101616855119086,4.61176249196871
"23",0.129321146932441,0.0736336941625047,0.0501104052277339,0.315473816379958,3.71479068635082
"24",0.175656668985611,0.0773927501744117,0.0616921938722969,0.165772091672305,0.296701805864833
"25",0.0968703238635776,0.0692093738130602,0.0567685974794982,0.949951124422566,23.3185146215205
"26",0.183874435539004,0.104463216187003,0.0679427379440644,0.253411454664083,1.82472630137005
"27",0.170099563115623,0.0736078915578642,0.0584530785780494,0.524650943653054,4.2439260960794
"28",0.123683194891287,0.000315564065199598,0.0397579565834824,0.215685574382581,13.0065596968706
"29",0.197603901770417,0.0830317145385074,0.0581537892864157,0.122404491147681,3.33440774259616
"30",0.139844993205825,0.0967302256389813,0.067205189783839,1.70420731164565,0.614814522406025
"31",0.2214114763845,0.109248883201196,0.0700925641430418,0.139529048092796,0.210080681884238
"32",0.171386987472296,0.0795487351630401,0.0611757094627534,0.22373115196752,16.11167721212
"33",0.102883950592504,0.0558261315650372,0.0488453663309841,0.46029354390539,8.90434086613387
"34",0.293533014531565,0.0955974401644112,0.100188417713681,0.193382249381637,0.129952101244943
"35",0.22054102961802,0.0889907778271179,0.0609322149241624,0.168620268116257,4.44542676086449
"36",0.160719230643491,0.083883799069153,0.0502529551919024,0.218292662069762,3.91152673029049
"37",0.18306446288659,0.0679416531907688,0.057898352113051,0.101389684487745,1.6390484862861
"38",0.13117266111219,0.0700323005481419,0.0532296622765229,0.0807579525324821,0.274755137151527
"39",0.093258752168253,0.0750343147745035,0.0493617527672337,0.743169086430616,5.9173608628045e-09
"40",0.11221116916631,0.104506099624039,0.075631345281311,2.33612702204195,6.4997684303034
"41",0.149430517062857,0.0808159328212044,0.0518961192770837,0.247571159756479,5.31749243859877
"42",0.150425599383648,0.072654236033466,0.0686064318207379,0.12548189968006,7.64402074897848
"43",0.153518021146121,0.0919290489710492,0.0692836511767193,0.230010320210177,3.10805775734188
"44",0.140607156934775,0.121152091017999,0.0718848674822946,0.166121884801835,0.391118613374381
"45",0.163481276735163,0.0897020888945892,0.0618794805419799,0.447725883256774,0.522185740844024
"46",0.189044721670385,0.0877402885172754,0.0606048608000647,0.332183823284172,0.735859210145545
"47",0.179128995852992,0.0678671207434774,0.0524025012223224,1.01012848384786,24.454776873146
"48",0.191056156052709,0.0937749571223842,0.0595611613306476,0.0881991514147796,3.65807748625376
"49",0.182823298208917,0.0924993140008199,0.0691894228639452,0.224330697555069,12.520622483159
"50",0.143859885181387,0.0725294485791627,0.0464431342613981,1.24103173054306,0.766282043594783
"51",0.16912981457712,0.085661940569379,0.0699000544669437,0.0428271982768792,22.9747049556468
"52",0.152213914874209,0.0711959930523829,0.0542710237405448,0.53744882155756,5.47633194356811
"53",0.121929247888664,0.0834304807466178,0.0635288220076919,0.821162219370077,2.92197966651837
"54",0.221413397925475,0.0964887993294179,0.0648239163271512,0.291331833597149,16.1747367397795
"55",0.136629037126166,0.0787795393216954,0.050686745021491,0.395595845474209,3.94880012120125e-08
"56",0.262430604614092,0.0979100107620979,0.072701990228098,0.0708808465125668,2.2994842121782
"57",0.210854826166842,0.0780381604396096,0.0519898339115608,0.632215980128564,9.84055343730507
"58",0.158848099290488,0.0771753833229201,0.0511436245392624,0.501940500942755,19.3405792581444
"59",0.103131929987483,0.0653014882376707,0.053335791213083,0.200045121561248,4.43158796838647
"60",0.269070507402983,0.0912548047113975,0.068308242380296,0.194235057749957,0.775836368218418
"61",0.170913534014698,0.0750176392957209,0.055255758676723,0.263587580504669,2.99456218858177e-06
"62",0.23814497432697,0.0969391496501475,0.071995952618472,0.259559527650798,12.1422268598362
"63",0.117074110246444,0.0719531913868621,0.0592259604721024,0.537999326770844,3.15130251508224e-08
"64",0.152485875543426,0.0673309038353826,0.0435910412576647,0.515858145137575,4.62711860036321
"65",0.186018786209928,0.0835688472143134,0.0539874060817446,0.201798238129739,3.3916286775505e-10
"66",0.142570332616187,0.0746615174088172,0.0530526229860784,0.579882350617944,6.11332914917824
"67",0.234063120241437,0.139870601156933,0.0972112989184067,0.0782542602133556,4.3576525196775
"68",0.172294709281768,0.0780576317930514,0.0643492635825897,0.165644327779357,5.21515931605889
"69",0.171510960766651,0.0865066012977355,0.0635090315686472,0.503773830915404,12.2586842151826
"70",0.132633271025919,0.0788503312881011,0.0635773249844885,0.158587987844756,0.554383449606876
"71",0.181356083925124,0.0869777749300073,0.0538570794592755,0.56978514317405,1.26645306828641
"72",0.00470507821922606,0.0016457581932073,0.00148669679550961,0.00908457476975457,26.8702122411294
"73",0.171628982944567,0.0835417285295511,0.0637142116944433,0.168015285809259,0.942991738521646
"74",0.161725449259131,0.0732119619011905,0.0552860245419314,0.406151659818587,2.6513191982343
"75",0.126924756765275,0.0719730673079793,0.0568911611591032,0.439093054382973,2.61300719744461
"76",0.118241756834033,0.0878702685963575,0.0588154540604811,0.0401434210145028,1.85548726636927
"77",0.147581716627008,0.0720159479367832,0.0539317223812062,0.160772266609749,13.7694444123044
"78",0.200713216555343,0.0835601852315008,0.0770287981433719,0.150626784800643,4.43558356523213
"79",0.353742161923506,0.107302695340397,0.106016233951764,0.333107407157944,10.0102140007904
"80",0.105043456372631,0.0626215634110761,0.0418336953258162,1.26646618174857,0.79197539193435
"81",0.0802300542117656,0.065850695952539,0.0575452370239002,0.50455597675254,3.00984779344499
"82",0.217111701870811,0.0991200887274738,0.0659072523685899,0.103241395339623,0.23117761702045
"83",0.213111114991453,0.0809063333738349,0.0595293571249529,0.451391055993499,3.41994253665302
"84",0.22264553344278,0.109323255305478,0.0666220113585334,0.150152660120294,8.69884025038355
"85",0.176225292268645,0.0889972995183438,0.0588223411900686,0.246133884403306,4.1785655033829
"86",0.119950882649923,0.0783920172053712,0.0588048053033059,1.80998580445737,6.8374150913538
"87",0.152517530760419,0.0995109342841857,0.0540558519839418,0.228817854724377,9.69766923113189
"88",0.138722543092501,0.0603275690414264,0.0486579222136141,0.318792100344971,1.23368817883419
"89",0.203540298900736,0.0924015795936117,0.0675649027812756,0.0561667766052221,2.0388069449378
"90",0.196115458821169,0.0877139370456391,0.0708672177886896,0.0862277694650155,8.49844497481785
"91",0.206719177887076,0.0884033049395317,0.0677431564074054,0.0932192532775663,8.77683462022434
"92",0.195579415772027,0.0817513823818509,0.0527455704514409,0.0860249035695182,0.191885400802587
"93",0.155433502612095,0.0873093225295577,0.0535343648747307,0.382376327981837,4.73677604361258
"94",0.174960468544027,0.0979685788102161,0.061921157289248,0.0760214966801217,6.75248172527237
"95",0.137326784504596,0.0818582759390123,0.0561357654991351,0.794897584185854,1.13699052263098e-06
"96",0.15233970081672,0.088482017053448,0.0617250193803692,0.203190598443918,9.35470216256097
"97",0.240104859983413,0.127206220456545,0.0807154197347632,0.0365456691376217,5.93762882867475
"98",0.165582048998897,0.111688810614997,0.0599997492591982,0.214242199394255,0.494087703289467
"99",0.230718097981954,0.103386660995498,0.0690089294296819,0.190895644093506,32.8455487925284
"100",0.309712354183895,0.108920269805782,0.0836465361285921,0.121743947926555,4.97138329529775e-07
"101",0.136604673667511,0.0791506388582195,0.0575074107371483,1.17280834659495,1.33739360881782e-05
"102",0.117955283135342,0.0863479305367941,0.0615763836159186,0.280890942544267,12.9756850572447
"103",0.193922640719378,0.0875705874758056,0.075868577017113,0.0562733982488722,4.68196691791214e-09
"104",0.14884642304977,0.0851739093066521,0.0656449942663835,0.686789306486816,14.4462485312758
"105",0.283195783814735,0.112532098232075,0.073895129627171,0.019094939786386,3.0941443213317
"106",0.22599094778704,0.101081398297527,0.0624016733979715,0.0645898906841894,4.84740058297909e-09
"107",0.19527278870389,0.0761035759094842,0.0521398977775019,0.0747139686232664,5.74299184932496
"108",0.0809766556878829,0.068462597086287,0.0516613903524354,1.81869163963676,7.42753955050476
"109",0.165978214223379,0.0788149217892247,0.0597734504780504,0.0712424235288282,21.9326011987824
"110",0.194552256514818,0.122026953252789,0.0753370113282077,0.291279406261235,8.78756176217764
"111",0.162205924721636,0.0746856413790855,0.0505015719642797,0.244869383287759,0.825158042118652
"112",0.177902431471311,0.10423600837352,0.0684094748679631,0.45082114934796,6.12010001816399
"113",0.204812716336155,0.0982631752135597,0.0678219478813824,0.131662527230068,13.0475687987962
"114",0.110924158498594,0.0613427494277492,0.0469576495829229,0.213230673134959,11.6852297727041
"115",0.193675516802619,0.0783576928973513,0.0753198749661038,0.45302774122459,5.88042065378583
"116",0.139672194812967,0.106412974637189,0.0632988358081231,0.383771958229586,9.07205328046556
"117",0.146463136882627,0.0817581889349864,0.0570970654900182,0.437264975841671,5.45411434635376
"118",0.242265213752314,0.110236575184113,0.0640920425841084,0.0920384785669645,0.289416654505885
"119",0.196878704981148,0.132192171979776,0.0739322091371684,0.238623283327514,4.88232342285467
"120",0.142687676290733,0.0800052971089098,0.0689456642560451,0.860676196031193,8.8737134546871
"121",0.13349220008272,0.0757609136723248,0.0685433163307544,0.940195753552002,1.56179554239071
"122",0.149617789214515,0.0935667467068428,0.0601740088684898,0.226572475083215,9.5306942211029
"123",0.210198459415836,0.0963668537740236,0.0684854734068518,0.114048516048574,12.1897224541512
"124",0.158417265712763,0.0813923990922059,0.0671775078203818,0.218068897347957,1.95920261636868e-08
"125",0.152221138739252,0.0670682547325428,0.0539558976624819,0.177527687873077,2.10152692735536e-06
"126",0.0891870119182886,0.0657361446492026,0.0439018575279961,3.8714019131299,16.0639175927383
"127",0.121733365697152,0.088899822807576,0.0675593300945951,0.731209550006328,1.35057376957918e-08
"128",0.174595379101653,0.0658696637009464,0.0440573719664496,0.523847982798779,11.3802712213004
"129",0.262609496723486,0.12831160856531,0.0785921136557043,0.112223370668495,2.34988917451975
"130",0.239414369206288,0.0734960087263998,0.0553769649899905,0.196418553968456,1.66921110095695
"131",0.119241344717533,0.0782302219473244,0.0630657484051067,0.326855854136842,1.84931084402796
"132",0.191286722009945,0.0786932514733554,0.065572809085752,0.0600878573056941,1.98263568850754
"133",0.113434307643942,0.0884171728423632,0.063079081607709,0.553307764159888,6.52073766095918
"134",0.170605013659957,0.0731001415759293,0.0585104656469251,0.192941912018279,1.81178681082041e-05
"135",0.176711944425488,0.0869224600030839,0.0552682834410509,0.195058350679278,0.320856173132615
"136",0.103058902400872,0.0674078454194091,0.0426489052282083,0.946518495432144,14.7298205580251
"137",0.173048672892983,0.0861772107744043,0.0620944792098684,0.0984435929589529,17.1863193602259
"138",0.169051470214741,0.0335063710890797,0.0442232009414189,0.0871884705258158,9.08867213567838
"139",0.179568626641345,0.0822486833521206,0.0616138548044366,0.123812118041249,1.70636711569595
"140",0.134906837999132,0.0698198278759168,0.0566592388966882,0.426006927033201,21.7686925375232
"141",0.194564381016648,0.0888697682238243,0.0560828837596845,0.0636683372148014,1.851818725213
"142",0.1199774631162,0.077927998440434,0.0549400061818649,0.237531633281614,22.9366301532723
"143",0.197463131559322,0.0910792257752849,0.0929082233844081,0.0729631494841737,14.407544235709
"144",0.14095154924276,0.0842113944487879,0.0562563216194002,0.698159286523155,1.81957129090634
"145",0.194122661689492,0.0883753922769582,0.0677159402126694,0.167688147409046,20.8753519940284
"146",0.16077462164766,0.0711424983823078,0.0627770153013765,0.201883626468594,0.826977971948035
"147",0.171632967931442,0.0881209452745179,0.0551905103332886,0.386815146868944,4.83805848087085
"148",0.0124798435412786,0.00282644526942804,0.00328173308314909,0.0160716162294641,33.5522946270831
"149",0.231788804587553,0.12419226824023,0.0879915304778652,0.27711217946051,4.7496527754103
"150",0.208143004494373,0.0982825079889932,0.0775570308786001,0.511900531374262,6.32351560686509
"151",0.140542517823825,0.0917794668975323,0.0652400982280148,0.216877495999871,6.95960548070622
"152",0.13284206475593,0.0749562553969116,0.0567839362247643,0.0674124115307547,1.98185684983802
"153",0.0682597308758109,0.0809592330776974,0.0647071667181914,1.09578773025949,5.96359368443356
"154",0.208104430180205,0.0858301482920264,0.068131922030354,0.267478034793495,7.15133635671676e-08
"155",0.126663569641803,0.0768387406047064,0.0578603100599421,0.0689872685635368,6.54486226663538
"156",0.141673810420503,0.0608641848478901,0.0456686591630208,0.34161936208872,0.969659055773729
"157",0.260908699850931,0.0922649943061569,0.0683721880877893,0.159655158097821,13.4110209581704
"158",0.180278746169907,0.0893274750081255,0.0674269599010691,0.193968767018546,4.35283313835391
"159",0.151697827090854,0.0992629527100924,0.0579239780607243,0.279036666757148,9.02425048162887e-10
"160",0.231210378176612,0.112149146938433,0.0711858798049327,0.159804772134152,0.212347414345105
"161",0.192956598495942,0.120542898929328,0.0900421702068623,0.155954492542361,1.21950642690287
"162",0.128498571791881,0.0713722788974534,0.063094933961482,0.137677388489688,4.43047482815087
"163",0.218420157470765,0.115870666882543,0.0677029175169877,0.230296646706515,9.57836348496163e-08
"164",0.106838996809589,0.0856530712800599,0.0716288236766682,0.378063233805496,9.87728620320005
"165",0.165628815200603,0.0696034338197749,0.053324628250417,0.148310651126488,0.441797015147132
"166",0.179834676202363,0.107968533137047,0.0763269863333779,0.467700400665064,1.47425266098523
"167",0.149341732357612,0.0795762860095959,0.0525796002069928,0.369354871288879,1.36321242005507
"168",0.136672253644394,0.0958972777738205,0.0569739254679429,2.46725621574134,21.9600812325031
"169",0.222605640150221,0.0779478995970727,0.057839355709686,0.0620875006026867,26.9997974297254
"170",0.12880632012656,0.0806315745529676,0.0503719363840899,0.783250943562999,14.2748186796414
"171",0.153518840785261,0.081281517366157,0.0532383374026815,0.25108380637603,0.482245984918979
"172",0.222996388057232,0.103309539460443,0.072189615088994,0.109463886993338,3.80348091534659
"173",0.110748762338122,0.0632706135493293,0.0557707052637864,0.647834643624171,4.4004165259183
"174",0,0,0,0,0
"175",0.223328196061382,0.12295210906593,0.0785063869006192,0.0774593076797129,1.29493276048247
"176",0.162947187540369,0.0696798809176299,0.0519177645464455,0.146683365532502,1.56186799678048e-09
"177",0.189879593461071,0.0826761154012101,0.0642871927125407,0.104763170854409,5.09553318358489e-09
"178",0.138570132847641,0.0711077063574085,0.0491639291899149,0.604916164660079,19.8182349518034
"179",0.154695235282747,0.0735842038175201,0.0563229665524896,0.642090168632165,1.37282875540719
"180",0.17103225831207,0.0696914706754545,0.0534421046137995,0.301765206098898,1.9489707322175
"181",0.12710235339644,0.0860136410347297,0.065438743975144,0.492324656209602,9.21926370788642
"182",0.13272729691361,0.0880931259496384,0.0568540344841319,0.701279665623531,3.02757014864224
"183",0.13293042207403,0.101794996043996,0.0594231665191516,0.200397791897721,0.538905207392033
"184",0.217683975307559,0.099637706759968,0.0856473104124697,0.242303284044886,5.97825126814933
"185",0.279256805590589,0.111417989056884,0.0674893268537574,0.50557216271264,6.02347046074601
"186",0.181369778548537,0.0790727832804964,0.0597531994956071,0.185102574696623,0.361838427098187
"187",0.371673550013582,0.160236368755131,0.104703977266152,0.2642747594463,2.5466807718907
"188",0.165420596182581,0.094049027082452,0.0585572737774452,0.088836855984548,0.258755886953779
"189",0.1609837926001,0.0772132973073694,0.075833393330931,0.333739793882022,3.59732309976824
"190",0.143597215326618,0.0855563853603352,0.0591681417108943,0.595797863434228,5.30959911145723
"191",0.142039730908241,0.0731402474789987,0.0551502361518058,0.21455099816995,0.605602305687484
"192",0.237452126435302,0.111205335338493,0.0720258083335834,0.273797160895808,3.88186297807197
"193",0.231532524494012,0.11375121319822,0.0770160932990894,0.126800488554029,1.57096816129138e-08
"194",0.20953467886826,0.0949273169219783,0.0638355699920913,0.182732370619004,7.03996592667701
"195",0.330450255778634,0.119752353196665,0.103342207330686,0.150084787035345,1.33085338775834
"196",0.180941773958188,0.0910611314575464,0.0615597665733017,0.182416007439518,10.918358435438
"197",0.214655582726192,0.0979555277705258,0.0822209828830407,0.507732582502781,3.25709762791658
"198",0.150645354915737,0.0711867498697628,0.0680929776163062,0.592281439989252,5.44296549579469
"199",0.171239049952787,0.0859142359758784,0.0761694702103836,0.300650347217036,6.77547312833387
"200",0.140759375665699,0.093996139386737,0.0748190538234444,0.360702860179901,7.3922201920382
"201",0.144570276064362,0.081020863642185,0.0627816820642944,0.52573075927782,2.37235142113442
"202",0.247382944801466,0.0865956250464414,0.060342279392502,0.230137156749127,6.70448480419535e-07
"203",0.244485459942608,0.11939269176645,0.0815556953499595,0.0225065332901684,3.21739276395382
"204",0.128967458884333,0.0876497017112227,0.0569446185620817,0.143145684352528,6.79724454999812
"205",0.162336497504083,0.0802998760031318,0.0644772496422756,0.319209194214811,5.34033251916503
"206",0.143926030799892,0.065818599868874,0.0451808972024618,0.454389876739774,26.979365135887
"207",0.240529302873151,0.104274874040786,0.0766830788278988,0.0733869726388521,5.17099588028031e-06
"208",0.300449068057401,0.10237639360472,0.0791846746069065,0.0552412615170481,13.888378582111
"209",0.181906703727868,0.105632115920504,0.0723876410013962,0.121881663998549,5.48680579712648
"210",0.154452882211335,0.072019204124857,0.0578068235996951,0.305322197278763,6.94488666377635
"211",0.139864275002989,0.0956644869622981,0.0664494618464659,0.139531823563129,0.729469578358143
"212",0.147697331823145,0.0840633141262688,0.059793528267585,0.0713985309678532,2.18738337014951
"213",0.168412422817552,0.0883375055619234,0.0566453718343799,0.406239267078438,0.52925917884346
"214",0.241967531791195,0.0941508620759859,0.0692078134745165,0.197277112752024,12.6114885810298
"215",0.183103965425078,0.0777328969161803,0.0585008795293485,0.541170703168963,8.18877168094806
"216",0.18000084705378,0.0810215206314388,0.0711066341660333,0.279503479057989,26.0914063792338
"217",0.230798828570468,0.114433875081394,0.0750564189217817,0.0455503859909689,1.98079549388247
"218",0.129140221812129,0.0674779602848917,0.0517203617043094,0.341116815093172,0.571244869480836
"219",0.0878479924220043,0.0663375574755126,0.0525557224756806,0.912418606194917,23.7161000839059
"220",0.22472637164594,0.0971650643568802,0.0626191937072166,0.0332516692804699,3.46743959066578
"221",0.183409716695386,0.0788153063645795,0.0587195060382759,0.157237646065056,1.82901559950032
"222",0.119155252488349,0.0695381603607797,0.0528086399149228,0.488867611424692,11.5998887376456
"223",0.137788247695464,0.0743772025783745,0.0596143207762347,0.337913530875589,9.3563536544572
"224",0.162963476282728,0.0863696300204624,0.0551325174329091,0.401942522750266,5.44661490911681
"225",0.217995948064212,0.112431900252103,0.0799028992918743,0.0744793169603244,2.91981515842811e-07
"226",0.232611108437282,0.113171536015381,0.0706707504461485,0.0605837639666509,4.51682172058897
"227",0.21510887331238,0.13510467764891,0.0854818670834804,0.0369510946894124,1.43631547021694
"228",0.197771152222574,0.122397588730387,0.0774448233889206,0.0840483273599759,1.90511778475832e-13
"229",0.229508943106639,0.112948480993838,0.0686693806292615,0.0474119911917603,0.0270155535102794
"230",0.214530298231253,0.0880640182057622,0.0626516595644356,0.332073846188577,1.94985825982559
"231",0.160174734212354,0.109372186180675,0.0723142502952723,0.29786490437971,0.514693638786824
"232",0.146717111824519,0.105527185967293,0.0766423785012678,0.794019263360536,2.44909871867524
"233",0.150771133021437,0.093339426992465,0.0677116206770029,0.0404503789877101,13.9330625378221
"234",0.116640061107069,0.0884457789496882,0.0648067952952494,0.287976976594334,6.45560285077641
"235",0.167505416073801,0.100619052752895,0.0702794142473742,0.128428443513565,8.88974678831599
"236",0.186622502250263,0.0964866861833582,0.0581859074221152,0.223056846893055,3.24681484439001e-06
"237",0.269758767252671,0.11575963927334,0.0803256129626486,0.14071626602646,3.73805138017961
"238",0.105337295699502,0.0547942325299779,0.0437170346278937,0.862914644804229,4.81572715900003
"239",0.103020599365547,0.0584181811730029,0.0434803852470128,0.538074051766848,0.600250340001071
"240",0.144929835331392,0.0834844865088814,0.063634912909109,0.132456625366322,0.477563480533612
"241",0.226965219057719,0.0921779454882493,0.0749661848431875,0.343338594985785,2.67785873559787
"242",0.224849945489392,0.120761227583945,0.0613454384130487,0.201407794261145,6.41711641018956
"243",0.128517230540758,0.089578180593524,0.0608257442107528,0.558603428786804,3.4757893533634
"244",0.118214773512579,0.0709473673207743,0.0502931987611389,0.735784336959712,3.36079959529404e-05
"245",0.221339297011996,0.114657980458497,0.0893279360565235,0.62780732839597,4.37014915970391
"246",0.235395328772893,0.0888173425500958,0.0614261541048611,0.0886255834631494,0.399381256990062
"247",0.150599275968014,0.0830013821557979,0.054206130699358,0.291846779562887,6.23963109956165
"248",0.186645391142799,0.0665067230481085,0.049599546477086,0.499214518247,5.75263678718563
"249",0.172291274265372,0.0753357520145565,0.0601603610316727,0.510357834014787,8.46905156065844
"250",0.245319140819798,0.103932169777807,0.0694268479268339,0.0638533827236419,6.79996600123395
"251",0.167703017913718,0.111626060431946,0.0587042535685037,0.152582776446133,6.49110792894835e-08
"252",0.149272893614846,0.097823503064538,0.0676144843468386,0.716641286292743,5.68039389062747
"253",0.129937917301642,0.0788073306001821,0.0516477408208459,0.776342162020641,5.60211968297022
"254",0.191024937492919,0.0815959049438305,0.0504968607203713,0.455868202251728,2.20671391336945e-08
"255",0.121548035582866,0.0687051759168754,0.0628931126326169,0.904348350354191,1.94048408021819
"256",0.180424565790036,0.00634382550678279,0.0459899192660007,0.0888916099766345,1.52422099775902
"257",0.162503442537066,0.0810460354872214,0.0597547781885987,0.180320631123519,15.1504484054497
"258",0.176365153174276,0,0.0406589112902462,0,0.69300519996152
"259",0.183595001452146,0.0941316134182071,0.0633758860941781,0.163595791662377,5.99971572389555e-08
"260",0.200608670289775,0.0860643540145104,0.0609229676857725,0.395767112335319,6.51594992157424e-07
"261",0.1605582234837,0.0684051326268413,0.0540615536432393,0.118057075815975,3.25352024155421
"262",0.212922819353994,0.0865637913438662,0.0581946869435589,0.126447496785895,1.0562835213404
"263",0.167000522252809,0.105929812271086,0.0748271310290976,0.332971224385234,1.20619064982008
"264",0.093863199614493,0.0796269438972308,0.0597424249140182,0.30487912081355,2.73748867730715
"265",0.137540305281642,0.0770119526734554,0.0560191749879852,0.710987229109367,1.48838434402219
"266",0.0421467666629596,0.0729533223394085,0.0386079010299516,0.179264110982473,15.9013922107252
"267",0.212235841802388,0.120570486710882,0.0691425894858883,0.119005528567957,10.1496652360396
"268",0.148330577483547,0.0804399365728672,0.0668047309635821,0.13526856448071,3.57691279113234
"269",0.244726515189164,0.101399257783673,0.0653263055317124,0.083008193502082,5.63867042841438e-06
"270",0.114604936376553,0.0738656195734866,0.0591787295131979,0.307178912194216,13.2980179064807
"271",0.200174239380054,0.0951718132711638,0.0605345932191691,0.168352185160349,1.18053095151123
"272",0.163270031232963,0.113462392742411,0.0748067787451588,0.405648530158107,5.454796724003
"273",0.18955461416811,0.0857606566416039,0.0622179203023338,0.0677597538655663,11.2088471898185
"274",0.268639664567371,0.100075859052331,0.0770718956555419,0.0382722546875682,3.26571042087735
"275",0.187019319724019,0.111153829200848,0.080413266995176,0.176590795021922,12.6099939888924
"276",0.249830520370935,0.0953693796008118,0.0718789698657227,0.150719854812956,5.3231451735315
"277",0.197379175948033,0.0993041500411533,0.065558924485865,0.0326620504419971,15.4467539089864
"278",0.173233994903226,0.0892182831878355,0.0623780554061195,0.166196911528603,0.670366997186707
"279",0.304595176254247,0.0996003240195473,0.073392852307679,0.0728023294640633,6.33643617477752
"280",0.144453698185468,0.0912354550934191,0.0630756404568876,0.158185301238185,0.748612484569369
"281",0.209341736558882,0.0909986310245274,0.053235754549253,0.24205193915259,12.2654079838447
"282",0.172813128937763,0.0706677630618901,0.0487571917305126,0.413805170440732,4.07797310317376
"283",0.136504317261048,0.0774396574072946,0.0556061259491742,0.189437190501178,9.15271343260672
"284",0.178709144083442,0.0735116611413279,0.0470604872297275,0.406476861095784,6.88182041141492
"285",0.174684312542821,0.0784380763922564,0.0785290650169452,0.454652584980333,8.77147736882266
"286",0.0963287082529718,0.0842748851709482,0.06169481485314,0.149638276234645,4.3097716252189e-07
"287",0.140530977918715,0.000536481719017495,0.0445632258541191,0.0260256963606956,3.41717164229956
"288",0.134447064272806,0.0731218283368739,0.0483648466611109,0.399385897985421,0.602016433315354
"289",0.143179256247586,0.090448300657564,0.0600528783870369,0.151408816786647,1.78488644407105
"290",0.141773197958775,0.0729047578862683,0.0560772932436999,0.245399141187167,2.0672245863581
"291",0.153385464215574,0.0743338314684127,0.0635358966732479,0.33384077516525,31.489665096486
"292",0.233500622190591,0.00024012814500341,0.0617976441106537,0.0165062333601134,3.21591823618014e-07
"293",0.210495524831757,0.0861334971450717,0.0595513727283475,0.297404083674843,7.88616348834148
"294",0.171902550403516,0.0952089922637619,0.0638127988516712,0.187292850311082,4.47619404298413
"295",0.145297493548742,0.0879414605230348,0.0596367814195606,0.0979993168182196,0.980396681414218
"296",0.164615774945996,0.0797280639139025,0.0635783648711629,0.186924835719829,6.91574649238053
"297",0.0941467496963293,0.069606372806312,0.053615832605002,1.02115215470025,2.78571804393395e-06
"298",0.210680015959317,0.0950756253324099,0.0629689895582568,0.0634670005992146,1.50183538143822
"299",0.202062988951967,0.110216511907249,0.0651150004554463,0.169732964506567,9.33383815558133
"300",0.18507681120459,0.0678176611053174,0.0554353260806422,0.0667229325900034,5.56099341512043
"301",0.156238147955309,0.0759147074030895,0.0502692183928386,0.352832638486334,1.09827654489216
"302",0.131593604536843,0.0672565999575721,0.0504090541897253,0.534360948890268,13.5148423792114
"303",0.201245418140343,0.0919340871646425,0.0610884293485568,0.09106664899431,2.76911042570092
"304",0.182503966005625,0.089015449052313,0.0577406641040713,0.275369735347246,0.611047324937813
"305",0.241035110911135,0.108558527035907,0.0759058913917877,0.143310225202986,4.86073258684209e-06
"306",0.148957949813859,0.0692177532356416,0.0550507071597644,0.16889860729113,15.3496190511409
"307",0.157533039390446,0.0667179241817093,0.0588976295320272,0.11961062175117,0.775980448335679
"308",0.11661170136686,0.0726462620330915,0.050228739065763,0.253206802475666,2.4114468783597
"309",0.250504569114049,0.103230927420276,0.0728289822238711,0.100072275749149,0.395893924421414
"310",0.187819618583287,0.0983269009830991,0.0839464190799599,0.477195186398545,8.71607566435747
"311",0.129895724030005,0.085539614484684,0.069711084921914,0.14932558205203,21.9431191575147
"312",0.199827413854907,0.0784702233395779,0.0696327725558728,0.223093781857257,10.7616307450735
"313",0.213534482795676,1.23433372148253e-05,0.0513619734726154,0.01438339145853,3.95890351415633e-06
"314",0.196130355282795,0.0900410170068161,0.0717905176462795,0.274532291155322,3.23997153133964e-14
"315",0.249500989796906,0.10467677328868,0.0712703137974352,0.0571196441790068,4.92415624204746
"316",0.144464821215879,0.0938038623508796,0.0631706936210164,1.50647208238562,5.16018268952861
"317",0.159824404402245,0.0786844250126645,0.0610105797274779,0.223520569345754,11.3840250560631
"318",0.228590352640356,0.0985956908511136,0.0728072122525879,0.0774748611249814,0.0930686535103552
"319",0.216106287705898,0.104519418959999,0.0663244954436389,0.18816562270132,3.94848653893911
"320",0.266935520826846,0.088302028674194,0.056522503007233,0.0620924841509217,1.8698818424786
"321",0.165981629323994,0.0694538930262135,0.0503751903427334,0.255585607953344,1.94807125393992
"322",0.221974416986126,0.103395167282048,0.0739657506448669,0.163804345968357,19.6228378754468
"323",0.135776909626486,0.0675700798991955,0.0509725473653462,0.353120176668397,4.41497663879416
"324",0.139766686428723,0.0697479889704341,0.0516056859208943,0.281449698727942,2.42040800609194
"325",0.183631315312942,0.0986825141045003,0.0819805443613464,0.0587533963319059,0.163845504509158
"326",0.152209800151079,0.0795512530182935,0.0681437700125518,0.0974998226799634,1.26708381593437e-08
"327",0.110624041959606,0.120893078253646,0.0813620248900275,0.0762741329711004,7.97223202285845
"328",0.310569617538576,0.163776203460246,0.0773937784878822,0.107350628990941,17.4230819616206
"329",0.21898807971218,0.104655824671865,0.106302025601162,0.139011679053065,6.6233823734208
"330",0.288150722664547,0.145850053204914,0.0827630027606592,4.76959867852125e-06,22.0780697620278
"331",0.167612152709307,0.0750453047679084,0.05824888655399,0.114982236516023,7.94567229188793
"332",0.186827421636554,0.0807806034851725,0.0592316442278649,0.346856089915798,8.76264221835822
"333",0.201688247456803,0.0924567233826974,0.0674417265908972,0.103447164559697,3.01803754513243
"334",0.0962174369177564,0.0660793410072187,0.0483067925840074,0.905862939279046,0.553693373056835
"335",0.0775233590132786,0.0737342707300605,0.0522858381707488,1.15079101440386,4.55052571446097e-07
"336",0.245935512074321,0.104225847406032,0.0907736269860261,0.0981376826557818,2.04172053532515
"337",0.182463314257925,0.090974255707035,0.0705041786439151,0.165603844858517,1.68635404209597
"338",0.292728649468163,0.124973435487735,0.111175434210482,0.054486239763965,5.40718980492129
"339",0.211490840201823,0.124804392239511,0.0774038901757504,0.273991000766025,1.92986699952168
"340",0.170042367366457,0.084130030949925,0.0623122391597053,0.244718147172576,4.51650021418724e-08
"341",0.203068838288941,0.0804363358979066,0.0637600806571803,0.439181092970136,1.08555530824975e-05
"342",0.114504613999213,0.0646487564469982,0.0520182132646583,0.177593455101398,4.1564925446811
"343",0.354423763547814,0.101071891282821,0.0728461087231928,0.0274884140874261,3.80107645896583
"344",0.20083809605276,0.0884574376550796,0.0613905689384667,0.490712812921947,35.3770362118103
"345",0.263434126716456,0.104983907164237,0.0830222327277765,0.115443523428682,4.20606841864759
"346",0.2059540105821,0.0863491125256639,0.0774358534551425,0.0512146451111556,1.62576244398834
"347",0.215226176410206,0.106433260078014,0.0708701960800389,0.0551930538594088,9.49458968748831
"348",0.144853744535923,0.0750782966408705,0.0525183338951307,0.0794833383666645,1.67523209292986
"349",0.347503400534028,0.17032067129762,0.093470886311041,0.125422843588472,4.53188335035305
"350",0.132007507904702,0.0821446803926288,0.0720008952696063,0.143148554941437,4.53530117115288e-06
"351",0.203351007189549,0.100281708260874,0.066354538154153,0.389220744830372,1.40146721651852
"352",0.105700543863443,0.0588479924785782,0.0481377149126981,1.77898111625727,9.74715012855602e-06
"353",0.180729207058628,0.0795786412627715,0.0659153612588564,0.351830805647611,5.38401045848978
"354",0.124257727135967,0.0840767378046617,0.0692142800007827,0.205061397412082,5.36987197617396
"355",0.198144940572909,0.0807320527663314,0.0562498323747216,0.15123038624307,1.40726116866266e-08
"356",0.219594539941891,0.110935750293784,0.0696947730630858,0.0588328234176627,2.50212115628421
"357",0.14962816423293,0.0725897594942204,0.0531907224751542,0.234397764483351,8.99677078200389
"358",0.180674739103506,0.0884310202345543,0.0665632512073704,0.209252128145283,21.0757523848731
"359",0.190556641778326,0.093409863496198,0.0583265981725494,0.389920180919549,2.91845118716487
"360",0.219999280645629,0.0870704906387211,0.0625910184889614,0.154819189088837,4.52655887521611
"361",0.211568570928571,0.0819378981150587,0.0643831255776684,0.196890739533216,8.84583572632639
"362",0.155406859008171,0.0870976573125156,0.0569452707691409,0.209042428591454,0.418565309283434
"363",0.347482423858706,0.143335742538514,0.0803544806062295,0.10655496130898,10.091681806843
"364",0.225596309788531,0.0912512007407247,0.0650721095816024,0.336711987477532,4.03969440534583
"365",0.229770722088562,0.0974739740792856,0.0666958516758251,0.176028018809325,1.72313808172185
"366",0.106615135265579,0.0772721197470741,0.0509454784621787,0.830912911250553,0.725373742027875
"367",0.18486815149434,0.128617626801213,0.0816941759395268,0.0779289748245768,4.13502152688088
"368",0.141089678487922,0.0766781127737322,0.058653183299097,0.189410697190968,6.9407174031923
"369",0.159198169374583,0.0776110308913666,0.0541300050582167,0.063891038287883,6.9301506520947
"370",0.127055416387575,0.0757289811320532,0.0538220539577674,0.224729739083859,8.27420515778708
"371",0.243139819578608,0.0779879122454402,0.0654722708980386,0.149241484261086,6.66961958195759
"372",0.114506391399046,0.0746967882986233,0.0550132582015288,0.172715978135721,7.43252166517505
"373",0.152096174536122,0.0791837905893865,0.0554293582722727,0.358384851885725,18.7749288777389
"374",0.166483094446157,0.0709070043246513,0.0561153357447583,0.47204262580844,0.640455157774212
"375",0.130732654614518,0.068816727283287,0.0438206135261675,0.65136754136528,33.7471841799859
"376",0.189970080491365,0.0937274809441586,0.0766709370825924,0.0542774196081186,7.31951613158094
"377",0.0964897299996658,0.0761768031065782,0.0569820922648998,0.507599446476282,28.9457505107509
"378",0.170042976660274,0.075143316914949,0.0603212931555813,0.100750822607894,1.79370804399901
"379",0.141451718484683,0.0920859610488506,0.0607771015997058,0.104372158603114,6.8198427177234e-09
"380",0.222632217438977,0.114637081864451,0.0806974260392636,0.2342451641473,11.3878434249242
"381",0.0878833520825613,0.0716409376690142,0.0497642136550228,0.870249011923773,8.2405634129982
"382",0.170002205295125,0.08805426156213,0.0559019097447999,0.408207590187693,11.6533018367321
"383",0.338266342843745,0.117145202890157,0.0813437955025449,0.0841481551553144,0.163527110159897
"384",0.150049900023821,0.0761856769141883,0.0530985806475688,0.491979209518058,1.71632199105235e-06
"385",0.154447327577966,0.0833752332717524,0.0627581500704775,0.085589066462657,24.5574857963009
"386",0.0945362841619347,0.055353323588727,0.0425223674438428,1.04876566585898,6.46143935143665
"387",0.273458315045247,0.106037614913847,0.0842637129628461,0.141143525484319,8.7133219008829
"388",0.170742622741059,0.087218836894986,0.0639029557306347,0.0642126532000874,0.408655185170284
"389",0.204097426916484,0.086725741375948,0.0628478964499893,0.167979894142271,1.65311516395193
"390",0.265068689683767,0.102530770948173,0.0923495454901121,0.0146358410904423,10.3774883298422
"391",0.176873173412183,0.0996843067684748,0.0608428782412066,0.716652455035646,0.760509324242478
"392",0.146665234894409,0.108739603080064,0.072938857661827,0.354503536813433,6.56615142324602
"393",0.229849646527864,0.0932136827576413,0.0652787219554485,0.147744564001064,1.45623624650988e-05
"394",0.191124358035817,0.107374438290739,0.0689848923662487,0.0826030512106722,9.61693357148304
"395",0.19857123923108,0.112109152829613,0.0698358829091266,0.204339165659277,3.22528040703255
"396",0.27088719498495,0.170482189456103,0.0856843436280965,0.0819741425875478,1.62002713786808
"397",0.102212045282063,0.0716867474702776,0.0518233366446198,1.23711326044528,5.02712587820624e-08
"398",0.192995713220215,0.0907265006881645,0.0664463803069115,0.21803133429998,0.701199251675341
"399",0.263253489599296,0.103654766612274,0.0899796811207138,0.312358110704785,2.4597595740444
"400",0.138880091414928,0.0738336027937402,0.058257945957057,0.66109830749208,3.63465958864487
"401",0.156418024997337,0.0666257588747707,0.0515152180079154,0.13996273291439,0.674831192693045
"402",0.203576289587239,0.10789007481185,0.0700062104601014,0.114253353820689,20.8828838111126
"403",0.188929644009728,0.104176584800097,0.0875785096939737,0.342533663860423,5.15923586855247
"404",0.131762049668526,0.0723713251359971,0.0615510063773981,0.12028550565597,0.746566512876395
"405",0.172441221808539,0.107601586712473,0.0738299203876745,0.136753312173729,15.8028855822183
"406",0.199376130317172,2.8298999646418e-08,0.0440980276768798,0.114600891346136,3.6000597261962
"407",0.140332697401714,0.109790064334873,0.0681710052208943,0.114696393263118,4.90520016793945
"408",0.149740378572286,0.0985829686885962,0.0545186711180234,0.519584826734893,0.559485833787511
"409",0.124138799725926,0.0820129202092318,0.0650175351190691,0.418738656805369,22.9059341842662
"410",0.177490335081042,0.0745366324972436,0.0600002667196691,0.196055105507827,0.416608822241384
"411",0.159020404870526,0.08410738556297,0.0654842017840703,0.370442197028106,2.78888919598175
"412",0.311302196987701,0.130532974668617,0.0667962175719577,0.0373403968312478,0.000121132873820919
"413",0.273476547649217,0.125992231021775,0.0890641624769735,0.104124101914923,4.69857495129864
"414",0.123290750465938,0.0621403416383469,0.0446681178858377,0.516150052457914,14.4682506446351
"415",0.209451010428634,0.0740265928224163,0.0527883072053214,0.174582986045471,0.550492235408805
"416",0.230785319352188,0.0924840267483534,0.0613445517463589,0.166201569396226,6.62934295475615
"417",0.15078022229635,0.0848963663908195,0.062075617476236,0.388308374693955,0.688763723905309
"418",0.0822723140171947,0.060609574019448,0.0468893952378258,0.370599636862093,0.654199480564966
"419",0.241972356534993,0.0876873090540142,0.0745396513890144,0.0390254808134646,13.024738583186
"420",0.124072260063734,0.0670616172362425,0.0472187831790979,0.787760530942941,0.698070596291488
"421",0.190867506710311,0.08649940941876,0.0602563258979348,0.205043912661651,7.03447577179736
"422",0.180995844192995,1.70700974876709e-09,0.0445056535276234,0.0474152420205101,8.47673673788932e-09
"423",0.202187246645345,0.09550078681598,0.0683868940919231,0.150767974380518,7.19200566339397
"424",0.174133355224557,0.0831312370627848,0.0580829490181352,0.255904395880387,0.44584903899814
"425",0.26822833075796,0.11799809150118,0.0824007580516844,0.0542322879948946,12.7588973301766
"426",0.254819560531557,0.144440147985454,0.0828639826565011,0.0158386421137249,11.7777846837593
"427",0.215255088827202,0.125067280690675,0.0758562556798409,0.138856272392806,3.97182131140674
"428",0.21001712297858,0.098624498827764,0.0668754238872018,0.0596191618564212,1.03889977775999
"429",0.184798600217205,0.0995997161526812,0.0616422779177074,0.0892985640504339,3.91783495617329
"430",0.0895192537871909,0.0788261545970892,0.0556437644922396,0.927152958226266,17.900930568727
"431",0.300129480400941,0.148171310154957,0.0953411029172413,0.0376365490017571,0.596514109535245
"432",0.0799945799740786,0.0585187632814084,0.0440928656895944,0.549783295790074,2.67833012435339
"433",0.202838366547191,0.11086669729551,0.0812187266123592,0.156278603909118,16.0471390633098
"434",0.108857919591263,0.0654682206380238,0.0516223053811498,0.330848070173899,2.51012704806653
"435",0.146589016684687,0.0783661395950125,0.0722031244020221,0.088187717498521,2.23941448717019
"436",0.144602725464697,0.0664741344119335,0.0565781885274085,0.143956477786295,37.1336026486139
"437",0.285589748195428,0.15857677958204,0.079202893396736,0.0240930940703555,9.18833042838365
"438",0.131680284836441,0.0731384078556566,0.044875215431907,0.695035663574221,4.41615982160249
"439",0.0987819285268623,0.056634191059594,0.0448149944302038,1.70917212332676,31.8727270419487
"440",0.289623336935301,0.108658093541973,0.108634605981224,0.168486117199396,1.78946746476398
"441",0.160544216277654,0.0803048238656977,0.0599972062575746,0.291567872489881,10.3567530390926
"442",0.22525877737668,0.0977277904192239,0.0726163959772132,0.136943736692261,7.30145227592569
"443",0.173791658060853,0.0643232265344813,0.0474010240041537,0.446186465045537,4.7306010409192
"444",0.168806457570158,0.071990841060513,0.0545337369663983,0.208838420254388,1.792425617931
"445",0.14896347755698,0.0880675756666084,0.0715088564172682,0.154896607472933,0.243267234867878
"446",0.100172593512959,0.0966446740060762,0.0550120758535915,0.369192126297069,0.449750676155333
"447",0.241123014467597,0.105789286468519,0.0807250569691706,0.0298164607820004,2.02753472748249
"448",0.159451114190892,0.0818324824047952,0.0533410467200578,0.372223295819163,4.2305533199134
"449",0.164678117896515,0.107289247239053,0.0757011489658126,0.172713099253227,7.38039365267739e-08
"450",0.239400061186178,0.117877163016311,0.0876461934635389,0.118973268675528,0.349377005427506
"451",0.145125151201551,0.0838192793957391,0.0552827392092892,0.153644714942915,21.2173150145808
"452",0.228512578724157,0.0889896919813224,0.0557943595820176,0.133675026117692,38.4682549584331
"453",0.274345479919715,0.112578292553501,0.0829214523852801,0.125032571030133,33.4191448973445
"454",0.206883329719522,0.0912865886086883,0.0752761863897542,0.142659664147782,1.96904989105437
"455",0.164419024780298,0.0323175664899506,0.0422888547064281,0.178283565351096,9.47128330225843
"456",0.156450018502966,0.0918622586217619,0.0574611321529548,0.591425120070728,4.74932003020962
"457",0.334913528983298,0.13255182926198,0.0789725860000604,0.153230858280547,4.77689700074499
"458",0.184832610467475,0.0709416722492773,0.0490401928015748,0.360371701307143,0.627121716014814
"459",0.239153294845154,0.118315613524171,0.0820566108600164,0.0474198151361103,3.87839055732715
"460",0.123809931916612,0.0934990958125712,0.0713951478066747,0.011141680813521,8.83893122941375
"461",0.154230999780116,0.0759136603858785,0.0575420461422799,0.57782993495791,9.23889655149688
"462",0.17185877720595,0.105626411459717,0.0650229711483195,0.546812627903855,6.34453916026731
"463",0.135288087931855,0.0798336746860692,0.0539167923126708,0.175320770914248,2.32211400618222
"464",0.151936171454378,0.0710031837703856,0.0518278334139877,0.326999052211456,3.84846778617804
"465",0.140744385643014,0.0764387098579826,0.056301028284898,0.373227860516324,12.2993231277099
"466",0.117313014113003,0.0875636300082271,0.0599834210199091,0.0690379628794078,7.75384900918278
"467",0.10796021362987,0.0681401524608899,0.0531112872881195,1.75618529134249,3.06815152340211e-07
"468",0.168572807832099,0.0720609880929152,0.0549147769857394,0.278605933399279,2.58911247746733
"469",0.152052601601779,0.10662055171944,0.0709139712133945,0.421274343126249,7.48495487341851
"470",0.136756677397284,0.0774376378078782,0.0560962626483465,0.219246620193225,0.399731670232567
"471",0.205476447726948,0.0992627735985654,0.0659114785564638,0.056398828736068,0.360836250351301
"472",0.135717719584317,0.084108798625452,0.0551776028283473,0.41329829945647,8.11697282412279
"473",0.234374428583082,0.136684314925215,0.0717482911128118,0.0651404296251981,3.45120988049495
"474",0.260349741053932,0.0872545766045327,0.0626632866072448,0.258914234476323,0.306002033856551
"475",0.104376476395087,0.060820945256719,0.0511381896452428,0.341613734695124,2.75404113204827
"476",0.159533975945736,0.0805031158055556,0.0634360508251215,0.24550137790344,4.0585985562981
"477",0.193486745049236,0.0884089782318881,0.0679875226513401,0.169361174577348,0.439636660388031
"478",0.169609333031346,0.105053057890836,0.063396693182901,0.164352541817651,1.76671428970438
"479",0.102710602921523,0.101280170921529,0.074095136551268,0.299232449049723,1.48732858246984
"480",0.180866790452856,0.0950037496509626,0.0652747533759186,0.080517826195088,0.325179526504951
"481",0.116946768471663,0.0685485844521555,0.0491621721990417,0.479826477899419,19.0674722558371
"482",0.168221724427828,0.0790587890481658,0.082679559892015,0.490223029821486,12.0323449582796
"483",0.147308405362,0.0759538662598755,0.0549656450107004,0.365255927607527,5.0819605785771
"484",0.271211609654592,0.0965579241282468,0.0647257616508204,0.0952129506423856,9.88331556605518
"485",0.262008550126824,0.1406420552289,0.0950103143937904,0.176548643228297,8.42379903884751
"486",0.15774884623129,0.0895036300625767,0.0748241487986839,0.404619956179292,5.67593309389633
"487",0.145421694074362,0.0421332720532468,0.0459528104422298,0.0423535527784145,3.73331844838085
"488",0.174702287793181,0.0945190946830543,0.0589621790728192,0.166510955103919,6.98425608244475
"489",0.223430852615745,0.0950007158881501,0.0656593323386499,0.137834322667808,2.47262538799161
"490",0.287647935296509,0.121991898546018,0.076725037914278,0.0417901769077327,1.52255094535753
"491",0.175488470585476,0.0985868633600314,0.0679500171338126,0.146182655287209,0.551202820538421
"492",0.17253251353862,0.0872623776959448,0.0654699618842355,0.257493341674192,0.660769569325111
"493",0.205448162508488,0.113566864499573,0.0763391096239406,0.130418167134315,5.82941770907698
"494",0.347000775205441,0.148023573847523,0.0848532414662398,0.0521639378891786,7.23238553175714e-09
"495",0.170923643943944,0.0736009741048043,0.0484076221552288,0.389585029538436,20.1587612891682
"496",0.141854125609368,0.0739189949104248,0.0535152459845314,0.902068329751088,5.30555487500149e-06
"497",0.203847320803759,0.10230637792249,0.076281803328327,0.0829046719745779,3.83192019647186
"498",0.169284741295244,0.0724394078195672,0.0588336129743623,0.187266983818341,2.54453584507306
"499",0.113363421096026,0.0711428183336958,0.0547883689093058,0.129447017289306,4.67305200249922
"500",0.158893571366489,0.0928400457786514,0.0554560151340441,0.131910486204605,12.0125107606286
"501",0.245806895973829,0.0898706512889487,0.0710859512666354,0.306464322589871,11.8809460291871
"502",0.174107147541174,0.0803615843254274,0.0705684737772102,0.3065988074531,6.14918793640394e-07
"503",0.232806628168836,0.0951953626104457,0.0790993546438005,0.0231400464437715,5.63267110345475
"504",0.240428666096702,0.109734439780608,0.0652649188354621,0.187476200266857,1.59916797115534
"505",0.168770104311478,0.0658494312159815,0.0532367544039277,0.207097719062822,2.24636746612805e-06
"506",0.120810193655567,0.0720957039795155,0.0517940023091134,0.494822745402101,1.49797286666526
"507",0.121428828574852,0.0951453892742323,0.0707308617917788,0.232906145353026,5.4313231932334
"508",0.133042652274531,0.0931078957343647,0.0688053186020678,0.327054380770659,6.47428275831271
"509",0.146175679783205,0.0811416684904003,0.0609845865844055,0.277247623303908,4.49020141577571e-06
"510",0.239800278378903,0.11094059520992,0.0647741500874794,0.088850983459494,7.34296094779643
"511",0.170638291371118,0.0844107905982036,0.0506366161820539,0.125671457132963,19.5882032481865
"512",0.228970604011142,0.113200492047876,0.0835960773716842,0.269488806775703,18.2183510985808
"513",0.147121123559757,0.072228298923414,0.0604052670543989,0.303229607462692,5.14397266912234
"514",0.14845847511098,0.0710819770293514,0.0466551120685169,0.30398473518298,0.751932935709077
"515",0.191523703264923,0.0769786163035663,0.0574212489062731,1.02500315041024,25.6158143140735
"516",0.131571439227416,0.0882482199470576,0.0621695784021486,0.203034473282755,13.0287325042297
"517",0.225543705797609,0.128264664412636,0.0703446430250863,0.0550947262813115,23.1320761806969
"518",0.238211629940572,0.122451532881179,0.0816688171406271,0.0488365719278694,0.646633278997217
"519",0.263343874231686,0.120664773431874,0.088100705465385,0.142443994596678,8.02423468090517
"520",0.126988238460846,0.0945257577346356,0.0652258747294199,0.152692925456712,1.26430409704778e-09
"521",0.161435020224077,0.0933010041145462,0.0632037400792285,0.293473096186822,0.400103359349873
"522",0.210733930103678,0.0944495094948845,0.0777812793414867,0.031555825778289,18.0680965541463
"523",0.13534430335413,0.0716786013818068,0.0576970552308544,0.24037191958493,1.61545329017749e-09
"524",0.213714538951492,0.122690794889236,0.0689271045574859,0.103609821679836,9.0991702333027
"525",0.142375503861207,0.0964151033477533,0.0611928642333547,1.23018711343336,9.41946810242472
"526",0.157474997530466,0.00357840730418187,0.0366508546036761,0.236036906550244,9.57283419721738
"527",0.145076025840822,0.078144565141985,0.0543033818995565,0.272947582476688,5.20974993150641e-05
"528",0.159523698137886,0.0706583830807067,0.0558476867537886,0.131856941379897,6.55515854107123
"529",0.273523747269277,0.0996582798597795,0.0788587420332605,0.169760061754323,2.17871389889745
"530",0.230705868621416,0.0802405163868093,0.0631477530832566,0.0956742022916936,10.7361643659477
"531",0.131951522205372,0.0817979579114178,0.0522633337384686,0.204866687192876,8.57494320213788
"532",0.212340941055085,0.157014890292411,0.0854468394867365,0.0064161724397592,0.000536724769316923
"533",0.237711364045392,0.0805232584804752,0.0612934149570248,0.323729720859688,6.51410456543978
"534",0.135544735276097,0.0739040404274248,0.0576926400317263,0.300050298916682,2.96052371579052
"535",0.116514632382941,0.0598581114333068,0.0517789242021205,0.721716747659433,6.58021205019377e-08
"536",0.203977653692163,0.069693814799732,0.0622662863995932,0.0856654066181749,1.45730128397725
"537",0.211893795915588,0.0799862593199128,0.0669743589903733,0.224996281099412,2.4657625631622
"538",0.131752998975312,0.0700142868204854,0.0510048359400404,0.399612305974504,17.520096859642
"539",0.111113177451122,0.000937651922452435,0.041828708397515,0.119892821960473,12.8135276234103
"540",0.128793522793093,0.0766179249076069,0.0650276666354248,0.20542661291413,8.234696035097
"541",0.181945662028326,0.0966089813430229,0.0579127745768849,0.326579445141893,11.533805456828
"542",0.201024728415848,0.111232564544966,0.081024218664397,0.349736597647474,20.5254945444888
"543",0.287839560988348,0.107863034236364,0.0751846632392786,0.0613343854794484,1.38075006567239
"544",0.158789418442918,0.081052399446214,0.0562675466692848,0.244170184974732,7.31713295075794
"545",0.181338660189315,0.0056490994547771,0.0461636896783658,0.0718872664141999,1.4789457983786
"546",0.157882302253109,0.0703979551985111,0.0650764810008359,0.223811304549611,0.389660555050362
"547",0.138378873995343,0.0969020849729063,0.072306159866996,0.445540084639866,7.80035108049648
"548",0.156456032393347,0.091763541174209,0.0612231370940959,0.272004852157364,4.28615777852604e-08
"549",0.00220403748369417,0.00134565291797346,0.00104724972924318,0.00701077459993158,5.18462141580701
"550",0.0982607524402753,0.0585192962298139,0.0580981563511302,0.053829984729194,18.8673569771675
"551",0.204777591532953,0.0835384502505236,0.0552381745695724,0.145030694829921,1.78939582560618
"552",0.202302042178353,0.12486156553421,0.0813347654603522,0.217902405649648,14.6691496896691
"553",0.128720185057004,0.0778472829386399,0.063570309129547,0.459644662757133,10.0735734586196
"554",0.171651276299109,0.114945989975787,0.0778566808143171,0.298337058982179,5.75960070208342
"555",0.100316964739339,0.07213837211144,0.0503800940745114,1.1161741743126,11.5472045542304
"556",0.205480701275053,0.111623596279357,0.0780009331699259,0.246250418085183,0.684268887045954
"557",0.2072594558361,0.0774218374700492,0.0594585173227017,0.183369562542686,19.7449643729789
"558",0.143746060497274,0.0958376275808221,0.0578780442706284,0.109505256042229,1.42492166844323e-07
"559",0.137199992492219,0.0756647901582589,0.0642511330787565,0.885756635646372,17.1161560654356
"560",0.0911846347273093,0.0606897541753634,0.0424208258907064,0.446720363371838,3.07258424438574
"561",0.139096158343776,0.0680017118984121,0.0497991731356023,0.623695576079635,11.8654754445012
"562",0.102041963776516,0.0651830691769301,0.0436313645315987,0.526373344055278,4.94154751269983e-10
"563",0.0940987389167685,0.0552397861185506,0.0473582543943305,1.27389617118118,14.7107671907754
"564",0.238960031750854,0.0949455736139122,0.0674051151886967,0.189168963312527,1.98903672468411
"565",0.321254764817532,0.157400490735421,0.0991387349148134,0.209115982034541,3.56209983080712e-05
"566",0.148882576105696,0.0786974829995119,0.0644641836969788,0.283242948078831,2.00376230625353
"567",0.173069323676421,0.0911831555375506,0.0654859771710705,0.47186927075586,6.67020148600347
"568",0.28649446167477,0.126845753546713,0.102941238860503,0.0300762805779625,0.192278233048945
"569",0.184771908629945,0.0928609845439096,0.0612886648728403,0.022978860152681,7.75674313860202
"570",0.12401585040768,0.0666078677779107,0.0507356228948833,0.362798372879161,1.14304819033202
"571",0.183769518526992,0.0939469670555083,0.0777540963347763,0.022974765999019,24.9370593226439
"572",0.19156923864115,0.095067942396562,0.0808261714870327,0.235050530320292,11.0172178600221
"573",0.168383477727707,0.113321401175074,0.0685055393190601,0.442833851292684,14.8842786795412
"574",0.276152809812975,0.117923249919582,0.0762770154202875,0.152700150284031,14.0192562596777
"575",0.192840232799674,0.0971933003794116,0.063300616433458,0.164947674615165,2.14737520491422
"576",0.327692997761374,0.116799608065063,0.0794850741298373,0.0643170610996781,31.5143916569106
"577",0.136941815270324,0.0845534793225656,0.0588296566603,0.523475725904709,1.17591588596733e-07
"578",0.0911448731777609,0.0725404971753193,0.0445532533786989,1.39728315219351,6.7365069769521
"579",0.32340462768561,0.121268217908586,0.104313378648917,0.193318186080448,18.279041278671
"580",0.251117519450868,0.108834327715718,0.0785516673040575,0.212051705991878,3.98629920018079
"581",0.121115758870276,0.0845841853609205,0.0608217971459725,0.306971758859903,7.10584086481942
"582",0.152362819683006,0.087086823847561,0.0634962388065932,0.334839336390874,0.659950933873191
"583",0.0986916537596168,0.0649070370861013,0.0500144821898112,0.308642287581613,11.862809045799
"584",0.156476745287353,0.0745968777992332,0.0614950234298774,0.281090215199733,13.2911953525572
"585",0.165771223899819,0.076161347077916,0.0505798273738362,0.188613403347218,9.49340800991924
"586",0.230588995941721,0.121058096453384,0.081101074694788,0.19082632453978,1.9617866154059
"587",0.159185956273131,0.0819305661769749,0.0536883231562769,0.181558465121687,18.5212950609388
"588",0.231412598743343,0.10638417252035,0.0817257059327769,0.0843788400918538,6.99777770553139
"589",0.171294664967422,0.0768353467424999,0.0728953292137264,0.312983563418739,0.395071299105113
"590",0.220956775812949,0.0899172056721405,0.0687248859837666,0.0671962867527183,0.471991281608189
"591",0.212655026499378,0.111394275185406,0.0777593493196477,0.283625087787219,6.73002053415424
"592",0.117753811080395,0.0984223479004673,0.0666138601640653,1.96886062326551,13.2709446852702
"593",0.215273713499904,0.0967133928268,0.0673857863014812,0.16960199467236,9.70995764996482
"594",0.154576862433732,0.0725852243360766,0.0611609606764481,0.321586693710243,5.07253086067593
"595",0.160827417360038,0.0827303242565378,0.0630377671572976,0.113188603362235,11.28253104748
"596",0.164651921922507,0.0813207502082009,0.0690897260581574,0.309480267621212,13.6015295923147
"597",0.147491539528354,0.0911668816355845,0.06825170848754,0.530043236384817,5.54327686806717
"598",0.144077180222971,0.0600787274847248,0.0440807360532029,0.982937255140286,11.5249132900842
"599",0.168017324529294,0.0971392863853244,0.0674315216274897,0.202654113490592,0.399298016998515
"600",0.11246234443047,0.086754919444413,0.0579609445827534,0.846417684276791,0.651356351050119
"601",0.131971569611659,0.00217393644365274,0.0428688242641734,0.110828297288127,9.31121310387597
"602",0.115058467726572,0.0871445983144939,0.0666946136182913,0.0920052629521868,2.57311350130877e-12
"603",0.108184101778271,0.0844513024103833,0.0529220930260205,0.702636404112647,8.12234596050926
"604",0.221176313426131,0.103150640988778,0.0875875503008613,0.165305524058466,3.13532904754021
"605",0.236352178552981,0.0849783098217608,0.0691838624223792,0.0437092465158974,0.569325244557388
"606",0.217654204537314,0.0864134906358591,0.0633339513596454,0.127802292143465,17.017957057932
"607",0.107929833887674,0.0726312862883975,0.0616309437625761,1.02379570451614,4.92412937440332
"608",0.128979431054637,0.0657917420353466,0.0464206141365304,0.691992836361693,5.1091707263234
"609",0.314591669736291,0.139490687575094,0.107198714916747,0.0443996664774388,3.17077729698544
"610",0.17754013390775,0.0824859895644099,0.0522584843873726,0.242229264929811,2.64914229409484
"611",0.336847745868512,0.152444450309566,0.0972842841328027,0.03560077167751,0.96479123914319
"612",0.415247181762605,0.121372812191084,0.0961653484586245,0.0230823401470523,4.25407401840324e-05
"613",0.232560588854887,0.12027614312862,0.0718741362282258,0.104974569464453,6.68616275657945
"614",0.160489055529469,0.0774134999510687,0.0577151769955873,0.180854746434452,11.360099315126
"615",0.111747926791093,0.086373825404593,0.0710767374019099,0.192850958205742,0.654501375050002
"616",0.235066751137426,0.0838752074872513,0.0547094779327029,0.110878623493467,20.4704476255603
"617",0.335896951797977,0.134078821644602,0.10121723657014,0.161469248612541,22.3787529155723
"618",0.20078365907746,0.0760751528471553,0.0817214496935017,0.341867605394864,31.5549066948061
"619",0.174302286460886,0.0739220584558484,0.0686043824058529,0.429586484754283,2.32433256561667
"620",0.195712908806119,0.0986415518162723,0.0666276673835924,0.164742917680739,0.636911473823594
"621",0.148891872323589,0.0773362661336556,0.0534955739772969,1.00092365491229,0.636438266195907
"622",0.155261814416338,0.0722148398854,0.0612367512010144,0.190234028348909,0.417001103293606
"623",0.134200152325485,0.0739142543977251,0.0549523819122571,0.281417970312584,3.94218469787465
"624",0.158579371842751,0.0692565607581829,0.0599279067758688,0.320675986011416,9.78596538612835
"625",0.106358931622763,0.073646506940635,0.0534294248150428,0.497959373064613,0.671313336172566
"626",0.0928079428888224,0.0837214812072239,0.0553812412211944,0.360165387589461,5.18521822622537
"627",0.222537080904632,0.087822502081859,0.0761835967522605,0.145282013431452,2.85224838679182
"628",0.142736869829695,0.0644053384173086,0.048940458767124,0.278737691763795,16.9901131973932
"629",0.123342790835192,0.0748556788570544,0.055428109506976,0.841754450579761,8.91078021020987
"630",0.216750279829957,0.0992750542506073,0.0671558246770687,0.0708218903963055,28.9603921920323
"631",0.213407908231092,0.101779705974137,0.0657999979377003,0.126228757065623,10.5701994101966
"632",0.195090288346637,0.0761155312173064,0.0686355574766239,0.320194000937641,3.98001903791987
"633",0.107490106483358,0.0752321086163731,0.0556181261265427,0.334310771783078,10.8358305414207
"634",0.268639494475733,0.105738710084869,0.073660162354971,0.120645742635504,2.52615273523851
"635",0.108101486853427,0.0627434125660842,0.0444883846096526,0.580073125693151,5.77580418475226
"636",0.164847512327818,0.0756781398084856,0.0564907435792247,0.376770331415693,10.9360081582182
"637",0.329558110875887,0.140859160391768,0.0966887634219226,0.0297169048401953,2.42857469533107
"638",0.17174160346705,0.0685649492469833,0.0550494469051385,0.188386507185262,18.9290279921647
"639",0.120593917292273,0.0692549213696065,0.0506738221186785,0.752028659498255,7.62613204345118
"640",0.183985955250056,0.082599255777776,0.0745102085849315,0.128678521491888,9.76282004146598
"641",0.19907297734939,0.0952313902846941,0.0786656669925241,0.114476999079439,16.7408120633274
"642",0.142054385636619,0.0891030550061981,0.0525791087318109,0.238263908266757,6.90073058872362
"643",0.155714389173144,0.0961012989606843,0.0703489453417169,0.187321849898685,5.87757269018829
"644",0.172859473677684,0.0872592537443337,0.0585258166064004,0.224503184948084,4.12051641169879
"645",0.172669955356568,0.0868734675430766,0.0685113732725596,0.227464681962517,0.199146669552028
"646",0.175463287457481,0.0820998604437539,0.0612744821078532,0.325266522881024,5.98717242037994
"647",0.18855039483942,0.0788517964737769,0.0581527896930282,0.262998203061054,11.4992247353973
"648",0.123747410814366,0.0831976927511841,0.0590335647085762,0.16023381102147,7.39863520026241
"649",0.148482720532043,0.0718747844232262,0.0579084283632417,0.154688914765101,7.36442708834295
"650",0.147452690480296,0.108403562770684,0.0701736903133902,0.222902772214153,12.2522721981817
"651",0.175661041146439,0.112496273577284,0.0719789590402121,0.0800795601322924,5.41996231211525
"652",0.315908989699493,0.155099641648865,0.0964331626122035,0.0112871499419646,2.32627055769131
"653",0.196826776132443,0.0976068096107338,0.0605036657751308,0.0805759394044213,1.6270405614594e-07
"654",0.124172533992016,0.0891255133229834,0.0724562662018264,0.169628561912499,2.51546840684499
"655",0.247226437024698,0.094724389821192,0.0914598835330645,0.0132807526243517,26.63036672545
"656",0.168392652150328,0.0771398465067141,0.0592536130571083,0.398136830904486,2.50976865365433
"657",0.108093608180228,0.0869120511014627,0.0658277662320685,0.737900312979619,3.14531008332799
"658",0.174092050878937,0.0686969207277228,0.0671655953714836,0.105596908981745,12.5269741976125
"659",0.14873374813312,0.0700612396920847,0.062097897275418,0.856410223642323,20.9290920895159
"660",0.199556294453879,0.0966962783192287,0.0758132580078434,0.0953533139136388,7.85340515569093
"661",0.152734543380286,0.0743057739749528,0.0474879298305557,0.840688330085905,19.3894504073675
"662",0.214912664086578,0.000429402688033326,0.0551875423844836,0.00762629602420547,5.2345094579304
"663",0.202206943553582,0.0835022212092792,0.0593521130812077,0.225758622318158,2.21612703075701
"664",0.155045722103938,0.0809692614661183,0.0544766737966638,0.385457741280593,3.8173494150012
"665",0.300371689557459,0.119774745467766,0.0698081211332489,0.0212727985727245,1.29198177829544
"666",0.153758328101736,0.0566298985673843,0.0438107519323514,0.298613098862842,18.6810514859047
"667",0.517902094276774,0.141590208240875,0.0962692060546511,0.0544795576929778,11.1405775310635
"668",0.156954112619456,0.0862888535597568,0.0630275013984535,0.179660018829267,0.904925615446053
"669",0.222371309989034,0.11352708787541,0.0765091844323257,0.0700124212649069,4.64415048955274e-06
"670",0.274071964792956,0.105802212206212,0.0749160295091977,0.0442266371285228,1.86077703604742
"671",0.198396955119908,0.0774355252177755,0.0565472945326114,0.356311938676243,2.88832545665277
"672",0.132334746413705,0.0996940795592006,0.084988579130616,0.743702290038566,6.53247226700359
"673",0.330569178029385,0.11840807085984,0.102288428110993,7.73832588893491e-09,21.2710493023959
"674",0.242680823338996,0.00271637368198635,0.0448649560291492,0.0387018749092994,7.0596853049789e-09
"675",0.147183543657874,0.0936980577527304,0.0579382705144642,0.338427287172749,5.88463380847304e-07
"676",0.215111614644985,0.0898823410915901,0.0619081777735751,0.0906434929415914,0.186088518694896
"677",0.125145716004202,0.0692894309181042,0.0516893179790917,0.77852580521638,35.6633930159118
"678",0.137643147036694,0.0701143623441556,0.055974384154695,0.117067680248831,0.281690223049905
"679",0.229931106977523,0.0927113457491121,0.0659703708479813,0.0862762746264629,7.79512665024159
"680",0.168120889804034,0.0895273994999406,0.0631768825520384,0.362793192754649,2.35497697596771
"681",0.113823611959365,0.0750407962277944,0.0627556340445548,1.06324486597965,4.94568302119555
"682",0.0903352093209727,0.0733239122131048,0.0536136924103663,0.534897707369994,3.63019643440968
"683",0.215492016360372,0.117927653513784,0.0786674294836002,0.240594120047602,10.9034692067576
"684",0.215828415541492,0.0870703989487796,0.0712902790953319,0.228092182073329,10.7320358466295
"685",0.145611375036629,0.0759030688563183,0.0553888383127557,0.454318631279356,18.3971503087578
"686",0.199379216408123,0.101455762340984,0.0671722205930956,0.122525435563452,0.461457477310447
"687",0.132694251509413,0.0806497528678369,0.0486653142195875,0.573117370523435,7.62518119292253
"688",0.2362756719383,0.110126063180092,0.0799829251312276,0.267805916500971,9.41117864231955
"689",0.136465610504892,0.0903045118679211,0.059060244011878,0.778240283008135,1.84395115333586
"690",0.0992408028839416,0.0658448098637062,0.0528598855990793,0.392890147260438,1.72118170864745
"691",0.188090974278322,0.0673542712401533,0.0566002997238755,0.300742905615791,1.3963243359693e-08
"692",0.172961212136387,0.0733759436648376,0.0524903053584839,0.401796489003549,0.527185785388822
"693",0.180159195953221,0.112433371225653,0.0628402084078444,0.213170351034242,3.3157005819813
"694",0.122327994642047,0.0710144128835955,0.0475523530645682,1.50367986879214,19.8687926058893
"695",0.136494462800181,0.107828306568656,0.0749761385078937,0.847043421787409,7.8299907261362
"696",0.180717444136631,0.0716735268311035,0.0530719972923077,0.490431543054126,11.7077973884371
"697",0.222668393632945,0.11022767821859,0.0658128150668642,0.22416148812039,7.37912383141144
"698",0.14261280150851,0.0876030330807493,0.0641570912895402,0.155065908911313,2.65490533735231
"699",0.205345054903107,0.101064226449345,0.0785681179391244,0.234347619438367,2.34694404200513
"700",0.10156807837483,0.0632384756650853,0.0500636570803838,0.554432775739342,7.48341995413318
"701",0.224842281500785,0.125868897815849,0.0764974947273563,0.123985014728716,0.393648410260653
"702",0.182913202314009,0.0861007903688229,0.0639815289908176,0.362861713604466,0.511578584045135
"703",0.165090224151319,0.106460671044427,0.0695740668389744,0.108989197109007,1.19818174427832e-14
"704",0.205029881857238,0.112154582132288,0.0709135502126008,0.0871425970295391,11.0154548199324
"705",0.267429282162586,0.124712212993447,0.0684906168031007,0.0758595570682729,9.71092412785261
"706",0.203044467622752,0.117134797953264,0.0663832903003687,0.156524484514742,2.59633264456098
"707",0.159001946286647,0.000643589613748424,0.0465740312798615,0.0591669849578899,3.49944510618131
"708",0.321335381802778,0.140081090418087,0.0847730927838203,0.0182915724655549,10.2671505625698
"709",0.103071184899247,0.0746243922835284,0.0543918592911171,0.251129262385391,5.82670838855569
"710",0.166554377997761,0.0675695081656666,0.0502251218319607,0.0676179735433095,1.07424922111593e-06
"711",0.150738415546805,0.0670025494492142,0.0494056284636072,0.199892199067252,1.90124415148442
"712",0.345669674761869,0.143234674248452,0.100484209006401,0.0468793851329741,6.55724764811919
"713",0.153230836796821,0.0856283553452202,0.0589008989564998,0.311540541664568,0.591050246851305
"714",0.22627047909647,0.0903831269538923,0.0718863565829498,0.151356930546779,16.3583138220266
"715",0.208244721839724,0.114250033465061,0.0679834613767723,0.19414606963047,0.836911958025596
"716",0.236557432083847,0.225923246899513,0.111448396916985,0.139620831579844,18.3326001953922
"717",0.209500642908733,0.0992901781360694,0.0830480505276338,0.178558384232857,11.4280928555525
"718",0.131514237625481,0.0726188557742045,0.0521502910154667,1.02251369869045,3.77448086777323
"719",0.236943188978217,0.102398038597428,0.0631178820248292,0.0349962495450466,14.0272855088254
"720",0.176860456550909,0.115046868872445,0.0754014359747447,0.0932620478293359,2.46390133875931
"721",0.122853151399431,0.0586528130734735,0.0587908327798586,0.189227711299072,36.9723666600366
"722",0.194247937874347,0.0810756729284768,0.0566631526198616,0.158178370776333,4.68166474182375
"723",0.151110160857675,0.064800037938589,0.0487097110699212,0.201418788894424,6.16797105404753
"724",0.234407164685769,0.095606291628711,0.0620104258552361,0.111363243635763,11.6337525144788
"725",0.181723842584178,0.0853535762681864,0.0602666603476935,0.174354686035117,9.86477088763557e-08
"726",0.192195082412107,0.111753855095378,0.0696943656609245,0.171268222140138,0.204868536422734
"727",0.241277176976992,0.112568060877594,0.0812314186512958,0.0967962166735429,4.38665705126254
"728",0.142626317293695,0.0696690734227227,0.0515566170476011,0.398755718663488,2.25489694701114e-09
"729",0.157189349395897,0.0749014340257611,0.0491755273929633,0.21799939818887,22.2538760889894
"730",0.280673663599975,0.118550204074084,0.0750506309942045,0.0581285089871321,1.98163838851512e-05
"731",0.252022823463821,0.0870491882730382,0.072268932774119,0.16925717155021,2.09010648886783
"732",0.258637711470553,0.115266990750164,0.0743220431704821,0.147499119125128,2.33726540298254
"733",0.155172580719703,0.0856863374468332,0.0574137316789216,0.163745612094422,1.46597118251494e-08
"734",0.174653625766017,0.0833430101440683,0.0537523705028694,0.408766380042824,2.35417148038649e-07
"735",0.184230132452183,0.0855833676929732,0.0597536090194533,0.344600172405488,5.54944632404423
"736",0.213821429213242,0.088552681412153,0.066854663840136,0.0880108490164326,2.30485322128693
"737",0.132883695570262,0.0704845779091862,0.0533449819826944,0.836913421348847,2.13578059084203
"738",0.131430097422975,0.0931754351955121,0.0657090386123406,0.380954643697032,2.83871983345316
"739",0.0985834120247837,0.0588757229474673,0.0459752102836212,0.882833191294006,2.13782929143554
"740",0.214250607660539,0.120556447737756,0.0804105440970636,0.0850429349134923,37.9110244893959
"741",0.116663518994733,0.0741539007495191,0.0553946075829905,0.329773519988855,5.37647352568641
"742",0.118900739212688,0.0676173777945864,0.0625069027619122,0.167356943328514,2.55146285323723
"743",0.31549330399637,0.112307859906739,0.0935850529123991,0.205281286526203,0.027938726865938
"744",0.172519640960415,0.110045620243022,0.0958592348709923,0.376351513076113,1.56114769098474
"745",0.139575028420813,0.0828359958617159,0.0588323545537266,0.443515345114321,2.23420085522537
"746",0.145680312603173,0.00505353491049217,0.0420438514575405,0.11379704134166,1.69236877953243
"747",0.133754675300149,0.0710919231044296,0.0598923785104826,0.243930362432365,5.64542999792067
"748",0.16406492840415,0.0987960254232288,0.0625995695404327,0.167479320207555,0.818675120042754
"749",0.106124334756019,0.0877792036631529,0.0592322967474823,0.603240143608421,13.8222624224048
"750",0.239002285980414,0.135486529705429,0.0910871186103902,0.0498858922622797,10.0127202357809
"751",0.18996061383129,0.0817434900953937,0.0554893219702984,0.196719006704697,2.69139930106047e-06
"752",0.28444660236251,0.131482116936999,0.098306612276405,0.0301314403514097,2.82100612612147
"753",0.273873466065136,0.105395142421862,0.0839995812290922,0.228828042005909,2.69067855926354
"754",0.197556967997607,0.0823887808859394,0.0646595385943976,0.158901082723239,1.45176894487565
"755",0.44170194368845,0.205094134473683,0.106356424545608,0.00305172401517472,7.79654455583207
"756",0.232369925795365,0.0878046697398484,0.0749082578478258,0.284148822281015,10.368515095816
"757",0.159261477469129,0.103097191670708,0.0667758998145709,0.450233731187212,7.74358078131995
"758",0.145617846890455,0.0663460430503151,0.0585275652638051,0.468741401596085,5.71649528942647
"759",0.19331487535678,0.102325600633105,0.0701761182245267,0.0419269423281675,0.0558952800957812
"760",0.224396166412443,0.0826366698094808,0.0686177225793006,0.151623268294427,39.2285223888936
"761",0.170658683493714,0.0889850968080495,0.062022046267549,0.48024353596941,6.10002938218442
"762",0.13743788653532,0.0727862739880886,0.0541156151774681,0.676052874505679,2.63354695357482
"763",0.312505376441139,0.141512518816241,0.0800707618855356,0.0617069392477374,3.27907606617732
"764",0.232232625106786,0.0894507769146508,0.0723525843189467,0.175565257956627,0.41304358977576
"765",0.202747923289181,0.0999927935803315,0.06267603302269,0.150888919491521,3.92011279243614
"766",0.201311996909915,0.0732484073068251,0.055646454715689,0.192324566444047,0.443675464433569
"767",0.19409043099967,0.00106041997658052,0.0427567365879709,0.12860999334687,1.61471972209938
"768",0.20822449140155,0.101382769169491,0.0744295556413189,0.0551106986946153,4.49096317030341e-09
"769",0.198159123479938,9.20306828926548e-05,0.0512790580121636,0.0068599777432466,0.937293535757277
"770",0.188059923328545,0.0916943041894669,0.0850664773306728,0.297487818883439,9.53577704663581
"771",0.210723795816911,0.0993310092222567,0.0691577405711289,0.0569928963988225,25.2309353117044
"772",0.152970823938792,0.0907651327332126,0.0649267407985656,0.300704938533075,8.33623548530676
"773",0.128573574264897,0.0824315694923479,0.0648553586628401,0.0996868815571249,0.1596052424729
"774",0.127882876734888,0.0671535737742323,0.053649940729415,0.109709136027054,3.7215158215046e-05
"775",0.268935261322078,0.110199548624658,0.0819332280688737,0.225723584238211,0.423064218996084
"776",0.195112508128811,0.092859527943112,0.0677599921279732,0.169166661048144,8.07533865198444e-05
"777",0.14587092940567,0.0849696446503703,0.0643193904785992,0.154053770629489,0.000454970183903925
"778",0.0916822908967693,0.070961861833626,0.0493459246103482,0.330864197861173,14.5667781472156
"779",0.217833688077997,0.0756587348146304,0.0536171233935961,0.0773507596686225,0.223624304011115
"780",0.193696718814542,0.0912228868488546,0.0743087293686569,0.139405079656073,0.288527021506919
"781",0.266898401532911,0.105628483268491,0.0628524687886199,0.0710818865223707,2.00863637642869
"782",0.156883040667694,0.105243660864578,0.070136846647354,0.598488125386311,11.3738609879149
"783",0.214098176338447,0.139884711968483,0.100371639904688,0.102414993543846,0.824482711452296
"784",0.14060876829663,0.0710114398069241,0.0573585074871992,0.246700203545897,6.63674799223411
"785",0.0789225662036054,0.0627097298622404,0.0466375063382342,1.71487438557348,5.19369568914598
"786",0.197776813587161,0.0891098603506782,0.0663722932253721,0.0399106666694001,2.55313247240198
"787",0.12433042597377,0.0640240052719654,0.0518755050877479,0.555348486243197,38.9140404225105
"788",0.132646172703466,0.0765316185751736,0.0523624574858371,0.356552253268381,5.7699270743622
"789",0.199432351367698,0.11362772245247,0.0577669928948894,0.233148257742728,1.25683997143235e-16
"790",0.0845450083472331,0.0680466506731675,0.0451192681795117,2.59639455101803,3.05497931487767
"791",0.156176441030291,0.0907282836457631,0.0695569490865509,0.0934950161316897,5.18552896152626
"792",0.176064558300533,0.113636167835166,0.0611494147948955,0.530112656109177,8.44237441100465
"793",0.41289362202075,0.29584593823232,0.13141583792984,0.0676514783857668,17.5907962318853
"794",0.101225862258571,0.0589626666408468,0.0369579795412826,1.70638198427998,22.3715030416612
"795",0.178232647165783,0.0022096867751921,0.048517094980519,0.0753313311875578,2.76198113925259e-11
"796",0.110085688285589,0.0631511745301315,0.0509742786914906,0.296978172564243,0.545284175979303
"797",0.0739863789083912,0.0668871266628269,0.0489977128840995,3.03474366504825,21.938425625128
"798",0.183916067893538,0.0923896652772932,0.0716737209766751,0.288787591151874,32.1929464939831
"799",0.26964877896683,0.10519000401663,0.07155483405386,0.125954525441575,4.4110545951788
"800",0.199057516511505,2.69407581408488e-06,0.0580781015695329,0.0254899847366051,7.04015010651885e-07
"801",0.11095520698927,0.0579112353033312,0.0419958016300691,0.615447481429638,1.13577938834056
"802",0.16230380283375,0.0807396351317566,0.0690862706577893,0.742473443531633,5.21023463053454
"803",0.263300408707099,0.101261113943389,0.0627549665032158,0.0676029250602995,17.6668829533381
"804",0.140666607055918,0.094397338833659,0.0543599098278234,0.333533224303499,27.5325935873709
"805",0.237946562166602,0.108990430523774,0.0695310068513357,0.0201347190440366,1.77781447871795e-11
"806",0.26275232599641,0.145453280009803,0.0940526740743177,0.161286824614498,0.304188703959749
"807",0.246093267427489,0.138893607239552,0.0740979799571131,0.0331189851846966,0.0593458721271078
"808",0.230690208822793,0.106206738252482,0.0737533140488115,0.300945099794183,8.10604991092506
"809",0.195105868887484,0.0794399710149,0.0627227865981434,0.114561561245503,2.50430139398246e-07
"810",0.142981379664853,0.0771282918408159,0.0556412757970817,0.447175536613665,2.49814572491082
"811",0.140150861922713,0.0711379571792059,0.0510843551497127,0.536044897724405,1.82992065102315e-07
"812",0.168992839701967,0.0696243572399893,0.054318912820902,0.188518825514871,2.82834229357846e-08
"813",0.0777651098698837,0.0749517358461857,0.0554636700019169,0.847153728916934,0.932746798170901
"814",0.110475169062091,0.0551428933661789,0.0513349834429717,0.500513583711888,1.63534570852042
"815",0.270429469802919,0.135612332747023,0.0810345646121169,0.0241625907215243,3.49516913990181
"816",0.153033739646031,0.089720587199848,0.0552338318759599,0.180213236874028,2.18220929251893
"817",0.218331897948914,0.0821086384291745,0.0725704156232814,0.164879965043204,8.38579986561189
"818",0.15342216153379,0.0928923721834278,0.0704676074748591,0.862052295441747,1.08212477378992
"819",0.173144612841364,0.072971762691757,0.050573308593136,0.308677276782428,5.73630999630625
"820",0.114140840217538,0.0869457575442377,0.0681186889118227,0.11127227091384,0.655607542532183
"821",0.209554959716172,0.0914564788168826,0.0571436556040813,0.176639513945606,10.5134879190084
"822",0.222719988818801,0.0829350238454398,0.0675945402359903,0.404320249715538,0.56604809138216
"823",0.142684856566089,0.0871404252410552,0.0654981495996831,0.219898226829692,0.622202730793864
"824",0.135863799455297,0.112586129059586,0.0686919032715595,0.0431596756506187,4.0015251589656
"825",0.229396661987198,0.0885175712132334,0.0618315784463042,0.0815524130626323,3.71258209855992
"826",0.0973417643339299,0.0718772380833415,0.0562884968505787,0.322475716939031,1.73159497428719
"827",0.245523771896267,0.0959636716368796,0.0691314721364398,0.0725571134575699,8.11827562641588
"828",0.230280137076589,0.0910634065077551,0.0648221458565929,0.268821614889312,21.857879503256
"829",0.122888612067972,0.104267362201309,0.0624548845662637,0.117943395611948,6.06854747918376
"830",0.12012822977928,0.0637733801170528,0.049662954496381,0.534287578250662,12.0257199899514
"831",0.226878938716783,0.141913302463236,0.0852897411076321,0.0160113574400554,6.43089679923214e-08
"832",0.115002789252854,0.0634782610493907,0.0493948053981321,0.451563008558694,6.80391433070649
"833",0.174370723610792,0.0749995378132794,0.0588999389107107,0.22501239596703,7.14416691052235
"834",0.156069255942087,0.106993922924545,0.0706356356324176,0.082983029649895,4.86750268759373
"835",0.210769180729543,0.0852240194477112,0.0669130889562398,0.0746474902909634,3.52793243496145
"836",0.145617867124842,0.0677626653101698,0.0544307122622582,0.149889429618313,3.33393685921044
"837",0.153340472122129,0.0725360779481642,0.0579100033954254,0.331232266753282,4.29447486384873
"838",0.158477760655036,0.0846407149884049,0.0627546694862404,0.124384386601454,8.13771812756938
"839",0.149299770550973,0.0658598492322692,0.0473779276073944,0.226849771027284,10.2331667061538
"840",0.137266047139668,0.0775146526262781,0.0618061747810089,0.18181414277663,8.66457511744842
"841",0.120422762710213,0.0794972290750644,0.0652357322488023,0.56990341604464,1.37396875223238
"842",0.239882930312566,0.0847016127526115,0.0567490329541287,0.295487567295141,4.02965144919916
"843",0.218699905066266,0,0.0462432117698791,0.0767479668990316,5.33589706284018e-09
"844",0.178133881601465,0.0875724599767815,0.0636486621403316,0.151481320926096,8.08816956152207
"845",0.170374174434671,0.0856387843840054,0.0734455797762563,0.173005111254351,2.31680501626078
"846",0.252943647419626,0.0792151436509816,0.0625524078643058,0.197645396494302,0.356490013300863
"847",0.137217976391443,0.0631298079659205,0.0469970836451873,0.325578871043609,8.99028466437398
"848",0.20878052444642,0.095506147119996,0.0683876551308371,0.117434400175442,0.613833142932431
"849",0.130988926922057,0.0697519783287709,0.0622532339157403,0.263597574628361,15.1242962679256
"850",0.252557153867987,0.0928254730237957,0.0659117549803312,0.0816321029036168,1.85895170014452
"851",0.264514863714573,0.102007889346686,0.0739192207704534,0.127785649548103,0.237683891342794
"852",0.142162816604186,0.0834595449405478,0.063664865827774,0.161065112702565,71.7850227020427
"853",0.164193072921771,0.117886938598157,0.0727705830946204,0.688109385122995,0.390833590478668
"854",0.237727460254228,0.110179638111793,0.0626513484233438,0.140739032696567,2.12689506171638
"855",0.183605602996585,0.0983753797654348,0.0641403743471398,0.0859090218503427,23.4588627200823
"856",0.128393622962469,0.0874575206065909,0.0570650666897862,0.183315388449649,2.05914185565126
"857",0.089914433833587,0.0827734185546707,0.0527791990893739,0.711033978088532,10.0939967853894
"858",0.1060862675119,0.0839843806236777,0.0591570041293377,0.462930460039482,6.51874775771908
"859",0.169109623384613,0.10990946410421,0.0697864683968139,0.166291611188487,2.12084319368124
"860",0.217296953797853,0.134228890547626,0.0769932819262173,0.127506075769338,2.00972860444509
"861",0.21279573316794,0.0895997670593917,0.0658400684271303,0.108651019826102,1.50656533385431
"862",0.306086470193387,0.121678077557422,0.0747291513540444,0.0169883610976234,11.8347264333356
"863",0.145722147846293,0.0783704395938701,0.0566683752911595,0.358346847840922,16.4303461446862
"864",0.244513533734072,0.0932107339632993,0.0693080561101361,0.177256956517376,11.3720826473636
"865",0.203670913603406,0.000407876594001306,0.0466332772311149,0.0187470459897937,3.02502371481695
"866",0.14798737726631,0.0860615846056106,0.0541156585602024,0.519816812975083,19.0221940871692
"867",0.191744470241372,0.0907424758012454,0.0713996355374433,0.0806668350905527,14.2637056176701
"868",0.398803778885609,0.139432237116503,0.080037474748455,0.00373271964671173,2.747486969967e-11
"869",0.179607413609238,0.103983095837319,0.0810863956463402,0.228750098648185,7.95203180146355
"870",0.172856024737126,0.090161160062383,0.0599618300957245,0.116321782628655,3.99420765786623
"871",0.21613088638412,0.0856377209821176,0.0664983921838977,0.174386591999321,4.96067131970609
"872",0.156223754872896,0.0766769070903164,0.05702607406519,0.381740358344239,3.90560021488443
"873",0.119363374170079,0.0893973683605387,0.061509352497235,0.172931670006116,10.9387160220951
"874",0.0795515075416194,0.0531264103564649,0.0447186737290526,1.42569149727793,1.26546378658929
"875",0.177185795358111,0.071479447904469,0.0589466366966227,0.223828666344245,3.17571798270964
"876",0.111708089304884,0.0685893665079639,0.0506083994898843,0.479057578391576,3.57100098370781
"877",0.234915626087315,0.108937912961929,0.0728661700817577,0.127495042031146,9.16971559783062
"878",0.268258760193278,0.112989137242902,0.070420172181909,0.12873444485307,1.47198614660734e-08
"879",0.168845340498023,0.0741688817706695,0.0504588123094276,0.403950994834978,14.1644226300585
"880",0.179342962649554,0.107087419077617,0.0763045887434852,0.233065172444911,4.33001163530276
"881",0.149671695919621,0.0923374379352689,0.059531684536281,0.232598456315863,10.3354354219536
"882",0.209070843118532,0.102285964109132,0.0668340625775658,0.142768783223252,1.39415667465433
"883",0.159021941361748,0.094812232643582,0.0627085215002165,0.334578130394543,23.2714179395394
"884",0.175680685662642,0.111991445609593,0.0779711467531473,0.300385310825116,10.4558720818519
"885",0.124742557772042,0.0612534308978122,0.0470243307262762,0.223859256507631,1.96544154074601
"886",0.219168777891131,0.129280823151517,0.0836575853083421,0.21858185737359,3.56011353467994
"887",0.232013108358128,0.0926437418170342,0.069876183908004,0.0920966266894337,6.1224650096293
"888",0.172727786531742,0.0748999058468262,0.0646526672127962,0.109737733601131,3.30304477970211
"889",0.140260007482144,0.0797081940480837,0.0548463302556876,0.11350158838594,1.90082270962887
"890",0.177929894925414,0.0945632296363055,0.0561379204261473,0.322963327611254,2.32341416973974
"891",0.154583753350623,0.0850540324749081,0.0556673566358553,0.500556349165971,0.554038680192625
"892",0.155825458837618,0.0993542297049032,0.0751471867695381,0.160489399232465,1.55040498748961
"893",0.275121302461996,0.140603511129339,0.103838104282414,0.070702645675107,1.18447313054909e-07
"894",0.133809045931458,0.0870932377120959,0.0601611456704752,0.587858474564724,2.00511030782013
"895",0.115704585592315,0.0857313274756801,0.0615411973358254,0.462649459203504,1.85215457288099
"896",0.182069377401314,0.0884053524345951,0.0804952328488148,0.682444988707207,2.19311202585783e-08
"897",0.171007098144727,0.080299343347938,0.0551340297880427,0.294537897238868,7.89451780823514
"898",0.181914034757351,0.104264506598355,0.0763188513126103,0.289347550413776,2.79372646948745
"899",0.260074248766627,0.132571449049422,0.068712146263658,0.144365063957793,1.17092007968158e-08
"900",0.188001296294537,0.0679575541642755,0.0564616786014278,0.327347182744242,2.21991886019927
"901",0.132299159918101,0.0945308363363278,0.0683328249058946,0.280541369551504,2.39281118146717
"902",0.185830813029962,0.0742289754183171,0.0554159488770385,0.0508474509925276,4.04703699615848
"903",0.154145781619118,0.0671115455333332,0.0476116618267296,0.372392823096268,2.12574325052933
"904",0.106152267381771,0.0871627062830436,0.0573567507008662,0.180943591118274,0.412410899040012
"905",0.175358743366015,0.108929585153424,0.0684486591026644,0.326263885099739,8.98647639513051
"906",0.224288216074324,0.0974520633569217,0.0656256754372078,0.0858734093640868,1.84067480775784
"907",0.210915147978789,0.101277490179437,0.0678881164281623,0.0235548296235933,0.0003265310464481
"908",0.202757840050927,0.0859835062837538,0.0600995658900278,0.13059832632083,10.3573661809354
"909",0.179004210738365,0.115931562812091,0.079831717339007,1.08481394340171e-21,0.478623054447497
"910",0.143950321520181,0.0791989432086197,0.0615316736562065,0.1626272247565,1.33067483439991e-08
"911",0.191302945005871,0.0937497996983507,0.0569524880553663,0.393023430778052,12.8171258595903
"912",0.286943531559722,0.0897502218752982,0.0750841050653791,0.0471869739036293,1.95680293213411
"913",0.199105030924153,0.000125856294068557,0.0488464703836238,0.019459869591671,11.7153473279141
"914",0.196135679305192,0.0759508637368354,0.0597080110193498,0.267887709313701,4.49347006112439e-07
"915",0.126480601669146,0.0693373118624206,0.0549515699675154,0.126088611685037,7.01248185278958e-07
"916",0.111474114031443,0.0723537253391,0.0483397836212034,0.264498299266222,0.566438525605903
"917",0.174547520022129,0.0845137841632537,0.0548055142251868,0.153523819965255,0.333999702883934
"918",0.332173762117293,0.171871091016915,0.111887660991139,0.00432621514970149,16.5032704501544
"919",0.129462306703015,0.0873721601167922,0.0608465742241971,0.647639776789727,4.57310003161223
"920",0.172210531240195,0.00525633778454762,0.0434794109341072,0.0885594956139313,16.0672099402121
"921",0.139757637575823,0.0727039416530153,0.0504456427767902,0.910166205164578,5.1830256769294
"922",0.153875268063982,0.0962697993540736,0.061332091077098,0.238496515672399,0.858926890567501
"923",0.187975633995487,0.107766910281593,0.0701285113845168,0.147855583595197,0.240366570741201
"924",0.190970672756883,0.0848842027990185,0.0655246141086045,0.192633580215313,5.15634691151358
"925",0.120766859309112,0.0962339369457341,0.0738476559887987,0.988082216153417,0.475208373557661
"926",0.172817116070461,0.0800744901643816,0.059272906897144,0.15482110526394,4.4497478622731
"927",0.133727900912124,0.0935029521235581,0.0682351884044651,0.198954019772236,4.51174914075369
"928",0.128222473446789,0.0698003990312714,0.0486589886363418,0.477078389245266,1.16556393265701e-05
"929",0.189608290653551,0.107675802232602,0.0656815802013823,0.138766593345249,2.9894727834418
"930",0.16945976641273,0.0965319773295312,0.0560420408128474,0.288960595019882,2.94082108733929
"931",0.187933493696546,0.111432577694878,0.0657605295763922,0.659652750251692,5.53661480965439
"932",0.262027383040915,0.134364848107196,0.0806953367774822,0.0525023885493659,0.0588180872114482
"933",0.158736656227172,0.0747583835271978,0.0517598418722628,0.322403260182606,2.84907931023809e-08
"934",0.252943772732438,0.10892273319835,0.0739514859137731,0.0526812758310364,28.2276732338009
"935",0.184151106923701,0.0880659315437874,0.0632749360931509,0.0360608972974877,14.0130278629905
"936",0.225939138206019,0.135351779711069,0.0625233746168012,0.12746692369114,1.80142599291807
"937",0.226155774854356,0.0989031410768976,0.072384344236132,0.180256334885113,4.12540552461394
"938",0.2556122719986,0.0980315539992089,0.0935159330610944,0.0684310817781475,2.01243443313709
"939",0.143298535077108,0.0729499808411466,0.0512671082250518,0.17715185606184,3.99726070427813
"940",0.193644768747122,0.099552030527533,0.0652028532400308,0.504629807678187,2.28434149971824
"941",0.30284922260722,0.110483583477698,0.0737464949936008,0.14364172092617,13.4328347711444
"942",0.170197470871467,0.0757944546457017,0.053395839176457,0.172394521361013,7.91077368263256
"943",0.178010546112251,0.00315430995137211,0.0440691220530186,0.10605138631747,3.62080726817327
"944",0.154561417338453,0.0663526166990819,0.0517919023121805,0.374731380130838,1.57537339639473e-07
"945",0.163984758524982,0.0996949225266799,0.0856613314299025,0.410629576429896,12.4327532390945
"946",0.160318379102042,0.101746890538193,0.07111698921725,0.331182937405267,4.58900422658048
"947",0.205357064537415,0.0901180578266727,0.0740360324757856,0.282513066026029,3.75959893543815e-11
"948",0.108363118243071,0.0697185131374784,0.0533700279119021,0.594342180454021,16.349862634785
"949",0.185980303432509,0.0786307439647011,0.0716890659819974,0.0260510432536559,1.74000269219751
"950",0.164959017678336,0.0867737698044015,0.0542704213430227,0.197153444635525,0.28432539840334
"951",0.193358496542494,0.0971112723419924,0.0645537551345552,0.118156064444334,5.05005002208581
"952",0.209957935309438,0.0856609521798096,0.0693352321507553,0.0903190447265217,0.571514531928023
"953",0.158444175296393,0.085534484126843,0.0634588008959859,0.282047175268292,1.31649001791094
"954",0.233470222249245,0.0873450503765292,0.0610939593177896,0.163039616473497,4.76729969152197
"955",0.122269691595001,0.0815621937692459,0.0566518335591027,0.189545538945915,0.000180207910572354
"956",0.183363572490672,0.100740162628254,0.0750508838197453,0.0903847085948362,5.97068081595275
"957",0.189902433564582,0.0856035544346467,0.0561408595801905,0.170350867248027,2.61260521044866
"958",0.124019520562197,0.0606350635949369,0.0525146521134008,1.76036930828847,7.59006178683913
"959",0.201652021910968,0.104421156662312,0.0788684247670639,0.746726424271045,0.747270503725608
"960",0.159239110264191,0.0956609217431361,0.0646483840216017,0.204306798455941,4.30168362537803
"961",0.146640884734736,0.105316924892502,0.077408673995355,0.292830894522098,0.510272057995641
"962",0.190233832219308,0.0907751086002975,0.0693919883595256,0.526848148385391,0.347596202215099
"963",0.103258250608768,0.0643490854632743,0.0562138191011711,0.574567628629257,7.42403771556371
"964",0.16788524144243,0.0787333224836528,0.0581180661252053,0.243600448386306,1.10078460397987
"965",0.237852058654926,0.0875690627821563,0.0609227801825956,0.233104712109838,5.28003081216783
"966",0.160237933660782,0.076024713295292,0.0585628749962584,0.247392312832426,1.73692898141054
"967",0.190526759088417,0.126745761241038,0.0912954406264752,0.151475096458129,0.964733093524082
"968",0.149338820772763,0.0746464606415649,0.0583614094566089,0.234873005164006,9.8087479493438
"969",0.135471985490739,0.0871659741963784,0.064370662950819,0.236186944595768,0.865414506166003
"970",0.17908463763218,0.0859509206778749,0.0726315308003351,0.217372905963911,10.2293291871789
"971",0.148586041065332,0.0770412018457098,0.0613606153107689,0.150698251986952,0.737421872054984
"972",0.171786744868978,0.0998574329744061,0.0611901279322782,0.402848599239074,29.3444163748775
"973",0.0789512511303439,0.0488023665260643,0.0388729878332354,0.786745289392874,1.11718933290389e-09
"974",0.224037324475153,0.111849457356109,0.0702726342201727,0.31018233183075,5.65185797810701
"975",0.164077016429056,0.0855610060988002,0.060857339343355,0.120823151157674,0.177096777941897
"976",0.195209959701487,0.100240728682633,0.0685225980443767,0.0586369059262498,0.150731823419185
"977",0.17856538443963,0.0959907654383274,0.0701304672010385,0.404891938610834,5.13065266270832
"978",0.189014095525057,0.132280163441101,0.0896602044379132,0.141528231900448,1.06393851619424e-07
"979",0.23365274192972,0.116179944435009,0.0764997141447612,0.0870053249851353,1.54846324963773
"980",0.189289013617736,0.10147553522598,0.0804493395932358,0.138402472418153,15.5871279909478
"981",0.136130005686736,0.126275855938199,0.0845287792217846,0.28220929455245,0.378164989925692
"982",0.200532277061576,0.0713638882726117,0.0618535766807535,0.455407325030453,10.0625086591112
"983",0.0926915563198013,0.0843735022067555,0.0718588332992635,1.00804763786932,46.0165277829893
"984",0.124743544341177,0.0729307437649682,0.0516567401718925,0.406115961593175,0.551218328857247
"985",0.179537147526816,0.00294618875711134,0.0540360158601786,0.00871335052080316,23.2539416323932
"986",0.11882190519066,0.0772932740432342,0.0613428274668559,0.164903921404173,3.86713463123401
"987",0.204029057990043,0.0875473112528881,0.0601776620396937,0.143113786367135,4.48271812167098
"988",0.161422631378855,0.0738334973721238,0.0713107824990367,0.792216203946009,5.84258868479551
"989",0.128575346660265,0.0756913207023844,0.063400733225693,0.981175009389176,0.240787132306767
"990",0.190247508923715,0.0874807928654909,0.0614186080629354,0.00933455421724649,9.36612178650661
"991",0.186876054815311,0.0750444330354283,0.0620053092798253,0.340048050743636,8.64377051879102
"992",0.14140946978741,0.0769208894863914,0.0541637238128905,0.833829113372715,6.04405062984891
"993",0.211661926917908,0.0126084549426997,0.0536181437780426,0.0295402194217343,5.57640972380808
"994",0.154913792546072,0.0711598769175112,0.0534903917208328,0.520340536855506,4.72197151139534
"995",0.134635405537059,0.069009579238821,0.0514847966202434,0.29270731413809,6.79623088542779
"996",0.208627569174787,0.10293741642166,0.0765209305050781,0.138977258528032,1.81078235378512
"997",0.230770312633231,0.110536215996828,0.0960945627197723,0.127588849851196,0.170328482754865
"998",0.0946388673440428,0.0669543608125473,0.0501213214002255,0.621731268375371,2.33100221434701
"999",0.276653493782801,0.134421241681684,0.0900309494609897,0.016695197640558,5.81662580690352
"1000",0.295130249678078,0.130898162156392,0.0989297296510998,0.190986486129559,4.86576359586369
